id_reporte,id_sensor,num_reporte,id_cruce,direccion,latitud,longitud,nombre_comuna,limite_velocidad,velocidad,exceso_velocidad
1,S-402,1,402,CR 65  CL 20,6.2227225,-75.58435269,GUAYABAL,50,68,True
2,S-402,2,402,CR 65  CL 20,6.2227225,-75.58435269,GUAYABAL,50,58,True
3,S-402,3,402,CR 65  CL 20,6.2227225,-75.58435269,GUAYABAL,50,44,False
4,S-402,4,402,CR 65  CL 20,6.2227225,-75.58435269,GUAYABAL,50,72,True
5,S-402,5,402,CR 65  CL 20,6.2227225,-75.58435269,GUAYABAL,50,37,False
6,S-402,6,402,CR 65  CL 20,6.2227225,-75.58435269,GUAYABAL,50,50,False
7,S-402,7,402,CR 65  CL 20,6.2227225,-75.58435269,GUAYABAL,50,68,True
8,S-402,8,402,CR 65  CL 20,6.2227225,-75.58435269,GUAYABAL,50,48,False
9,S-402,9,402,CR 65  CL 20,6.2227225,-75.58435269,GUAYABAL,50,52,True
10,S-402,10,402,CR 65  CL 20,6.2227225,-75.58435269,GUAYABAL,50,40,False
11,S-403,1,403,CR 65  CL 25,6.2266153,-75.58356855,GUAYABAL,50,40,False
12,S-403,2,403,CR 65  CL 25,6.2266153,-75.58356855,GUAYABAL,50,53,True
13,S-403,3,403,CR 65  CL 25,6.2266153,-75.58356855,GUAYABAL,50,65,True
14,S-403,4,403,CR 65  CL 25,6.2266153,-75.58356855,GUAYABAL,50,69,True
15,S-403,5,403,CR 65  CL 25,6.2266153,-75.58356855,GUAYABAL,50,53,True
16,S-403,6,403,CR 65  CL 25,6.2266153,-75.58356855,GUAYABAL,50,32,False
17,S-403,7,403,CR 65  CL 25,6.2266153,-75.58356855,GUAYABAL,50,51,True
18,S-403,8,403,CR 65  CL 25,6.2266153,-75.58356855,GUAYABAL,50,31,False
19,S-403,9,403,CR 65  CL 25,6.2266153,-75.58356855,GUAYABAL,50,53,True
20,S-403,10,403,CR 65  CL 25,6.2266153,-75.58356855,GUAYABAL,50,73,True
21,S-404,1,404,CR 65  CL 30Cost NORTE,6.23203742,-75.58277629,BELEN,50,59,True
22,S-404,2,404,CR 65  CL 30Cost NORTE,6.23203742,-75.58277629,BELEN,50,67,True
23,S-404,3,404,CR 65  CL 30Cost NORTE,6.23203742,-75.58277629,BELEN,50,31,False
24,S-404,4,404,CR 65  CL 30Cost NORTE,6.23203742,-75.58277629,BELEN,50,50,False
25,S-404,5,404,CR 65  CL 30Cost NORTE,6.23203742,-75.58277629,BELEN,50,62,True
26,S-404,6,404,CR 65  CL 30Cost NORTE,6.23203742,-75.58277629,BELEN,50,41,False
27,S-404,7,404,CR 65  CL 30Cost NORTE,6.23203742,-75.58277629,BELEN,50,51,True
28,S-404,8,404,CR 65  CL 30Cost NORTE,6.23203742,-75.58277629,BELEN,50,73,True
29,S-404,9,404,CR 65  CL 30Cost NORTE,6.23203742,-75.58277629,BELEN,50,54,True
30,S-404,10,404,CR 65  CL 30Cost NORTE,6.23203742,-75.58277629,BELEN,50,78,True
31,S-412,1,412,CR 65  CL 47 D,6.2527152,-75.58255718,LAURELES,50,56,True
32,S-412,2,412,CR 65  CL 47 D,6.2527152,-75.58255718,LAURELES,50,71,True
33,S-412,3,412,CR 65  CL 47 D,6.2527152,-75.58255718,LAURELES,50,57,True
34,S-412,4,412,CR 65  CL 47 D,6.2527152,-75.58255718,LAURELES,50,45,False
35,S-412,5,412,CR 65  CL 47 D,6.2527152,-75.58255718,LAURELES,50,44,False
36,S-412,6,412,CR 65  CL 47 D,6.2527152,-75.58255718,LAURELES,50,76,True
37,S-412,7,412,CR 65  CL 47 D,6.2527152,-75.58255718,LAURELES,50,80,True
38,S-412,8,412,CR 65  CL 47 D,6.2527152,-75.58255718,LAURELES,50,73,True
39,S-412,9,412,CR 65  CL 47 D,6.2527152,-75.58255718,LAURELES,50,32,False
40,S-412,10,412,CR 65  CL 47 D,6.2527152,-75.58255718,LAURELES,50,66,True
41,S-413,1,413,CR 65  CL 48,6.25319987,-75.58242679,LAURELES,50,80,True
42,S-413,2,413,CR 65  CL 48,6.25319987,-75.58242679,LAURELES,50,36,False
43,S-413,3,413,CR 65  CL 48,6.25319987,-75.58242679,LAURELES,50,50,False
44,S-413,4,413,CR 65  CL 48,6.25319987,-75.58242679,LAURELES,50,38,False
45,S-413,5,413,CR 65  CL 48,6.25319987,-75.58242679,LAURELES,50,68,True
46,S-413,6,413,CR 65  CL 48,6.25319987,-75.58242679,LAURELES,50,47,False
47,S-413,7,413,CR 65  CL 48,6.25319987,-75.58242679,LAURELES,50,33,False
48,S-413,8,413,CR 65  CL 48,6.25319987,-75.58242679,LAURELES,50,54,True
49,S-413,9,413,CR 65  CL 48,6.25319987,-75.58242679,LAURELES,50,43,False
50,S-413,10,413,CR 65  CL 48,6.25319987,-75.58242679,LAURELES,50,79,True
51,S-414,1,414,CR 65  CL 49 B,6.25551713,-75.5813021,LAURELES,50,38,False
52,S-414,2,414,CR 65  CL 49 B,6.25551713,-75.5813021,LAURELES,50,55,True
53,S-414,3,414,CR 65  CL 49 B,6.25551713,-75.5813021,LAURELES,50,31,False
54,S-414,4,414,CR 65  CL 49 B,6.25551713,-75.5813021,LAURELES,50,49,False
55,S-414,5,414,CR 65  CL 49 B,6.25551713,-75.5813021,LAURELES,50,57,True
56,S-414,6,414,CR 65  CL 49 B,6.25551713,-75.5813021,LAURELES,50,76,True
57,S-414,7,414,CR 65  CL 49 B,6.25551713,-75.5813021,LAURELES,50,36,False
58,S-414,8,414,CR 65  CL 49 B,6.25551713,-75.5813021,LAURELES,50,73,True
59,S-414,9,414,CR 65  CL 49 B,6.25551713,-75.5813021,LAURELES,50,37,False
60,S-414,10,414,CR 65  CL 49 B,6.25551713,-75.5813021,LAURELES,50,76,True
61,S-415,1,415,CR 65  CL 5,6.21280077,-75.58674841,,50,64,True
62,S-415,2,415,CR 65  CL 5,6.21280077,-75.58674841,,50,43,False
63,S-415,3,415,CR 65  CL 5,6.21280077,-75.58674841,,50,46,False
64,S-415,4,415,CR 65  CL 5,6.21280077,-75.58674841,,50,65,True
65,S-415,5,415,CR 65  CL 5,6.21280077,-75.58674841,,50,79,True
66,S-415,6,415,CR 65  CL 5,6.21280077,-75.58674841,,50,69,True
67,S-415,7,415,CR 65  CL 5,6.21280077,-75.58674841,,50,33,False
68,S-415,8,415,CR 65  CL 5,6.21280077,-75.58674841,,50,31,False
69,S-415,9,415,CR 65  CL 5,6.21280077,-75.58674841,,50,35,False
70,S-415,10,415,CR 65  CL 5,6.21280077,-75.58674841,,50,71,True
71,S-416,1,416,CR 65  CL 50,6.25604422,-75.5810902,LAURELES,50,33,False
72,S-416,2,416,CR 65  CL 50,6.25604422,-75.5810902,LAURELES,50,58,True
73,S-416,3,416,CR 65  CL 50,6.25604422,-75.5810902,LAURELES,50,47,False
74,S-416,4,416,CR 65  CL 50,6.25604422,-75.5810902,LAURELES,50,55,True
75,S-416,5,416,CR 65  CL 50,6.25604422,-75.5810902,LAURELES,50,73,True
76,S-416,6,416,CR 65  CL 50,6.25604422,-75.5810902,LAURELES,50,63,True
77,S-416,7,416,CR 65  CL 50,6.25604422,-75.5810902,LAURELES,50,39,False
78,S-416,8,416,CR 65  CL 50,6.25604422,-75.5810902,LAURELES,50,65,True
79,S-416,9,416,CR 65  CL 50,6.25604422,-75.5810902,LAURELES,50,43,False
80,S-416,10,416,CR 65  CL 50,6.25604422,-75.5810902,LAURELES,50,60,True
81,S-417,1,417,CR 65  CL 51,6.25658273,-75.580862,LAURELES,50,77,True
82,S-417,2,417,CR 65  CL 51,6.25658273,-75.580862,LAURELES,50,44,False
83,S-417,3,417,CR 65  CL 51,6.25658273,-75.580862,LAURELES,50,37,False
84,S-417,4,417,CR 65  CL 51,6.25658273,-75.580862,LAURELES,50,43,False
85,S-417,5,417,CR 65  CL 51,6.25658273,-75.580862,LAURELES,50,52,True
86,S-417,6,417,CR 65  CL 51,6.25658273,-75.580862,LAURELES,50,69,True
87,S-417,7,417,CR 65  CL 51,6.25658273,-75.580862,LAURELES,50,50,False
88,S-417,8,417,CR 65  CL 51,6.25658273,-75.580862,LAURELES,50,45,False
89,S-417,9,417,CR 65  CL 51,6.25658273,-75.580862,LAURELES,50,74,True
90,S-417,10,417,CR 65  CL 51,6.25658273,-75.580862,LAURELES,50,47,False
91,S-418,1,418,CR 65  CL 55,6.25856176,-75.58017758,LAURELES,50,76,True
92,S-418,2,418,CR 65  CL 55,6.25856176,-75.58017758,LAURELES,50,53,True
93,S-418,3,418,CR 65  CL 55,6.25856176,-75.58017758,LAURELES,50,55,True
94,S-418,4,418,CR 65  CL 55,6.25856176,-75.58017758,LAURELES,50,54,True
95,S-418,5,418,CR 65  CL 55,6.25856176,-75.58017758,LAURELES,50,74,True
96,S-418,6,418,CR 65  CL 55,6.25856176,-75.58017758,LAURELES,50,70,True
97,S-418,7,418,CR 65  CL 55,6.25856176,-75.58017758,LAURELES,50,58,True
98,S-418,8,418,CR 65  CL 55,6.25856176,-75.58017758,LAURELES,50,44,False
99,S-418,9,418,CR 65  CL 55,6.25856176,-75.58017758,LAURELES,50,74,True
100,S-418,10,418,CR 65  CL 55,6.25856176,-75.58017758,LAURELES,50,30,False
101,S-419,1,419,CR 65  CL 57,6.25886378,-75.57996076,LAURELES,50,54,True
102,S-419,2,419,CR 65  CL 57,6.25886378,-75.57996076,LAURELES,50,36,False
103,S-419,3,419,CR 65  CL 57,6.25886378,-75.57996076,LAURELES,50,38,False
104,S-419,4,419,CR 65  CL 57,6.25886378,-75.57996076,LAURELES,50,53,True
105,S-419,5,419,CR 65  CL 57,6.25886378,-75.57996076,LAURELES,50,30,False
106,S-419,6,419,CR 65  CL 57,6.25886378,-75.57996076,LAURELES,50,73,True
107,S-419,7,419,CR 65  CL 57,6.25886378,-75.57996076,LAURELES,50,37,False
108,S-419,8,419,CR 65  CL 57,6.25886378,-75.57996076,LAURELES,50,53,True
109,S-419,9,419,CR 65  CL 57,6.25886378,-75.57996076,LAURELES,50,40,False
110,S-419,10,419,CR 65  CL 57,6.25886378,-75.57996076,LAURELES,50,80,True
111,S-421,1,421,CR 65  CL 80,6.27639417,-75.57347015,,50,46,False
112,S-421,2,421,CR 65  CL 80,6.27639417,-75.57347015,,50,37,False
113,S-421,3,421,CR 65  CL 80,6.27639417,-75.57347015,,50,64,True
114,S-421,4,421,CR 65  CL 80,6.27639417,-75.57347015,,50,64,True
115,S-421,5,421,CR 65  CL 80,6.27639417,-75.57347015,,50,62,True
116,S-421,6,421,CR 65  CL 80,6.27639417,-75.57347015,,50,34,False
117,S-421,7,421,CR 65  CL 80,6.27639417,-75.57347015,,50,71,True
118,S-421,8,421,CR 65  CL 80,6.27639417,-75.57347015,,50,68,True
119,S-421,9,421,CR 65  CL 80,6.27639417,-75.57347015,,50,70,True
120,S-421,10,421,CR 65  CL 80,6.27639417,-75.57347015,,50,57,True
121,S-422,1,422,CR 65  CL 81 - ANFITEATRO,6.27859847,-75.57278334,CASTILLA,50,36,False
122,S-422,2,422,CR 65  CL 81 - ANFITEATRO,6.27859847,-75.57278334,CASTILLA,50,38,False
123,S-422,3,422,CR 65  CL 81 - ANFITEATRO,6.27859847,-75.57278334,CASTILLA,50,37,False
124,S-422,4,422,CR 65  CL 81 - ANFITEATRO,6.27859847,-75.57278334,CASTILLA,50,41,False
125,S-422,5,422,CR 65  CL 81 - ANFITEATRO,6.27859847,-75.57278334,CASTILLA,50,63,True
126,S-422,6,422,CR 65  CL 81 - ANFITEATRO,6.27859847,-75.57278334,CASTILLA,50,62,True
127,S-422,7,422,CR 65  CL 81 - ANFITEATRO,6.27859847,-75.57278334,CASTILLA,50,77,True
128,S-422,8,422,CR 65  CL 81 - ANFITEATRO,6.27859847,-75.57278334,CASTILLA,50,52,True
129,S-422,9,422,CR 65  CL 81 - ANFITEATRO,6.27859847,-75.57278334,CASTILLA,50,53,True
130,S-422,10,422,CR 65  CL 81 - ANFITEATRO,6.27859847,-75.57278334,CASTILLA,50,66,True
131,S-423,1,423,CR 65  CL 89,6.28228814,-75.57207466,CASTILLA,50,64,True
132,S-423,2,423,CR 65  CL 89,6.28228814,-75.57207466,CASTILLA,50,73,True
133,S-423,3,423,CR 65  CL 89,6.28228814,-75.57207466,CASTILLA,50,69,True
134,S-423,4,423,CR 65  CL 89,6.28228814,-75.57207466,CASTILLA,50,51,True
135,S-423,5,423,CR 65  CL 89,6.28228814,-75.57207466,CASTILLA,50,56,True
136,S-423,6,423,CR 65  CL 89,6.28228814,-75.57207466,CASTILLA,50,64,True
137,S-423,7,423,CR 65  CL 89,6.28228814,-75.57207466,CASTILLA,50,30,False
138,S-423,8,423,CR 65  CL 89,6.28228814,-75.57207466,CASTILLA,50,64,True
139,S-423,9,423,CR 65  CL 89,6.28228814,-75.57207466,CASTILLA,50,66,True
140,S-423,10,423,CR 65  CL 89,6.28228814,-75.57207466,CASTILLA,50,76,True
141,S-424,1,424,CR 65  CL 91 C,6.2835787,-75.5717042,CASTILLA,50,43,False
142,S-424,2,424,CR 65  CL 91 C,6.2835787,-75.5717042,CASTILLA,50,32,False
143,S-424,3,424,CR 65  CL 91 C,6.2835787,-75.5717042,CASTILLA,50,30,False
144,S-424,4,424,CR 65  CL 91 C,6.2835787,-75.5717042,CASTILLA,50,34,False
145,S-424,5,424,CR 65  CL 91 C,6.2835787,-75.5717042,CASTILLA,50,55,True
146,S-424,6,424,CR 65  CL 91 C,6.2835787,-75.5717042,CASTILLA,50,43,False
147,S-424,7,424,CR 65  CL 91 C,6.2835787,-75.5717042,CASTILLA,50,68,True
148,S-424,8,424,CR 65  CL 91 C,6.2835787,-75.5717042,CASTILLA,50,56,True
149,S-424,9,424,CR 65  CL 91 C,6.2835787,-75.5717042,CASTILLA,50,38,False
150,S-424,10,424,CR 65  CL 91 C,6.2835787,-75.5717042,CASTILLA,50,44,False
151,S-425,1,425,CR 65  CL 93,6.28645381,-75.57041738,CASTILLA,50,44,False
152,S-425,2,425,CR 65  CL 93,6.28645381,-75.57041738,CASTILLA,50,55,True
153,S-425,3,425,CR 65  CL 93,6.28645381,-75.57041738,CASTILLA,50,71,True
154,S-425,4,425,CR 65  CL 93,6.28645381,-75.57041738,CASTILLA,50,42,False
155,S-425,5,425,CR 65  CL 93,6.28645381,-75.57041738,CASTILLA,50,80,True
156,S-425,6,425,CR 65  CL 93,6.28645381,-75.57041738,CASTILLA,50,61,True
157,S-425,7,425,CR 65  CL 93,6.28645381,-75.57041738,CASTILLA,50,68,True
158,S-425,8,425,CR 65  CL 93,6.28645381,-75.57041738,CASTILLA,50,78,True
159,S-425,9,425,CR 65  CL 93,6.28645381,-75.57041738,CASTILLA,50,61,True
160,S-425,10,425,CR 65  CL 93,6.28645381,-75.57041738,CASTILLA,50,33,False
161,S-426,1,426,CR 65  CL 96,6.29040674,-75.56986121,CASTILLA,50,59,True
162,S-426,2,426,CR 65  CL 96,6.29040674,-75.56986121,CASTILLA,50,66,True
163,S-426,3,426,CR 65  CL 96,6.29040674,-75.56986121,CASTILLA,50,52,True
164,S-426,4,426,CR 65  CL 96,6.29040674,-75.56986121,CASTILLA,50,68,True
165,S-426,5,426,CR 65  CL 96,6.29040674,-75.56986121,CASTILLA,50,74,True
166,S-426,6,426,CR 65  CL 96,6.29040674,-75.56986121,CASTILLA,50,44,False
167,S-426,7,426,CR 65  CL 96,6.29040674,-75.56986121,CASTILLA,50,72,True
168,S-426,8,426,CR 65  CL 96,6.29040674,-75.56986121,CASTILLA,50,58,True
169,S-426,9,426,CR 65  CL 96,6.29040674,-75.56986121,CASTILLA,50,65,True
170,S-426,10,426,CR 65  CL 96,6.29040674,-75.56986121,CASTILLA,50,42,False
171,S-427,1,427,CR 65  CL 97,6.29164727,-75.56957802,CASTILLA,50,61,True
172,S-427,2,427,CR 65  CL 97,6.29164727,-75.56957802,CASTILLA,50,36,False
173,S-427,3,427,CR 65  CL 97,6.29164727,-75.56957802,CASTILLA,50,80,True
174,S-427,4,427,CR 65  CL 97,6.29164727,-75.56957802,CASTILLA,50,51,True
175,S-427,5,427,CR 65  CL 97,6.29164727,-75.56957802,CASTILLA,50,57,True
176,S-427,6,427,CR 65  CL 97,6.29164727,-75.56957802,CASTILLA,50,31,False
177,S-427,7,427,CR 65  CL 97,6.29164727,-75.56957802,CASTILLA,50,71,True
178,S-427,8,427,CR 65  CL 97,6.29164727,-75.56957802,CASTILLA,50,74,True
179,S-427,9,427,CR 65  CL 97,6.29164727,-75.56957802,CASTILLA,50,35,False
180,S-427,10,427,CR 65  CL 97,6.29164727,-75.56957802,CASTILLA,50,57,True
181,S-428,1,428,CR 65  CL 98,6.2930559,-75.56921922,CASTILLA,50,57,True
182,S-428,2,428,CR 65  CL 98,6.2930559,-75.56921922,CASTILLA,50,73,True
183,S-428,3,428,CR 65  CL 98,6.2930559,-75.56921922,CASTILLA,50,73,True
184,S-428,4,428,CR 65  CL 98,6.2930559,-75.56921922,CASTILLA,50,49,False
185,S-428,5,428,CR 65  CL 98,6.2930559,-75.56921922,CASTILLA,50,59,True
186,S-428,6,428,CR 65  CL 98,6.2930559,-75.56921922,CASTILLA,50,40,False
187,S-428,7,428,CR 65  CL 98,6.2930559,-75.56921922,CASTILLA,50,57,True
188,S-428,8,428,CR 65  CL 98,6.2930559,-75.56921922,CASTILLA,50,54,True
189,S-428,9,428,CR 65  CL 98,6.2930559,-75.56921922,CASTILLA,50,68,True
190,S-428,10,428,CR 65  CL 98,6.2930559,-75.56921922,CASTILLA,50,62,True
191,S-429,1,429,CR 65  CL 98 A,6.29399264,-75.56875561,CASTILLA,50,30,False
192,S-429,2,429,CR 65  CL 98 A,6.29399264,-75.56875561,CASTILLA,50,56,True
193,S-429,3,429,CR 65  CL 98 A,6.29399264,-75.56875561,CASTILLA,50,42,False
194,S-429,4,429,CR 65  CL 98 A,6.29399264,-75.56875561,CASTILLA,50,70,True
195,S-429,5,429,CR 65  CL 98 A,6.29399264,-75.56875561,CASTILLA,50,32,False
196,S-429,6,429,CR 65  CL 98 A,6.29399264,-75.56875561,CASTILLA,50,68,True
197,S-429,7,429,CR 65  CL 98 A,6.29399264,-75.56875561,CASTILLA,50,35,False
198,S-429,8,429,CR 65  CL 98 A,6.29399264,-75.56875561,CASTILLA,50,37,False
199,S-429,9,429,CR 65  CL 98 A,6.29399264,-75.56875561,CASTILLA,50,56,True
200,S-429,10,429,CR 65  CL 98 A,6.29399264,-75.56875561,CASTILLA,50,38,False
201,S-432,1,432,CR 65  TV 78,6.27538842,-75.57374384,CASTILLA,50,66,True
202,S-432,2,432,CR 65  TV 78,6.27538842,-75.57374384,CASTILLA,50,62,True
203,S-432,3,432,CR 65  TV 78,6.27538842,-75.57374384,CASTILLA,50,80,True
204,S-432,4,432,CR 65  TV 78,6.27538842,-75.57374384,CASTILLA,50,71,True
205,S-432,5,432,CR 65  TV 78,6.27538842,-75.57374384,CASTILLA,50,73,True
206,S-432,6,432,CR 65  TV 78,6.27538842,-75.57374384,CASTILLA,50,53,True
207,S-432,7,432,CR 65  TV 78,6.27538842,-75.57374384,CASTILLA,50,44,False
208,S-432,8,432,CR 65  TV 78,6.27538842,-75.57374384,CASTILLA,50,61,True
209,S-432,9,432,CR 65  TV 78,6.27538842,-75.57374384,CASTILLA,50,61,True
210,S-432,10,432,CR 65  TV 78,6.27538842,-75.57374384,CASTILLA,50,53,True
211,S-436,1,436,CR 66 A  CL 49 BPEATONAL EXITO,6.25621862,-75.58274391,LAURELES,50,70,True
212,S-436,2,436,CR 66 A  CL 49 BPEATONAL EXITO,6.25621862,-75.58274391,LAURELES,50,78,True
213,S-436,3,436,CR 66 A  CL 49 BPEATONAL EXITO,6.25621862,-75.58274391,LAURELES,50,78,True
214,S-436,4,436,CR 66 A  CL 49 BPEATONAL EXITO,6.25621862,-75.58274391,LAURELES,50,41,False
215,S-436,5,436,CR 66 A  CL 49 BPEATONAL EXITO,6.25621862,-75.58274391,LAURELES,50,68,True
216,S-436,6,436,CR 66 A  CL 49 BPEATONAL EXITO,6.25621862,-75.58274391,LAURELES,50,31,False
217,S-436,7,436,CR 66 A  CL 49 BPEATONAL EXITO,6.25621862,-75.58274391,LAURELES,50,32,False
218,S-436,8,436,CR 66 A  CL 49 BPEATONAL EXITO,6.25621862,-75.58274391,LAURELES,50,78,True
219,S-436,9,436,CR 66 A  CL 49 BPEATONAL EXITO,6.25621862,-75.58274391,LAURELES,50,66,True
220,S-436,10,436,CR 66 A  CL 49 BPEATONAL EXITO,6.25621862,-75.58274391,LAURELES,50,78,True
221,S-437,1,437,CR 66 B  CL 30,6.23163471,-75.58728514,,50,46,False
222,S-437,2,437,CR 66 B  CL 30,6.23163471,-75.58728514,,50,78,True
223,S-437,3,437,CR 66 B  CL 30,6.23163471,-75.58728514,,50,31,False
224,S-437,4,437,CR 66 B  CL 30,6.23163471,-75.58728514,,50,31,False
225,S-437,5,437,CR 66 B  CL 30,6.23163471,-75.58728514,,50,57,True
226,S-437,6,437,CR 66 B  CL 30,6.23163471,-75.58728514,,50,52,True
227,S-437,7,437,CR 66 B  CL 30,6.23163471,-75.58728514,,50,66,True
228,S-437,8,437,CR 66 B  CL 30,6.23163471,-75.58728514,,50,61,True
229,S-437,9,437,CR 66 B  CL 30,6.23163471,-75.58728514,,50,62,True
230,S-437,10,437,CR 66 B  CL 30,6.23163471,-75.58728514,,50,30,False
231,S-438,1,438,CR 66 B  CL 30 A,6.23242494,-75.58730864,BELEN,50,48,False
232,S-438,2,438,CR 66 B  CL 30 A,6.23242494,-75.58730864,BELEN,50,31,False
233,S-438,3,438,CR 66 B  CL 30 A,6.23242494,-75.58730864,BELEN,50,73,True
234,S-438,4,438,CR 66 B  CL 30 A,6.23242494,-75.58730864,BELEN,50,55,True
235,S-438,5,438,CR 66 B  CL 30 A,6.23242494,-75.58730864,BELEN,50,61,True
236,S-438,6,438,CR 66 B  CL 30 A,6.23242494,-75.58730864,BELEN,50,35,False
237,S-438,7,438,CR 66 B  CL 30 A,6.23242494,-75.58730864,BELEN,50,61,True
238,S-438,8,438,CR 66 B  CL 30 A,6.23242494,-75.58730864,BELEN,50,33,False
239,S-438,9,438,CR 66 B  CL 30 A,6.23242494,-75.58730864,BELEN,50,40,False
240,S-438,10,438,CR 66 B  CL 30 A,6.23242494,-75.58730864,BELEN,50,46,False
241,S-440,1,440,CR 66 B  CL 32 FSur,6.23816165,-75.58746491,BELEN,50,67,True
242,S-440,2,440,CR 66 B  CL 32 FSur,6.23816165,-75.58746491,BELEN,50,53,True
243,S-440,3,440,CR 66 B  CL 32 FSur,6.23816165,-75.58746491,BELEN,50,34,False
244,S-440,4,440,CR 66 B  CL 32 FSur,6.23816165,-75.58746491,BELEN,50,63,True
245,S-440,5,440,CR 66 B  CL 32 FSur,6.23816165,-75.58746491,BELEN,50,35,False
246,S-440,6,440,CR 66 B  CL 32 FSur,6.23816165,-75.58746491,BELEN,50,51,True
247,S-440,7,440,CR 66 B  CL 32 FSur,6.23816165,-75.58746491,BELEN,50,40,False
248,S-440,8,440,CR 66 B  CL 32 FSur,6.23816165,-75.58746491,BELEN,50,77,True
249,S-440,9,440,CR 66 B  CL 32 FSur,6.23816165,-75.58746491,BELEN,50,45,False
250,S-440,10,440,CR 66 B  CL 32 FSur,6.23816165,-75.58746491,BELEN,50,62,True
251,S-439,1,439,CR 66 B  CL 32 FNorte,6.23871648,-75.58746493,BELEN,50,38,False
252,S-439,2,439,CR 66 B  CL 32 FNorte,6.23871648,-75.58746493,BELEN,50,35,False
253,S-439,3,439,CR 66 B  CL 32 FNorte,6.23871648,-75.58746493,BELEN,50,45,False
254,S-439,4,439,CR 66 B  CL 32 FNorte,6.23871648,-75.58746493,BELEN,50,58,True
255,S-439,5,439,CR 66 B  CL 32 FNorte,6.23871648,-75.58746493,BELEN,50,32,False
256,S-439,6,439,CR 66 B  CL 32 FNorte,6.23871648,-75.58746493,BELEN,50,49,False
257,S-439,7,439,CR 66 B  CL 32 FNorte,6.23871648,-75.58746493,BELEN,50,65,True
258,S-439,8,439,CR 66 B  CL 32 FNorte,6.23871648,-75.58746493,BELEN,50,48,False
259,S-439,9,439,CR 66 B  CL 32 FNorte,6.23871648,-75.58746493,BELEN,50,55,True
260,S-439,10,439,CR 66 B  CL 32 FNorte,6.23871648,-75.58746493,BELEN,50,32,False
261,S-443,1,443,CR 67  CL 104,6.30104703,-75.56727631,CASTILLA,50,48,False
262,S-443,2,443,CR 67  CL 104,6.30104703,-75.56727631,CASTILLA,50,49,False
263,S-443,3,443,CR 67  CL 104,6.30104703,-75.56727631,CASTILLA,50,61,True
264,S-443,4,443,CR 67  CL 104,6.30104703,-75.56727631,CASTILLA,50,36,False
265,S-443,5,443,CR 67  CL 104,6.30104703,-75.56727631,CASTILLA,50,70,True
266,S-443,6,443,CR 67  CL 104,6.30104703,-75.56727631,CASTILLA,50,62,True
267,S-443,7,443,CR 67  CL 104,6.30104703,-75.56727631,CASTILLA,50,69,True
268,S-443,8,443,CR 67  CL 104,6.30104703,-75.56727631,CASTILLA,50,68,True
269,S-443,9,443,CR 67  CL 104,6.30104703,-75.56727631,CASTILLA,50,47,False
270,S-443,10,443,CR 67  CL 104,6.30104703,-75.56727631,CASTILLA,50,69,True
271,S-444,1,444,CR 67  CL 49 B,6.25647987,-75.58324192,LAURELES,50,30,False
272,S-444,2,444,CR 67  CL 49 B,6.25647987,-75.58324192,LAURELES,50,40,False
273,S-444,3,444,CR 67  CL 49 B,6.25647987,-75.58324192,LAURELES,50,57,True
274,S-444,4,444,CR 67  CL 49 B,6.25647987,-75.58324192,LAURELES,50,54,True
275,S-444,5,444,CR 67  CL 49 B,6.25647987,-75.58324192,LAURELES,50,79,True
276,S-444,6,444,CR 67  CL 49 B,6.25647987,-75.58324192,LAURELES,50,52,True
277,S-444,7,444,CR 67  CL 49 B,6.25647987,-75.58324192,LAURELES,50,60,True
278,S-444,8,444,CR 67  CL 49 B,6.25647987,-75.58324192,LAURELES,50,59,True
279,S-444,9,444,CR 67  CL 49 B,6.25647987,-75.58324192,LAURELES,50,71,True
280,S-444,10,444,CR 67  CL 49 B,6.25647987,-75.58324192,LAURELES,50,64,True
281,S-445,1,445,CR 67  CL 50,6.25702328,-75.58291592,LAURELES,50,36,False
282,S-445,2,445,CR 67  CL 50,6.25702328,-75.58291592,LAURELES,50,45,False
283,S-445,3,445,CR 67  CL 50,6.25702328,-75.58291592,LAURELES,50,55,True
284,S-445,4,445,CR 67  CL 50,6.25702328,-75.58291592,LAURELES,50,77,True
285,S-445,5,445,CR 67  CL 50,6.25702328,-75.58291592,LAURELES,50,78,True
286,S-445,6,445,CR 67  CL 50,6.25702328,-75.58291592,LAURELES,50,31,False
287,S-445,7,445,CR 67  CL 50,6.25702328,-75.58291592,LAURELES,50,30,False
288,S-445,8,445,CR 67  CL 50,6.25702328,-75.58291592,LAURELES,50,77,True
289,S-445,9,445,CR 67  CL 50,6.25702328,-75.58291592,LAURELES,50,41,False
290,S-445,10,445,CR 67  CL 50,6.25702328,-75.58291592,LAURELES,50,34,False
291,S-446,1,446,CR 67  CL 51,6.25798605,-75.58358428,LAURELES,50,66,True
292,S-446,2,446,CR 67  CL 51,6.25798605,-75.58358428,LAURELES,50,61,True
293,S-446,3,446,CR 67  CL 51,6.25798605,-75.58358428,LAURELES,50,38,False
294,S-446,4,446,CR 67  CL 51,6.25798605,-75.58358428,LAURELES,50,70,True
295,S-446,5,446,CR 67  CL 51,6.25798605,-75.58358428,LAURELES,50,64,True
296,S-446,6,446,CR 67  CL 51,6.25798605,-75.58358428,LAURELES,50,48,False
297,S-446,7,446,CR 67  CL 51,6.25798605,-75.58358428,LAURELES,50,77,True
298,S-446,8,446,CR 67  CL 51,6.25798605,-75.58358428,LAURELES,50,45,False
299,S-446,9,446,CR 67  CL 51,6.25798605,-75.58358428,LAURELES,50,32,False
300,S-446,10,446,CR 67  CL 51,6.25798605,-75.58358428,LAURELES,50,49,False
301,S-447,1,447,CR 67  CL 80,6.27728021,-75.57526826,CASTILLA,50,53,True
302,S-447,2,447,CR 67  CL 80,6.27728021,-75.57526826,CASTILLA,50,62,True
303,S-447,3,447,CR 67  CL 80,6.27728021,-75.57526826,CASTILLA,50,53,True
304,S-447,4,447,CR 67  CL 80,6.27728021,-75.57526826,CASTILLA,50,40,False
305,S-447,5,447,CR 67  CL 80,6.27728021,-75.57526826,CASTILLA,50,78,True
306,S-447,6,447,CR 67  CL 80,6.27728021,-75.57526826,CASTILLA,50,37,False
307,S-447,7,447,CR 67  CL 80,6.27728021,-75.57526826,CASTILLA,50,65,True
308,S-447,8,447,CR 67  CL 80,6.27728021,-75.57526826,CASTILLA,50,67,True
309,S-447,9,447,CR 67  CL 80,6.27728021,-75.57526826,CASTILLA,50,69,True
310,S-447,10,447,CR 67  CL 80,6.27728021,-75.57526826,CASTILLA,50,49,False
311,S-448,1,448,CR 68 A  CL 44,6.24902349,-75.58678862,LAURELES,50,64,True
312,S-448,2,448,CR 68 A  CL 44,6.24902349,-75.58678862,LAURELES,50,77,True
313,S-448,3,448,CR 68 A  CL 44,6.24902349,-75.58678862,LAURELES,50,54,True
314,S-448,4,448,CR 68 A  CL 44,6.24902349,-75.58678862,LAURELES,50,64,True
315,S-448,5,448,CR 68 A  CL 44,6.24902349,-75.58678862,LAURELES,50,54,True
316,S-448,6,448,CR 68 A  CL 44,6.24902349,-75.58678862,LAURELES,50,58,True
317,S-448,7,448,CR 68 A  CL 44,6.24902349,-75.58678862,LAURELES,50,47,False
318,S-448,8,448,CR 68 A  CL 44,6.24902349,-75.58678862,LAURELES,50,75,True
319,S-448,9,448,CR 68 A  CL 44,6.24902349,-75.58678862,LAURELES,50,47,False
320,S-448,10,448,CR 68 A  CL 44,6.24902349,-75.58678862,LAURELES,50,31,False
321,S-185,1,185,CR 46  CL 73,6.26867067,-75.55592006,ARANJUEZ,50,64,True
322,S-185,2,185,CR 46  CL 73,6.26867067,-75.55592006,ARANJUEZ,50,45,False
323,S-185,3,185,CR 46  CL 73,6.26867067,-75.55592006,ARANJUEZ,50,70,True
324,S-185,4,185,CR 46  CL 73,6.26867067,-75.55592006,ARANJUEZ,50,65,True
325,S-185,5,185,CR 46  CL 73,6.26867067,-75.55592006,ARANJUEZ,50,62,True
326,S-185,6,185,CR 46  CL 73,6.26867067,-75.55592006,ARANJUEZ,50,33,False
327,S-185,7,185,CR 46  CL 73,6.26867067,-75.55592006,ARANJUEZ,50,62,True
328,S-185,8,185,CR 46  CL 73,6.26867067,-75.55592006,ARANJUEZ,50,43,False
329,S-185,9,185,CR 46  CL 73,6.26867067,-75.55592006,ARANJUEZ,50,50,False
330,S-185,10,185,CR 46  CL 73,6.26867067,-75.55592006,ARANJUEZ,50,77,True
331,S-186,1,186,CR 46  CL 78,6.2712797,-75.55545366,ARANJUEZ,50,49,False
332,S-186,2,186,CR 46  CL 78,6.2712797,-75.55545366,ARANJUEZ,50,37,False
333,S-186,3,186,CR 46  CL 78,6.2712797,-75.55545366,ARANJUEZ,50,36,False
334,S-186,4,186,CR 46  CL 78,6.2712797,-75.55545366,ARANJUEZ,50,32,False
335,S-186,5,186,CR 46  CL 78,6.2712797,-75.55545366,ARANJUEZ,50,46,False
336,S-186,6,186,CR 46  CL 78,6.2712797,-75.55545366,ARANJUEZ,50,62,True
337,S-186,7,186,CR 46  CL 78,6.2712797,-75.55545366,ARANJUEZ,50,77,True
338,S-186,8,186,CR 46  CL 78,6.2712797,-75.55545366,ARANJUEZ,50,41,False
339,S-186,9,186,CR 46  CL 78,6.2712797,-75.55545366,ARANJUEZ,50,80,True
340,S-186,10,186,CR 46  CL 78,6.2712797,-75.55545366,ARANJUEZ,50,51,True
341,S-187,1,187,CR 46  CL 80,6.27296811,-75.55512142,ARANJUEZ,50,51,True
342,S-187,2,187,CR 46  CL 80,6.27296811,-75.55512142,ARANJUEZ,50,75,True
343,S-187,3,187,CR 46  CL 80,6.27296811,-75.55512142,ARANJUEZ,50,59,True
344,S-187,4,187,CR 46  CL 80,6.27296811,-75.55512142,ARANJUEZ,50,67,True
345,S-187,5,187,CR 46  CL 80,6.27296811,-75.55512142,ARANJUEZ,50,67,True
346,S-187,6,187,CR 46  CL 80,6.27296811,-75.55512142,ARANJUEZ,50,74,True
347,S-187,7,187,CR 46  CL 80,6.27296811,-75.55512142,ARANJUEZ,50,80,True
348,S-187,8,187,CR 46  CL 80,6.27296811,-75.55512142,ARANJUEZ,50,37,False
349,S-187,9,187,CR 46  CL 80,6.27296811,-75.55512142,ARANJUEZ,50,56,True
350,S-187,10,187,CR 46  CL 80,6.27296811,-75.55512142,ARANJUEZ,50,56,True
351,S-188,1,188,CR 46  CL 84,6.27633328,-75.55453562,ARANJUEZ,50,63,True
352,S-188,2,188,CR 46  CL 84,6.27633328,-75.55453562,ARANJUEZ,50,50,False
353,S-188,3,188,CR 46  CL 84,6.27633328,-75.55453562,ARANJUEZ,50,59,True
354,S-188,4,188,CR 46  CL 84,6.27633328,-75.55453562,ARANJUEZ,50,62,True
355,S-188,5,188,CR 46  CL 84,6.27633328,-75.55453562,ARANJUEZ,50,57,True
356,S-188,6,188,CR 46  CL 84,6.27633328,-75.55453562,ARANJUEZ,50,76,True
357,S-188,7,188,CR 46  CL 84,6.27633328,-75.55453562,ARANJUEZ,50,62,True
358,S-188,8,188,CR 46  CL 84,6.27633328,-75.55453562,ARANJUEZ,50,34,False
359,S-188,9,188,CR 46  CL 84,6.27633328,-75.55453562,ARANJUEZ,50,77,True
360,S-188,10,188,CR 46  CL 84,6.27633328,-75.55453562,ARANJUEZ,50,48,False
361,S-189,1,189,CR 46  CL 86,6.27894845,-75.55409417,ARANJUEZ,50,33,False
362,S-189,2,189,CR 46  CL 86,6.27894845,-75.55409417,ARANJUEZ,50,64,True
363,S-189,3,189,CR 46  CL 86,6.27894845,-75.55409417,ARANJUEZ,50,78,True
364,S-189,4,189,CR 46  CL 86,6.27894845,-75.55409417,ARANJUEZ,50,46,False
365,S-189,5,189,CR 46  CL 86,6.27894845,-75.55409417,ARANJUEZ,50,73,True
366,S-189,6,189,CR 46  CL 86,6.27894845,-75.55409417,ARANJUEZ,50,57,True
367,S-189,7,189,CR 46  CL 86,6.27894845,-75.55409417,ARANJUEZ,50,59,True
368,S-189,8,189,CR 46  CL 86,6.27894845,-75.55409417,ARANJUEZ,50,58,True
369,S-189,9,189,CR 46  CL 86,6.27894845,-75.55409417,ARANJUEZ,50,75,True
370,S-189,10,189,CR 46  CL 86,6.27894845,-75.55409417,ARANJUEZ,50,35,False
371,S-192,1,192,CR 47  CL 49,6.24787019,-75.56642059,LA CANDELARIA,50,64,True
372,S-192,2,192,CR 47  CL 49,6.24787019,-75.56642059,LA CANDELARIA,50,70,True
373,S-192,3,192,CR 47  CL 49,6.24787019,-75.56642059,LA CANDELARIA,50,66,True
374,S-192,4,192,CR 47  CL 49,6.24787019,-75.56642059,LA CANDELARIA,50,53,True
375,S-192,5,192,CR 47  CL 49,6.24787019,-75.56642059,LA CANDELARIA,50,58,True
376,S-192,6,192,CR 47  CL 49,6.24787019,-75.56642059,LA CANDELARIA,50,78,True
377,S-192,7,192,CR 47  CL 49,6.24787019,-75.56642059,LA CANDELARIA,50,75,True
378,S-192,8,192,CR 47  CL 49,6.24787019,-75.56642059,LA CANDELARIA,50,60,True
379,S-192,9,192,CR 47  CL 49,6.24787019,-75.56642059,LA CANDELARIA,50,64,True
380,S-192,10,192,CR 47  CL 49,6.24787019,-75.56642059,LA CANDELARIA,50,62,True
381,S-193,1,193,CR 47  CL 50,6.24861569,-75.56609391,LA CANDELARIA,50,50,False
382,S-193,2,193,CR 47  CL 50,6.24861569,-75.56609391,LA CANDELARIA,50,61,True
383,S-193,3,193,CR 47  CL 50,6.24861569,-75.56609391,LA CANDELARIA,50,52,True
384,S-193,4,193,CR 47  CL 50,6.24861569,-75.56609391,LA CANDELARIA,50,62,True
385,S-193,5,193,CR 47  CL 50,6.24861569,-75.56609391,LA CANDELARIA,50,32,False
386,S-193,6,193,CR 47  CL 50,6.24861569,-75.56609391,LA CANDELARIA,50,47,False
387,S-193,7,193,CR 47  CL 50,6.24861569,-75.56609391,LA CANDELARIA,50,54,True
388,S-193,8,193,CR 47  CL 50,6.24861569,-75.56609391,LA CANDELARIA,50,71,True
389,S-193,9,193,CR 47  CL 50,6.24861569,-75.56609391,LA CANDELARIA,50,60,True
390,S-193,10,193,CR 47  CL 50,6.24861569,-75.56609391,LA CANDELARIA,50,32,False
391,S-194,1,194,CR 47  CL 52,6.24951115,-75.56560084,LA CANDELARIA,50,69,True
392,S-194,2,194,CR 47  CL 52,6.24951115,-75.56560084,LA CANDELARIA,50,75,True
393,S-194,3,194,CR 47  CL 52,6.24951115,-75.56560084,LA CANDELARIA,50,53,True
394,S-194,4,194,CR 47  CL 52,6.24951115,-75.56560084,LA CANDELARIA,50,79,True
395,S-194,5,194,CR 47  CL 52,6.24951115,-75.56560084,LA CANDELARIA,50,61,True
396,S-194,6,194,CR 47  CL 52,6.24951115,-75.56560084,LA CANDELARIA,50,76,True
397,S-194,7,194,CR 47  CL 52,6.24951115,-75.56560084,LA CANDELARIA,50,51,True
398,S-194,8,194,CR 47  CL 52,6.24951115,-75.56560084,LA CANDELARIA,50,52,True
399,S-194,9,194,CR 47  CL 52,6.24951115,-75.56560084,LA CANDELARIA,50,31,False
400,S-194,10,194,CR 47  CL 52,6.24951115,-75.56560084,LA CANDELARIA,50,56,True
401,S-195,1,195,CR 47  CL 53,6.25112814,-75.5647977,LA CANDELARIA,50,71,True
402,S-195,2,195,CR 47  CL 53,6.25112814,-75.5647977,LA CANDELARIA,50,31,False
403,S-195,3,195,CR 47  CL 53,6.25112814,-75.5647977,LA CANDELARIA,50,55,True
404,S-195,4,195,CR 47  CL 53,6.25112814,-75.5647977,LA CANDELARIA,50,46,False
405,S-195,5,195,CR 47  CL 53,6.25112814,-75.5647977,LA CANDELARIA,50,69,True
406,S-195,6,195,CR 47  CL 53,6.25112814,-75.5647977,LA CANDELARIA,50,62,True
407,S-195,7,195,CR 47  CL 53,6.25112814,-75.5647977,LA CANDELARIA,50,38,False
408,S-195,8,195,CR 47  CL 53,6.25112814,-75.5647977,LA CANDELARIA,50,72,True
409,S-195,9,195,CR 47  CL 53,6.25112814,-75.5647977,LA CANDELARIA,50,77,True
410,S-195,10,195,CR 47  CL 53,6.25112814,-75.5647977,LA CANDELARIA,50,68,True
411,S-196,1,196,CR 47  CL 54,6.25182983,-75.56435758,LA CANDELARIA,50,58,True
412,S-196,2,196,CR 47  CL 54,6.25182983,-75.56435758,LA CANDELARIA,50,71,True
413,S-196,3,196,CR 47  CL 54,6.25182983,-75.56435758,LA CANDELARIA,50,55,True
414,S-196,4,196,CR 47  CL 54,6.25182983,-75.56435758,LA CANDELARIA,50,64,True
415,S-196,5,196,CR 47  CL 54,6.25182983,-75.56435758,LA CANDELARIA,50,79,True
416,S-196,6,196,CR 47  CL 54,6.25182983,-75.56435758,LA CANDELARIA,50,54,True
417,S-196,7,196,CR 47  CL 54,6.25182983,-75.56435758,LA CANDELARIA,50,53,True
418,S-196,8,196,CR 47  CL 54,6.25182983,-75.56435758,LA CANDELARIA,50,42,False
419,S-196,9,196,CR 47  CL 54,6.25182983,-75.56435758,LA CANDELARIA,50,36,False
420,S-196,10,196,CR 47  CL 54,6.25182983,-75.56435758,LA CANDELARIA,50,65,True
421,S-52,1,52,CR 34  CL 7,6.2059765,-75.56468164,EL POBLADO,50,74,True
422,S-52,2,52,CR 34  CL 7,6.2059765,-75.56468164,EL POBLADO,50,49,False
423,S-52,3,52,CR 34  CL 7,6.2059765,-75.56468164,EL POBLADO,50,30,False
424,S-52,4,52,CR 34  CL 7,6.2059765,-75.56468164,EL POBLADO,50,37,False
425,S-52,5,52,CR 34  CL 7,6.2059765,-75.56468164,EL POBLADO,50,75,True
426,S-52,6,52,CR 34  CL 7,6.2059765,-75.56468164,EL POBLADO,50,45,False
427,S-52,7,52,CR 34  CL 7,6.2059765,-75.56468164,EL POBLADO,50,43,False
428,S-52,8,52,CR 34  CL 7,6.2059765,-75.56468164,EL POBLADO,50,41,False
429,S-52,9,52,CR 34  CL 7,6.2059765,-75.56468164,EL POBLADO,50,80,True
430,S-52,10,52,CR 34  CL 7,6.2059765,-75.56468164,EL POBLADO,50,52,True
431,S-53,1,53,CR 35  CL 10,6.20865707,-75.56559855,EL POBLADO,50,44,False
432,S-53,2,53,CR 35  CL 10,6.20865707,-75.56559855,EL POBLADO,50,57,True
433,S-53,3,53,CR 35  CL 10,6.20865707,-75.56559855,EL POBLADO,50,63,True
434,S-53,4,53,CR 35  CL 10,6.20865707,-75.56559855,EL POBLADO,50,31,False
435,S-53,5,53,CR 35  CL 10,6.20865707,-75.56559855,EL POBLADO,50,61,True
436,S-53,6,53,CR 35  CL 10,6.20865707,-75.56559855,EL POBLADO,50,52,True
437,S-53,7,53,CR 35  CL 10,6.20865707,-75.56559855,EL POBLADO,50,51,True
438,S-53,8,53,CR 35  CL 10,6.20865707,-75.56559855,EL POBLADO,50,80,True
439,S-53,9,53,CR 35  CL 10,6.20865707,-75.56559855,EL POBLADO,50,54,True
440,S-53,10,53,CR 35  CL 10,6.20865707,-75.56559855,EL POBLADO,50,51,True
441,S-54,1,54,CR 35  CL 10 A,6.20946593,-75.56519925,EL POBLADO,50,51,True
442,S-54,2,54,CR 35  CL 10 A,6.20946593,-75.56519925,EL POBLADO,50,78,True
443,S-54,3,54,CR 35  CL 10 A,6.20946593,-75.56519925,EL POBLADO,50,71,True
444,S-54,4,54,CR 35  CL 10 A,6.20946593,-75.56519925,EL POBLADO,50,35,False
445,S-54,5,54,CR 35  CL 10 A,6.20946593,-75.56519925,EL POBLADO,50,44,False
446,S-54,6,54,CR 35  CL 10 A,6.20946593,-75.56519925,EL POBLADO,50,72,True
447,S-54,7,54,CR 35  CL 10 A,6.20946593,-75.56519925,EL POBLADO,50,66,True
448,S-54,8,54,CR 35  CL 10 A,6.20946593,-75.56519925,EL POBLADO,50,62,True
449,S-54,9,54,CR 35  CL 10 A,6.20946593,-75.56519925,EL POBLADO,50,37,False
450,S-54,10,54,CR 35  CL 10 A,6.20946593,-75.56519925,EL POBLADO,50,73,True
451,S-55,1,55,CR 35  CL 49,6.24273249,-75.55650898,BUENOS AIRES,50,73,True
452,S-55,2,55,CR 35  CL 49,6.24273249,-75.55650898,BUENOS AIRES,50,34,False
453,S-55,3,55,CR 35  CL 49,6.24273249,-75.55650898,BUENOS AIRES,50,68,True
454,S-55,4,55,CR 35  CL 49,6.24273249,-75.55650898,BUENOS AIRES,50,33,False
455,S-55,5,55,CR 35  CL 49,6.24273249,-75.55650898,BUENOS AIRES,50,35,False
456,S-55,6,55,CR 35  CL 49,6.24273249,-75.55650898,BUENOS AIRES,50,74,True
457,S-55,7,55,CR 35  CL 49,6.24273249,-75.55650898,BUENOS AIRES,50,61,True
458,S-55,8,55,CR 35  CL 49,6.24273249,-75.55650898,BUENOS AIRES,50,59,True
459,S-55,9,55,CR 35  CL 49,6.24273249,-75.55650898,BUENOS AIRES,50,76,True
460,S-55,10,55,CR 35  CL 49,6.24273249,-75.55650898,BUENOS AIRES,50,64,True
461,S-56,1,56,CR 35  CL 5 S,6.19691764,-75.56844618,EL POBLADO,50,69,True
462,S-56,2,56,CR 35  CL 5 S,6.19691764,-75.56844618,EL POBLADO,50,45,False
463,S-56,3,56,CR 35  CL 5 S,6.19691764,-75.56844618,EL POBLADO,50,42,False
464,S-56,4,56,CR 35  CL 5 S,6.19691764,-75.56844618,EL POBLADO,50,79,True
465,S-56,5,56,CR 35  CL 5 S,6.19691764,-75.56844618,EL POBLADO,50,71,True
466,S-56,6,56,CR 35  CL 5 S,6.19691764,-75.56844618,EL POBLADO,50,59,True
467,S-56,7,56,CR 35  CL 5 S,6.19691764,-75.56844618,EL POBLADO,50,48,False
468,S-56,8,56,CR 35  CL 5 S,6.19691764,-75.56844618,EL POBLADO,50,46,False
469,S-56,9,56,CR 35  CL 5 S,6.19691764,-75.56844618,EL POBLADO,50,48,False
470,S-56,10,56,CR 35  CL 5 S,6.19691764,-75.56844618,EL POBLADO,50,57,True
471,S-57,1,57,CR 35  CL 7,6.20627825,-75.56544137,EL POBLADO,50,55,True
472,S-57,2,57,CR 35  CL 7,6.20627825,-75.56544137,EL POBLADO,50,66,True
473,S-57,3,57,CR 35  CL 7,6.20627825,-75.56544137,EL POBLADO,50,55,True
474,S-57,4,57,CR 35  CL 7,6.20627825,-75.56544137,EL POBLADO,50,52,True
475,S-57,5,57,CR 35  CL 7,6.20627825,-75.56544137,EL POBLADO,50,38,False
476,S-57,6,57,CR 35  CL 7,6.20627825,-75.56544137,EL POBLADO,50,41,False
477,S-57,7,57,CR 35  CL 7,6.20627825,-75.56544137,EL POBLADO,50,30,False
478,S-57,8,57,CR 35  CL 7,6.20627825,-75.56544137,EL POBLADO,50,30,False
479,S-57,9,57,CR 35  CL 7,6.20627825,-75.56544137,EL POBLADO,50,76,True
480,S-57,10,57,CR 35  CL 7,6.20627825,-75.56544137,EL POBLADO,50,63,True
481,S-60,1,60,CR 36  CL 10,6.20883372,-75.5661,EL POBLADO,50,61,True
482,S-60,2,60,CR 36  CL 10,6.20883372,-75.5661,EL POBLADO,50,77,True
483,S-60,3,60,CR 36  CL 10,6.20883372,-75.5661,EL POBLADO,50,54,True
484,S-60,4,60,CR 36  CL 10,6.20883372,-75.5661,EL POBLADO,50,69,True
485,S-60,5,60,CR 36  CL 10,6.20883372,-75.5661,EL POBLADO,50,74,True
486,S-60,6,60,CR 36  CL 10,6.20883372,-75.5661,EL POBLADO,50,30,False
487,S-60,7,60,CR 36  CL 10,6.20883372,-75.5661,EL POBLADO,50,45,False
488,S-60,8,60,CR 36  CL 10,6.20883372,-75.5661,EL POBLADO,50,68,True
489,S-60,9,60,CR 36  CL 10,6.20883372,-75.5661,EL POBLADO,50,34,False
490,S-60,10,60,CR 36  CL 10,6.20883372,-75.5661,EL POBLADO,50,51,True
491,S-61,1,61,CR 36  CL 10 A,6.2096303,-75.56572312,EL POBLADO,50,58,True
492,S-61,2,61,CR 36  CL 10 A,6.2096303,-75.56572312,EL POBLADO,50,32,False
493,S-61,3,61,CR 36  CL 10 A,6.2096303,-75.56572312,EL POBLADO,50,41,False
494,S-61,4,61,CR 36  CL 10 A,6.2096303,-75.56572312,EL POBLADO,50,55,True
495,S-61,5,61,CR 36  CL 10 A,6.2096303,-75.56572312,EL POBLADO,50,45,False
496,S-61,6,61,CR 36  CL 10 A,6.2096303,-75.56572312,EL POBLADO,50,80,True
497,S-61,7,61,CR 36  CL 10 A,6.2096303,-75.56572312,EL POBLADO,50,66,True
498,S-61,8,61,CR 36  CL 10 A,6.2096303,-75.56572312,EL POBLADO,50,51,True
499,S-61,9,61,CR 36  CL 10 A,6.2096303,-75.56572312,EL POBLADO,50,58,True
500,S-61,10,61,CR 36  CL 10 A,6.2096303,-75.56572312,EL POBLADO,50,43,False
501,S-71,1,71,CR 36  CL 45OZANAM,6.24036501,-75.55863105,BUENOS AIRES,50,57,True
502,S-71,2,71,CR 36  CL 45OZANAM,6.24036501,-75.55863105,BUENOS AIRES,50,34,False
503,S-71,3,71,CR 36  CL 45OZANAM,6.24036501,-75.55863105,BUENOS AIRES,50,76,True
504,S-71,4,71,CR 36  CL 45OZANAM,6.24036501,-75.55863105,BUENOS AIRES,50,78,True
505,S-71,5,71,CR 36  CL 45OZANAM,6.24036501,-75.55863105,BUENOS AIRES,50,59,True
506,S-71,6,71,CR 36  CL 45OZANAM,6.24036501,-75.55863105,BUENOS AIRES,50,75,True
507,S-71,7,71,CR 36  CL 45OZANAM,6.24036501,-75.55863105,BUENOS AIRES,50,34,False
508,S-71,8,71,CR 36  CL 45OZANAM,6.24036501,-75.55863105,BUENOS AIRES,50,41,False
509,S-71,9,71,CR 36  CL 45OZANAM,6.24036501,-75.55863105,BUENOS AIRES,50,45,False
510,S-71,10,71,CR 36  CL 45OZANAM,6.24036501,-75.55863105,BUENOS AIRES,50,55,True
511,S-72,1,72,CR 37  CL 47 ABOMBEROS SALVADOR,6.2422526,-75.56006517,LA CANDELARIA,50,55,True
512,S-72,2,72,CR 37  CL 47 ABOMBEROS SALVADOR,6.2422526,-75.56006517,LA CANDELARIA,50,77,True
513,S-72,3,72,CR 37  CL 47 ABOMBEROS SALVADOR,6.2422526,-75.56006517,LA CANDELARIA,50,50,False
514,S-72,4,72,CR 37  CL 47 ABOMBEROS SALVADOR,6.2422526,-75.56006517,LA CANDELARIA,50,68,True
515,S-72,5,72,CR 37  CL 47 ABOMBEROS SALVADOR,6.2422526,-75.56006517,LA CANDELARIA,50,65,True
516,S-72,6,72,CR 37  CL 47 ABOMBEROS SALVADOR,6.2422526,-75.56006517,LA CANDELARIA,50,62,True
517,S-72,7,72,CR 37  CL 47 ABOMBEROS SALVADOR,6.2422526,-75.56006517,LA CANDELARIA,50,59,True
518,S-72,8,72,CR 37  CL 47 ABOMBEROS SALVADOR,6.2422526,-75.56006517,LA CANDELARIA,50,66,True
519,S-72,9,72,CR 37  CL 47 ABOMBEROS SALVADOR,6.2422526,-75.56006517,LA CANDELARIA,50,52,True
520,S-72,10,72,CR 37  CL 47 ABOMBEROS SALVADOR,6.2422526,-75.56006517,LA CANDELARIA,50,39,False
521,S-73,1,73,CR 37  CL 49,6.24370189,-75.55825716,LA CANDELARIA,50,34,False
522,S-73,2,73,CR 37  CL 49,6.24370189,-75.55825716,LA CANDELARIA,50,65,True
523,S-73,3,73,CR 37  CL 49,6.24370189,-75.55825716,LA CANDELARIA,50,63,True
524,S-73,4,73,CR 37  CL 49,6.24370189,-75.55825716,LA CANDELARIA,50,60,True
525,S-73,5,73,CR 37  CL 49,6.24370189,-75.55825716,LA CANDELARIA,50,39,False
526,S-73,6,73,CR 37  CL 49,6.24370189,-75.55825716,LA CANDELARIA,50,48,False
527,S-73,7,73,CR 37  CL 49,6.24370189,-75.55825716,LA CANDELARIA,50,61,True
528,S-73,8,73,CR 37  CL 49,6.24370189,-75.55825716,LA CANDELARIA,50,30,False
529,S-73,9,73,CR 37  CL 49,6.24370189,-75.55825716,LA CANDELARIA,50,34,False
530,S-73,10,73,CR 37  CL 49,6.24370189,-75.55825716,LA CANDELARIA,50,74,True
531,S-74,1,74,CR 38  CL 49,6.24414375,-75.55925561,LA CANDELARIA,50,33,False
532,S-74,2,74,CR 38  CL 49,6.24414375,-75.55925561,LA CANDELARIA,50,45,False
533,S-74,3,74,CR 38  CL 49,6.24414375,-75.55925561,LA CANDELARIA,50,53,True
534,S-74,4,74,CR 38  CL 49,6.24414375,-75.55925561,LA CANDELARIA,50,45,False
535,S-74,5,74,CR 38  CL 49,6.24414375,-75.55925561,LA CANDELARIA,50,31,False
536,S-74,6,74,CR 38  CL 49,6.24414375,-75.55925561,LA CANDELARIA,50,78,True
537,S-74,7,74,CR 38  CL 49,6.24414375,-75.55925561,LA CANDELARIA,50,57,True
538,S-74,8,74,CR 38  CL 49,6.24414375,-75.55925561,LA CANDELARIA,50,61,True
539,S-74,9,74,CR 38  CL 49,6.24414375,-75.55925561,LA CANDELARIA,50,56,True
540,S-74,10,74,CR 38  CL 49,6.24414375,-75.55925561,LA CANDELARIA,50,49,False
541,S-75,1,75,CR 38  CL 51,6.24657793,-75.55784281,LA CANDELARIA,50,53,True
542,S-75,2,75,CR 38  CL 51,6.24657793,-75.55784281,LA CANDELARIA,50,41,False
543,S-75,3,75,CR 38  CL 51,6.24657793,-75.55784281,LA CANDELARIA,50,79,True
544,S-75,4,75,CR 38  CL 51,6.24657793,-75.55784281,LA CANDELARIA,50,64,True
545,S-75,5,75,CR 38  CL 51,6.24657793,-75.55784281,LA CANDELARIA,50,62,True
546,S-75,6,75,CR 38  CL 51,6.24657793,-75.55784281,LA CANDELARIA,50,62,True
547,S-75,7,75,CR 38  CL 51,6.24657793,-75.55784281,LA CANDELARIA,50,80,True
548,S-75,8,75,CR 38  CL 51,6.24657793,-75.55784281,LA CANDELARIA,50,72,True
549,S-75,9,75,CR 38  CL 51,6.24657793,-75.55784281,LA CANDELARIA,50,66,True
550,S-75,10,75,CR 38  CL 51,6.24657793,-75.55784281,LA CANDELARIA,50,41,False
551,S-83,1,83,CR 39  CL 7,6.20637267,-75.5686396,EL POBLADO,50,32,False
552,S-83,2,83,CR 39  CL 7,6.20637267,-75.5686396,EL POBLADO,50,30,False
553,S-83,3,83,CR 39  CL 7,6.20637267,-75.5686396,EL POBLADO,50,62,True
554,S-83,4,83,CR 39  CL 7,6.20637267,-75.5686396,EL POBLADO,50,69,True
555,S-83,5,83,CR 39  CL 7,6.20637267,-75.5686396,EL POBLADO,50,39,False
556,S-83,6,83,CR 39  CL 7,6.20637267,-75.5686396,EL POBLADO,50,72,True
557,S-83,7,83,CR 39  CL 7,6.20637267,-75.5686396,EL POBLADO,50,73,True
558,S-83,8,83,CR 39  CL 7,6.20637267,-75.5686396,EL POBLADO,50,58,True
559,S-83,9,83,CR 39  CL 7,6.20637267,-75.5686396,EL POBLADO,50,42,False
560,S-83,10,83,CR 39  CL 7,6.20637267,-75.5686396,EL POBLADO,50,41,False
561,S-76,1,76,CR 39  CL 48,6.24371086,-75.56061065,LA CANDELARIA,50,60,True
562,S-76,2,76,CR 39  CL 48,6.24371086,-75.56061065,LA CANDELARIA,50,75,True
563,S-76,3,76,CR 39  CL 48,6.24371086,-75.56061065,LA CANDELARIA,50,31,False
564,S-76,4,76,CR 39  CL 48,6.24371086,-75.56061065,LA CANDELARIA,50,80,True
565,S-76,5,76,CR 39  CL 48,6.24371086,-75.56061065,LA CANDELARIA,50,79,True
566,S-76,6,76,CR 39  CL 48,6.24371086,-75.56061065,LA CANDELARIA,50,64,True
567,S-76,7,76,CR 39  CL 48,6.24371086,-75.56061065,LA CANDELARIA,50,52,True
568,S-76,8,76,CR 39  CL 48,6.24371086,-75.56061065,LA CANDELARIA,50,46,False
569,S-76,9,76,CR 39  CL 48,6.24371086,-75.56061065,LA CANDELARIA,50,55,True
570,S-76,10,76,CR 39  CL 48,6.24371086,-75.56061065,LA CANDELARIA,50,37,False
571,S-77,1,77,CR 39  CL 49,6.24455173,-75.56013582,LA CANDELARIA,50,58,True
572,S-77,2,77,CR 39  CL 49,6.24455173,-75.56013582,LA CANDELARIA,50,55,True
573,S-77,3,77,CR 39  CL 49,6.24455173,-75.56013582,LA CANDELARIA,50,39,False
574,S-77,4,77,CR 39  CL 49,6.24455173,-75.56013582,LA CANDELARIA,50,55,True
575,S-77,5,77,CR 39  CL 49,6.24455173,-75.56013582,LA CANDELARIA,50,63,True
576,S-77,6,77,CR 39  CL 49,6.24455173,-75.56013582,LA CANDELARIA,50,80,True
577,S-77,7,77,CR 39  CL 49,6.24455173,-75.56013582,LA CANDELARIA,50,70,True
578,S-77,8,77,CR 39  CL 49,6.24455173,-75.56013582,LA CANDELARIA,50,36,False
579,S-77,9,77,CR 39  CL 49,6.24455173,-75.56013582,LA CANDELARIA,50,33,False
580,S-77,10,77,CR 39  CL 49,6.24455173,-75.56013582,LA CANDELARIA,50,79,True
581,S-78,1,78,CR 39  CL 50,6.24545592,-75.55957439,LA CANDELARIA,50,74,True
582,S-78,2,78,CR 39  CL 50,6.24545592,-75.55957439,LA CANDELARIA,50,40,False
583,S-78,3,78,CR 39  CL 50,6.24545592,-75.55957439,LA CANDELARIA,50,58,True
584,S-78,4,78,CR 39  CL 50,6.24545592,-75.55957439,LA CANDELARIA,50,65,True
585,S-78,5,78,CR 39  CL 50,6.24545592,-75.55957439,LA CANDELARIA,50,54,True
586,S-78,6,78,CR 39  CL 50,6.24545592,-75.55957439,LA CANDELARIA,50,50,False
587,S-78,7,78,CR 39  CL 50,6.24545592,-75.55957439,LA CANDELARIA,50,65,True
588,S-78,8,78,CR 39  CL 50,6.24545592,-75.55957439,LA CANDELARIA,50,39,False
589,S-78,9,78,CR 39  CL 50,6.24545592,-75.55957439,LA CANDELARIA,50,66,True
590,S-78,10,78,CR 39  CL 50,6.24545592,-75.55957439,LA CANDELARIA,50,38,False
591,S-79,1,79,CR 39  CL 51,6.24699613,-75.55876961,LA CANDELARIA,50,53,True
592,S-79,2,79,CR 39  CL 51,6.24699613,-75.55876961,LA CANDELARIA,50,64,True
593,S-79,3,79,CR 39  CL 51,6.24699613,-75.55876961,LA CANDELARIA,50,78,True
594,S-79,4,79,CR 39  CL 51,6.24699613,-75.55876961,LA CANDELARIA,50,64,True
595,S-79,5,79,CR 39  CL 51,6.24699613,-75.55876961,LA CANDELARIA,50,77,True
596,S-79,6,79,CR 39  CL 51,6.24699613,-75.55876961,LA CANDELARIA,50,65,True
597,S-79,7,79,CR 39  CL 51,6.24699613,-75.55876961,LA CANDELARIA,50,47,False
598,S-79,8,79,CR 39  CL 51,6.24699613,-75.55876961,LA CANDELARIA,50,78,True
599,S-79,9,79,CR 39  CL 51,6.24699613,-75.55876961,LA CANDELARIA,50,68,True
600,S-79,10,79,CR 39  CL 51,6.24699613,-75.55876961,LA CANDELARIA,50,61,True
601,S-80,1,80,CR 39  CL 54,6.24783172,-75.55821231,LA CANDELARIA,50,53,True
602,S-80,2,80,CR 39  CL 54,6.24783172,-75.55821231,LA CANDELARIA,50,52,True
603,S-80,3,80,CR 39  CL 54,6.24783172,-75.55821231,LA CANDELARIA,50,61,True
604,S-80,4,80,CR 39  CL 54,6.24783172,-75.55821231,LA CANDELARIA,50,66,True
605,S-80,5,80,CR 39  CL 54,6.24783172,-75.55821231,LA CANDELARIA,50,41,False
606,S-80,6,80,CR 39  CL 54,6.24783172,-75.55821231,LA CANDELARIA,50,78,True
607,S-80,7,80,CR 39  CL 54,6.24783172,-75.55821231,LA CANDELARIA,50,42,False
608,S-80,8,80,CR 39  CL 54,6.24783172,-75.55821231,LA CANDELARIA,50,52,True
609,S-80,9,80,CR 39  CL 54,6.24783172,-75.55821231,LA CANDELARIA,50,54,True
610,S-80,10,80,CR 39  CL 54,6.24783172,-75.55821231,LA CANDELARIA,50,64,True
611,S-81,1,81,CR 39  CL 55,6.24864709,-75.55775381,LA CANDELARIA,50,70,True
612,S-81,2,81,CR 39  CL 55,6.24864709,-75.55775381,LA CANDELARIA,50,59,True
613,S-81,3,81,CR 39  CL 55,6.24864709,-75.55775381,LA CANDELARIA,50,46,False
614,S-81,4,81,CR 39  CL 55,6.24864709,-75.55775381,LA CANDELARIA,50,78,True
615,S-81,5,81,CR 39  CL 55,6.24864709,-75.55775381,LA CANDELARIA,50,49,False
616,S-81,6,81,CR 39  CL 55,6.24864709,-75.55775381,LA CANDELARIA,50,77,True
617,S-81,7,81,CR 39  CL 55,6.24864709,-75.55775381,LA CANDELARIA,50,54,True
618,S-81,8,81,CR 39  CL 55,6.24864709,-75.55775381,LA CANDELARIA,50,51,True
619,S-81,9,81,CR 39  CL 55,6.24864709,-75.55775381,LA CANDELARIA,50,42,False
620,S-81,10,81,CR 39  CL 55,6.24864709,-75.55775381,LA CANDELARIA,50,48,False
621,S-82,1,82,CR 39  CL 58,6.24998573,-75.55690822,LA CANDELARIA,50,78,True
622,S-82,2,82,CR 39  CL 58,6.24998573,-75.55690822,LA CANDELARIA,50,65,True
623,S-82,3,82,CR 39  CL 58,6.24998573,-75.55690822,LA CANDELARIA,50,41,False
624,S-82,4,82,CR 39  CL 58,6.24998573,-75.55690822,LA CANDELARIA,50,70,True
625,S-82,5,82,CR 39  CL 58,6.24998573,-75.55690822,LA CANDELARIA,50,48,False
626,S-82,6,82,CR 39  CL 58,6.24998573,-75.55690822,LA CANDELARIA,50,41,False
627,S-82,7,82,CR 39  CL 58,6.24998573,-75.55690822,LA CANDELARIA,50,38,False
628,S-82,8,82,CR 39  CL 58,6.24998573,-75.55690822,LA CANDELARIA,50,36,False
629,S-82,9,82,CR 39  CL 58,6.24998573,-75.55690822,LA CANDELARIA,50,57,True
630,S-82,10,82,CR 39  CL 58,6.24998573,-75.55690822,LA CANDELARIA,50,43,False
631,S-84,1,84,CR 40  CL 10,6.20969293,-75.56805936,EL POBLADO,50,60,True
632,S-84,2,84,CR 40  CL 10,6.20969293,-75.56805936,EL POBLADO,50,48,False
633,S-84,3,84,CR 40  CL 10,6.20969293,-75.56805936,EL POBLADO,50,76,True
634,S-84,4,84,CR 40  CL 10,6.20969293,-75.56805936,EL POBLADO,50,45,False
635,S-84,5,84,CR 40  CL 10,6.20969293,-75.56805936,EL POBLADO,50,34,False
636,S-84,6,84,CR 40  CL 10,6.20969293,-75.56805936,EL POBLADO,50,64,True
637,S-84,7,84,CR 40  CL 10,6.20969293,-75.56805936,EL POBLADO,50,41,False
638,S-84,8,84,CR 40  CL 10,6.20969293,-75.56805936,EL POBLADO,50,54,True
639,S-84,9,84,CR 40  CL 10,6.20969293,-75.56805936,EL POBLADO,50,50,False
640,S-84,10,84,CR 40  CL 10,6.20969293,-75.56805936,EL POBLADO,50,65,True
641,S-85,1,85,CR 41  CL 55,6.24978693,-75.55962051,LA CANDELARIA,50,52,True
642,S-85,2,85,CR 41  CL 55,6.24978693,-75.55962051,LA CANDELARIA,50,45,False
643,S-85,3,85,CR 41  CL 55,6.24978693,-75.55962051,LA CANDELARIA,50,68,True
644,S-85,4,85,CR 41  CL 55,6.24978693,-75.55962051,LA CANDELARIA,50,74,True
645,S-85,5,85,CR 41  CL 55,6.24978693,-75.55962051,LA CANDELARIA,50,71,True
646,S-85,6,85,CR 41  CL 55,6.24978693,-75.55962051,LA CANDELARIA,50,68,True
647,S-85,7,85,CR 41  CL 55,6.24978693,-75.55962051,LA CANDELARIA,50,43,False
648,S-85,8,85,CR 41  CL 55,6.24978693,-75.55962051,LA CANDELARIA,50,60,True
649,S-85,9,85,CR 41  CL 55,6.24978693,-75.55962051,LA CANDELARIA,50,34,False
650,S-85,10,85,CR 41  CL 55,6.24978693,-75.55962051,LA CANDELARIA,50,64,True
651,S-86,1,86,CR 41  CL 57,6.25094857,-75.55896208,LA CANDELARIA,50,52,True
652,S-86,2,86,CR 41  CL 57,6.25094857,-75.55896208,LA CANDELARIA,50,58,True
653,S-86,3,86,CR 41  CL 57,6.25094857,-75.55896208,LA CANDELARIA,50,72,True
654,S-86,4,86,CR 41  CL 57,6.25094857,-75.55896208,LA CANDELARIA,50,40,False
655,S-86,5,86,CR 41  CL 57,6.25094857,-75.55896208,LA CANDELARIA,50,47,False
656,S-86,6,86,CR 41  CL 57,6.25094857,-75.55896208,LA CANDELARIA,50,76,True
657,S-86,7,86,CR 41  CL 57,6.25094857,-75.55896208,LA CANDELARIA,50,41,False
658,S-86,8,86,CR 41  CL 57,6.25094857,-75.55896208,LA CANDELARIA,50,38,False
659,S-86,9,86,CR 41  CL 57,6.25094857,-75.55896208,LA CANDELARIA,50,39,False
660,S-86,10,86,CR 41  CL 57,6.25094857,-75.55896208,LA CANDELARIA,50,73,True
661,S-87,1,87,CR 41  CL 58,6.25148707,-75.55860346,LA CANDELARIA,50,46,False
662,S-87,2,87,CR 41  CL 58,6.25148707,-75.55860346,LA CANDELARIA,50,67,True
663,S-87,3,87,CR 41  CL 58,6.25148707,-75.55860346,LA CANDELARIA,50,36,False
664,S-87,4,87,CR 41  CL 58,6.25148707,-75.55860346,LA CANDELARIA,50,75,True
665,S-87,5,87,CR 41  CL 58,6.25148707,-75.55860346,LA CANDELARIA,50,42,False
666,S-87,6,87,CR 41  CL 58,6.25148707,-75.55860346,LA CANDELARIA,50,69,True
667,S-87,7,87,CR 41  CL 58,6.25148707,-75.55860346,LA CANDELARIA,50,71,True
668,S-87,8,87,CR 41  CL 58,6.25148707,-75.55860346,LA CANDELARIA,50,38,False
669,S-87,9,87,CR 41  CL 58,6.25148707,-75.55860346,LA CANDELARIA,50,79,True
670,S-87,10,87,CR 41  CL 58,6.25148707,-75.55860346,LA CANDELARIA,50,56,True
671,S-89,1,89,CR 42  CL 48,6.24484972,-75.56273736,LA CANDELARIA,50,31,False
672,S-89,2,89,CR 42  CL 48,6.24484972,-75.56273736,LA CANDELARIA,50,34,False
673,S-89,3,89,CR 42  CL 48,6.24484972,-75.56273736,LA CANDELARIA,50,58,True
674,S-89,4,89,CR 42  CL 48,6.24484972,-75.56273736,LA CANDELARIA,50,66,True
675,S-89,5,89,CR 42  CL 48,6.24484972,-75.56273736,LA CANDELARIA,50,67,True
676,S-89,6,89,CR 42  CL 48,6.24484972,-75.56273736,LA CANDELARIA,50,48,False
677,S-89,7,89,CR 42  CL 48,6.24484972,-75.56273736,LA CANDELARIA,50,37,False
678,S-89,8,89,CR 42  CL 48,6.24484972,-75.56273736,LA CANDELARIA,50,77,True
679,S-89,9,89,CR 42  CL 48,6.24484972,-75.56273736,LA CANDELARIA,50,74,True
680,S-89,10,89,CR 42  CL 48,6.24484972,-75.56273736,LA CANDELARIA,50,30,False
681,S-90,1,90,CR 42  CL 52,6.24806023,-75.56145611,LA CANDELARIA,50,51,True
682,S-90,2,90,CR 42  CL 52,6.24806023,-75.56145611,LA CANDELARIA,50,46,False
683,S-90,3,90,CR 42  CL 52,6.24806023,-75.56145611,LA CANDELARIA,50,36,False
684,S-90,4,90,CR 42  CL 52,6.24806023,-75.56145611,LA CANDELARIA,50,54,True
685,S-90,5,90,CR 42  CL 52,6.24806023,-75.56145611,LA CANDELARIA,50,74,True
686,S-90,6,90,CR 42  CL 52,6.24806023,-75.56145611,LA CANDELARIA,50,33,False
687,S-90,7,90,CR 42  CL 52,6.24806023,-75.56145611,LA CANDELARIA,50,65,True
688,S-90,8,90,CR 42  CL 52,6.24806023,-75.56145611,LA CANDELARIA,50,35,False
689,S-90,9,90,CR 42  CL 52,6.24806023,-75.56145611,LA CANDELARIA,50,60,True
690,S-90,10,90,CR 42  CL 52,6.24806023,-75.56145611,LA CANDELARIA,50,48,False
691,S-91,1,91,CR 43 A  CL 1 S,6.20343627,-75.57174218,EL POBLADO,50,73,True
692,S-91,2,91,CR 43 A  CL 1 S,6.20343627,-75.57174218,EL POBLADO,50,68,True
693,S-91,3,91,CR 43 A  CL 1 S,6.20343627,-75.57174218,EL POBLADO,50,56,True
694,S-91,4,91,CR 43 A  CL 1 S,6.20343627,-75.57174218,EL POBLADO,50,39,False
695,S-91,5,91,CR 43 A  CL 1 S,6.20343627,-75.57174218,EL POBLADO,50,55,True
696,S-91,6,91,CR 43 A  CL 1 S,6.20343627,-75.57174218,EL POBLADO,50,48,False
697,S-91,7,91,CR 43 A  CL 1 S,6.20343627,-75.57174218,EL POBLADO,50,68,True
698,S-91,8,91,CR 43 A  CL 1 S,6.20343627,-75.57174218,EL POBLADO,50,32,False
699,S-91,9,91,CR 43 A  CL 1 S,6.20343627,-75.57174218,EL POBLADO,50,74,True
700,S-91,10,91,CR 43 A  CL 1 S,6.20343627,-75.57174218,EL POBLADO,50,42,False
701,S-92,1,92,CR 43 A  CL 10,6.21053038,-75.57045037,EL POBLADO,50,79,True
702,S-92,2,92,CR 43 A  CL 10,6.21053038,-75.57045037,EL POBLADO,50,57,True
703,S-92,3,92,CR 43 A  CL 10,6.21053038,-75.57045037,EL POBLADO,50,49,False
704,S-92,4,92,CR 43 A  CL 10,6.21053038,-75.57045037,EL POBLADO,50,57,True
705,S-92,5,92,CR 43 A  CL 10,6.21053038,-75.57045037,EL POBLADO,50,37,False
706,S-92,6,92,CR 43 A  CL 10,6.21053038,-75.57045037,EL POBLADO,50,70,True
707,S-92,7,92,CR 43 A  CL 10,6.21053038,-75.57045037,EL POBLADO,50,68,True
708,S-92,8,92,CR 43 A  CL 10,6.21053038,-75.57045037,EL POBLADO,50,30,False
709,S-92,9,92,CR 43 A  CL 10,6.21053038,-75.57045037,EL POBLADO,50,32,False
710,S-92,10,92,CR 43 A  CL 10,6.21053038,-75.57045037,EL POBLADO,50,42,False
711,S-93,1,93,CR 43 A  CL 12 S,6.19266173,-75.57650608,EL POBLADO,50,57,True
712,S-93,2,93,CR 43 A  CL 12 S,6.19266173,-75.57650608,EL POBLADO,50,78,True
713,S-93,3,93,CR 43 A  CL 12 S,6.19266173,-75.57650608,EL POBLADO,50,54,True
714,S-93,4,93,CR 43 A  CL 12 S,6.19266173,-75.57650608,EL POBLADO,50,62,True
715,S-93,5,93,CR 43 A  CL 12 S,6.19266173,-75.57650608,EL POBLADO,50,67,True
716,S-93,6,93,CR 43 A  CL 12 S,6.19266173,-75.57650608,EL POBLADO,50,35,False
717,S-93,7,93,CR 43 A  CL 12 S,6.19266173,-75.57650608,EL POBLADO,50,73,True
718,S-93,8,93,CR 43 A  CL 12 S,6.19266173,-75.57650608,EL POBLADO,50,74,True
719,S-93,9,93,CR 43 A  CL 12 S,6.19266173,-75.57650608,EL POBLADO,50,61,True
720,S-93,10,93,CR 43 A  CL 12 S,6.19266173,-75.57650608,EL POBLADO,50,74,True
721,S-94,1,94,CR 43 A  CL 14,6.21465295,-75.56995712,EL POBLADO,50,76,True
722,S-94,2,94,CR 43 A  CL 14,6.21465295,-75.56995712,EL POBLADO,50,50,False
723,S-94,3,94,CR 43 A  CL 14,6.21465295,-75.56995712,EL POBLADO,50,45,False
724,S-94,4,94,CR 43 A  CL 14,6.21465295,-75.56995712,EL POBLADO,50,50,False
725,S-94,5,94,CR 43 A  CL 14,6.21465295,-75.56995712,EL POBLADO,50,40,False
726,S-94,6,94,CR 43 A  CL 14,6.21465295,-75.56995712,EL POBLADO,50,66,True
727,S-94,7,94,CR 43 A  CL 14,6.21465295,-75.56995712,EL POBLADO,50,65,True
728,S-94,8,94,CR 43 A  CL 14,6.21465295,-75.56995712,EL POBLADO,50,64,True
729,S-94,9,94,CR 43 A  CL 14,6.21465295,-75.56995712,EL POBLADO,50,48,False
730,S-94,10,94,CR 43 A  CL 14,6.21465295,-75.56995712,EL POBLADO,50,49,False
731,S-95,1,95,CR 43 A  CL 16 A S,6.189806,-75.5771693,EL POBLADO,50,47,False
732,S-95,2,95,CR 43 A  CL 16 A S,6.189806,-75.5771693,EL POBLADO,50,76,True
733,S-95,3,95,CR 43 A  CL 16 A S,6.189806,-75.5771693,EL POBLADO,50,70,True
734,S-95,4,95,CR 43 A  CL 16 A S,6.189806,-75.5771693,EL POBLADO,50,78,True
735,S-95,5,95,CR 43 A  CL 16 A S,6.189806,-75.5771693,EL POBLADO,50,43,False
736,S-95,6,95,CR 43 A  CL 16 A S,6.189806,-75.5771693,EL POBLADO,50,44,False
737,S-95,7,95,CR 43 A  CL 16 A S,6.189806,-75.5771693,EL POBLADO,50,60,True
738,S-95,8,95,CR 43 A  CL 16 A S,6.189806,-75.5771693,EL POBLADO,50,30,False
739,S-95,9,95,CR 43 A  CL 16 A S,6.189806,-75.5771693,EL POBLADO,50,32,False
740,S-95,10,95,CR 43 A  CL 16 A S,6.189806,-75.5771693,EL POBLADO,50,45,False
741,S-96,1,96,CR 43 A  CL 17 S,6.18744126,-75.57789479,EL POBLADO,50,52,True
742,S-96,2,96,CR 43 A  CL 17 S,6.18744126,-75.57789479,EL POBLADO,50,40,False
743,S-96,3,96,CR 43 A  CL 17 S,6.18744126,-75.57789479,EL POBLADO,50,41,False
744,S-96,4,96,CR 43 A  CL 17 S,6.18744126,-75.57789479,EL POBLADO,50,39,False
745,S-96,5,96,CR 43 A  CL 17 S,6.18744126,-75.57789479,EL POBLADO,50,61,True
746,S-96,6,96,CR 43 A  CL 17 S,6.18744126,-75.57789479,EL POBLADO,50,45,False
747,S-96,7,96,CR 43 A  CL 17 S,6.18744126,-75.57789479,EL POBLADO,50,37,False
748,S-96,8,96,CR 43 A  CL 17 S,6.18744126,-75.57789479,EL POBLADO,50,67,True
749,S-96,9,96,CR 43 A  CL 17 S,6.18744126,-75.57789479,EL POBLADO,50,41,False
750,S-96,10,96,CR 43 A  CL 17 S,6.18744126,-75.57789479,EL POBLADO,50,53,True
751,S-97,1,97,CR 43 A  CL 19,6.22000149,-75.56939936,EL POBLADO,50,57,True
752,S-97,2,97,CR 43 A  CL 19,6.22000149,-75.56939936,EL POBLADO,50,37,False
753,S-97,3,97,CR 43 A  CL 19,6.22000149,-75.56939936,EL POBLADO,50,57,True
754,S-97,4,97,CR 43 A  CL 19,6.22000149,-75.56939936,EL POBLADO,50,65,True
755,S-97,5,97,CR 43 A  CL 19,6.22000149,-75.56939936,EL POBLADO,50,55,True
756,S-97,6,97,CR 43 A  CL 19,6.22000149,-75.56939936,EL POBLADO,50,37,False
757,S-97,7,97,CR 43 A  CL 19,6.22000149,-75.56939936,EL POBLADO,50,79,True
758,S-97,8,97,CR 43 A  CL 19,6.22000149,-75.56939936,EL POBLADO,50,57,True
759,S-97,9,97,CR 43 A  CL 19,6.22000149,-75.56939936,EL POBLADO,50,57,True
760,S-97,10,97,CR 43 A  CL 19,6.22000149,-75.56939936,EL POBLADO,50,66,True
761,S-99,1,99,CR 43 A  CL 23,6.22340998,-75.56921038,EL POBLADO,50,70,True
762,S-99,2,99,CR 43 A  CL 23,6.22340998,-75.56921038,EL POBLADO,50,65,True
763,S-99,3,99,CR 43 A  CL 23,6.22340998,-75.56921038,EL POBLADO,50,56,True
764,S-99,4,99,CR 43 A  CL 23,6.22340998,-75.56921038,EL POBLADO,50,46,False
765,S-99,5,99,CR 43 A  CL 23,6.22340998,-75.56921038,EL POBLADO,50,38,False
766,S-99,6,99,CR 43 A  CL 23,6.22340998,-75.56921038,EL POBLADO,50,62,True
767,S-99,7,99,CR 43 A  CL 23,6.22340998,-75.56921038,EL POBLADO,50,49,False
768,S-99,8,99,CR 43 A  CL 23,6.22340998,-75.56921038,EL POBLADO,50,42,False
769,S-99,9,99,CR 43 A  CL 23,6.22340998,-75.56921038,EL POBLADO,50,57,True
770,S-99,10,99,CR 43 A  CL 23,6.22340998,-75.56921038,EL POBLADO,50,77,True
771,S-100,1,100,CR 43 A  CL 25,6.22499031,-75.56912311,EL POBLADO,50,58,True
772,S-100,2,100,CR 43 A  CL 25,6.22499031,-75.56912311,EL POBLADO,50,42,False
773,S-100,3,100,CR 43 A  CL 25,6.22499031,-75.56912311,EL POBLADO,50,75,True
774,S-100,4,100,CR 43 A  CL 25,6.22499031,-75.56912311,EL POBLADO,50,64,True
775,S-100,5,100,CR 43 A  CL 25,6.22499031,-75.56912311,EL POBLADO,50,35,False
776,S-100,6,100,CR 43 A  CL 25,6.22499031,-75.56912311,EL POBLADO,50,47,False
777,S-100,7,100,CR 43 A  CL 25,6.22499031,-75.56912311,EL POBLADO,50,80,True
778,S-100,8,100,CR 43 A  CL 25,6.22499031,-75.56912311,EL POBLADO,50,34,False
779,S-100,9,100,CR 43 A  CL 25,6.22499031,-75.56912311,EL POBLADO,50,76,True
780,S-100,10,100,CR 43 A  CL 25,6.22499031,-75.56912311,EL POBLADO,50,54,True
781,S-101,1,101,CR 43 A  CL 3 S,6.20094645,-75.57256619,EL POBLADO,50,31,False
782,S-101,2,101,CR 43 A  CL 3 S,6.20094645,-75.57256619,EL POBLADO,50,39,False
783,S-101,3,101,CR 43 A  CL 3 S,6.20094645,-75.57256619,EL POBLADO,50,59,True
784,S-101,4,101,CR 43 A  CL 3 S,6.20094645,-75.57256619,EL POBLADO,50,79,True
785,S-101,5,101,CR 43 A  CL 3 S,6.20094645,-75.57256619,EL POBLADO,50,74,True
786,S-101,6,101,CR 43 A  CL 3 S,6.20094645,-75.57256619,EL POBLADO,50,34,False
787,S-101,7,101,CR 43 A  CL 3 S,6.20094645,-75.57256619,EL POBLADO,50,62,True
788,S-101,8,101,CR 43 A  CL 3 S,6.20094645,-75.57256619,EL POBLADO,50,30,False
789,S-101,9,101,CR 43 A  CL 3 S,6.20094645,-75.57256619,EL POBLADO,50,47,False
790,S-101,10,101,CR 43 A  CL 3 S,6.20094645,-75.57256619,EL POBLADO,50,61,True
791,S-102,1,102,CR 43 A  CL 31,6.23119599,-75.56997603,LA CANDELARIA,50,76,True
792,S-102,2,102,CR 43 A  CL 31,6.23119599,-75.56997603,LA CANDELARIA,50,78,True
793,S-102,3,102,CR 43 A  CL 31,6.23119599,-75.56997603,LA CANDELARIA,50,40,False
794,S-102,4,102,CR 43 A  CL 31,6.23119599,-75.56997603,LA CANDELARIA,50,50,False
795,S-102,5,102,CR 43 A  CL 31,6.23119599,-75.56997603,LA CANDELARIA,50,55,True
796,S-102,6,102,CR 43 A  CL 31,6.23119599,-75.56997603,LA CANDELARIA,50,54,True
797,S-102,7,102,CR 43 A  CL 31,6.23119599,-75.56997603,LA CANDELARIA,50,51,True
798,S-102,8,102,CR 43 A  CL 31,6.23119599,-75.56997603,LA CANDELARIA,50,56,True
799,S-102,9,102,CR 43 A  CL 31,6.23119599,-75.56997603,LA CANDELARIA,50,78,True
800,S-102,10,102,CR 43 A  CL 31,6.23119599,-75.56997603,LA CANDELARIA,50,42,False
801,S-146,1,146,CR 45  CL 36,6.23665315,-75.57047225,LA CANDELARIA,50,62,True
802,S-146,2,146,CR 45  CL 36,6.23665315,-75.57047225,LA CANDELARIA,50,63,True
803,S-146,3,146,CR 45  CL 36,6.23665315,-75.57047225,LA CANDELARIA,50,70,True
804,S-146,4,146,CR 45  CL 36,6.23665315,-75.57047225,LA CANDELARIA,50,64,True
805,S-146,5,146,CR 45  CL 36,6.23665315,-75.57047225,LA CANDELARIA,50,30,False
806,S-146,6,146,CR 45  CL 36,6.23665315,-75.57047225,LA CANDELARIA,50,50,False
807,S-146,7,146,CR 45  CL 36,6.23665315,-75.57047225,LA CANDELARIA,50,77,True
808,S-146,8,146,CR 45  CL 36,6.23665315,-75.57047225,LA CANDELARIA,50,35,False
809,S-146,9,146,CR 45  CL 36,6.23665315,-75.57047225,LA CANDELARIA,50,57,True
810,S-146,10,146,CR 45  CL 36,6.23665315,-75.57047225,LA CANDELARIA,50,46,False
811,S-104,1,104,CR 43 A  CL 36-37Glorieta San Diego,6.23683651,-75.57000349,LA CANDELARIA,50,34,False
812,S-104,2,104,CR 43 A  CL 36-37Glorieta San Diego,6.23683651,-75.57000349,LA CANDELARIA,50,60,True
813,S-104,3,104,CR 43 A  CL 36-37Glorieta San Diego,6.23683651,-75.57000349,LA CANDELARIA,50,34,False
814,S-104,4,104,CR 43 A  CL 36-37Glorieta San Diego,6.23683651,-75.57000349,LA CANDELARIA,50,67,True
815,S-104,5,104,CR 43 A  CL 36-37Glorieta San Diego,6.23683651,-75.57000349,LA CANDELARIA,50,32,False
816,S-104,6,104,CR 43 A  CL 36-37Glorieta San Diego,6.23683651,-75.57000349,LA CANDELARIA,50,52,True
817,S-104,7,104,CR 43 A  CL 36-37Glorieta San Diego,6.23683651,-75.57000349,LA CANDELARIA,50,66,True
818,S-104,8,104,CR 43 A  CL 36-37Glorieta San Diego,6.23683651,-75.57000349,LA CANDELARIA,50,66,True
819,S-104,9,104,CR 43 A  CL 36-37Glorieta San Diego,6.23683651,-75.57000349,LA CANDELARIA,50,39,False
820,S-104,10,104,CR 43 A  CL 36-37Glorieta San Diego,6.23683651,-75.57000349,LA CANDELARIA,50,39,False
821,S-106,1,106,CR 43 A  CL 5 A Norte,6.20606375,-75.57157239,EL POBLADO,50,48,False
822,S-106,2,106,CR 43 A  CL 5 A Norte,6.20606375,-75.57157239,EL POBLADO,50,46,False
823,S-106,3,106,CR 43 A  CL 5 A Norte,6.20606375,-75.57157239,EL POBLADO,50,50,False
824,S-106,4,106,CR 43 A  CL 5 A Norte,6.20606375,-75.57157239,EL POBLADO,50,43,False
825,S-106,5,106,CR 43 A  CL 5 A Norte,6.20606375,-75.57157239,EL POBLADO,50,38,False
826,S-106,6,106,CR 43 A  CL 5 A Norte,6.20606375,-75.57157239,EL POBLADO,50,75,True
827,S-106,7,106,CR 43 A  CL 5 A Norte,6.20606375,-75.57157239,EL POBLADO,50,30,False
828,S-106,8,106,CR 43 A  CL 5 A Norte,6.20606375,-75.57157239,EL POBLADO,50,80,True
829,S-106,9,106,CR 43 A  CL 5 A Norte,6.20606375,-75.57157239,EL POBLADO,50,74,True
830,S-106,10,106,CR 43 A  CL 5 A Norte,6.20606375,-75.57157239,EL POBLADO,50,42,False
831,S-107,1,107,CR 43 A  CL 5 S,6.19981588,-75.57330215,EL POBLADO,50,33,False
832,S-107,2,107,CR 43 A  CL 5 S,6.19981588,-75.57330215,EL POBLADO,50,30,False
833,S-107,3,107,CR 43 A  CL 5 S,6.19981588,-75.57330215,EL POBLADO,50,78,True
834,S-107,4,107,CR 43 A  CL 5 S,6.19981588,-75.57330215,EL POBLADO,50,69,True
835,S-107,5,107,CR 43 A  CL 5 S,6.19981588,-75.57330215,EL POBLADO,50,61,True
836,S-107,6,107,CR 43 A  CL 5 S,6.19981588,-75.57330215,EL POBLADO,50,63,True
837,S-107,7,107,CR 43 A  CL 5 S,6.19981588,-75.57330215,EL POBLADO,50,57,True
838,S-107,8,107,CR 43 A  CL 5 S,6.19981588,-75.57330215,EL POBLADO,50,60,True
839,S-107,9,107,CR 43 A  CL 5 S,6.19981588,-75.57330215,EL POBLADO,50,37,False
840,S-107,10,107,CR 43 A  CL 5 S,6.19981588,-75.57330215,EL POBLADO,50,68,True
841,S-108,1,108,CR 43 A  CL 9,6.209757,-75.57080316,EL POBLADO,50,55,True
842,S-108,2,108,CR 43 A  CL 9,6.209757,-75.57080316,EL POBLADO,50,63,True
843,S-108,3,108,CR 43 A  CL 9,6.209757,-75.57080316,EL POBLADO,50,32,False
844,S-108,4,108,CR 43 A  CL 9,6.209757,-75.57080316,EL POBLADO,50,79,True
845,S-108,5,108,CR 43 A  CL 9,6.209757,-75.57080316,EL POBLADO,50,41,False
846,S-108,6,108,CR 43 A  CL 9,6.209757,-75.57080316,EL POBLADO,50,30,False
847,S-108,7,108,CR 43 A  CL 9,6.209757,-75.57080316,EL POBLADO,50,73,True
848,S-108,8,108,CR 43 A  CL 9,6.209757,-75.57080316,EL POBLADO,50,34,False
849,S-108,9,108,CR 43 A  CL 9,6.209757,-75.57080316,EL POBLADO,50,59,True
850,S-108,10,108,CR 43 A  CL 9,6.209757,-75.57080316,EL POBLADO,50,59,True
851,S-109,1,109,CR 43 A  CL 9 S,6.19622636,-75.57490955,EL POBLADO,50,46,False
852,S-109,2,109,CR 43 A  CL 9 S,6.19622636,-75.57490955,EL POBLADO,50,77,True
853,S-109,3,109,CR 43 A  CL 9 S,6.19622636,-75.57490955,EL POBLADO,50,76,True
854,S-109,4,109,CR 43 A  CL 9 S,6.19622636,-75.57490955,EL POBLADO,50,52,True
855,S-109,5,109,CR 43 A  CL 9 S,6.19622636,-75.57490955,EL POBLADO,50,44,False
856,S-109,6,109,CR 43 A  CL 9 S,6.19622636,-75.57490955,EL POBLADO,50,66,True
857,S-109,7,109,CR 43 A  CL 9 S,6.19622636,-75.57490955,EL POBLADO,50,50,False
858,S-109,8,109,CR 43 A  CL 9 S,6.19622636,-75.57490955,EL POBLADO,50,43,False
859,S-109,9,109,CR 43 A  CL 9 S,6.19622636,-75.57490955,EL POBLADO,50,31,False
860,S-109,10,109,CR 43 A  CL 9 S,6.19622636,-75.57490955,EL POBLADO,50,40,False
861,S-110,1,110,CR 43 B  CL 10,6.21084635,-75.5711087,EL POBLADO,50,80,True
862,S-110,2,110,CR 43 B  CL 10,6.21084635,-75.5711087,EL POBLADO,50,68,True
863,S-110,3,110,CR 43 B  CL 10,6.21084635,-75.5711087,EL POBLADO,50,67,True
864,S-110,4,110,CR 43 B  CL 10,6.21084635,-75.5711087,EL POBLADO,50,63,True
865,S-110,5,110,CR 43 B  CL 10,6.21084635,-75.5711087,EL POBLADO,50,67,True
866,S-110,6,110,CR 43 B  CL 10,6.21084635,-75.5711087,EL POBLADO,50,79,True
867,S-110,7,110,CR 43 B  CL 10,6.21084635,-75.5711087,EL POBLADO,50,63,True
868,S-110,8,110,CR 43 B  CL 10,6.21084635,-75.5711087,EL POBLADO,50,47,False
869,S-110,9,110,CR 43 B  CL 10,6.21084635,-75.5711087,EL POBLADO,50,59,True
870,S-110,10,110,CR 43 B  CL 10,6.21084635,-75.5711087,EL POBLADO,50,44,False
871,S-118,1,118,CR 43 D  CL 11,6.21226298,-75.57214579,EL POBLADO,50,56,True
872,S-118,2,118,CR 43 D  CL 11,6.21226298,-75.57214579,EL POBLADO,50,80,True
873,S-118,3,118,CR 43 D  CL 11,6.21226298,-75.57214579,EL POBLADO,50,63,True
874,S-118,4,118,CR 43 D  CL 11,6.21226298,-75.57214579,EL POBLADO,50,67,True
875,S-118,5,118,CR 43 D  CL 11,6.21226298,-75.57214579,EL POBLADO,50,62,True
876,S-118,6,118,CR 43 D  CL 11,6.21226298,-75.57214579,EL POBLADO,50,53,True
877,S-118,7,118,CR 43 D  CL 11,6.21226298,-75.57214579,EL POBLADO,50,44,False
878,S-118,8,118,CR 43 D  CL 11,6.21226298,-75.57214579,EL POBLADO,50,59,True
879,S-118,9,118,CR 43 D  CL 11,6.21226298,-75.57214579,EL POBLADO,50,71,True
880,S-118,10,118,CR 43 D  CL 11,6.21226298,-75.57214579,EL POBLADO,50,80,True
881,S-120,1,120,CR 43 F  CL 11,6.21286372,-75.57394551,EL POBLADO,50,46,False
882,S-120,2,120,CR 43 F  CL 11,6.21286372,-75.57394551,EL POBLADO,50,34,False
883,S-120,3,120,CR 43 F  CL 11,6.21286372,-75.57394551,EL POBLADO,50,58,True
884,S-120,4,120,CR 43 F  CL 11,6.21286372,-75.57394551,EL POBLADO,50,33,False
885,S-120,5,120,CR 43 F  CL 11,6.21286372,-75.57394551,EL POBLADO,50,39,False
886,S-120,6,120,CR 43 F  CL 11,6.21286372,-75.57394551,EL POBLADO,50,46,False
887,S-120,7,120,CR 43 F  CL 11,6.21286372,-75.57394551,EL POBLADO,50,39,False
888,S-120,8,120,CR 43 F  CL 11,6.21286372,-75.57394551,EL POBLADO,50,46,False
889,S-120,9,120,CR 43 F  CL 11,6.21286372,-75.57394551,EL POBLADO,50,49,False
890,S-120,10,120,CR 43 F  CL 11,6.21286372,-75.57394551,EL POBLADO,50,53,True
891,S-119,1,119,CR 43 F  CL 10,6.21248649,-75.57479652,EL POBLADO,50,34,False
892,S-119,2,119,CR 43 F  CL 10,6.21248649,-75.57479652,EL POBLADO,50,63,True
893,S-119,3,119,CR 43 F  CL 10,6.21248649,-75.57479652,EL POBLADO,50,35,False
894,S-119,4,119,CR 43 F  CL 10,6.21248649,-75.57479652,EL POBLADO,50,31,False
895,S-119,5,119,CR 43 F  CL 10,6.21248649,-75.57479652,EL POBLADO,50,42,False
896,S-119,6,119,CR 43 F  CL 10,6.21248649,-75.57479652,EL POBLADO,50,72,True
897,S-119,7,119,CR 43 F  CL 10,6.21248649,-75.57479652,EL POBLADO,50,72,True
898,S-119,8,119,CR 43 F  CL 10,6.21248649,-75.57479652,EL POBLADO,50,77,True
899,S-119,9,119,CR 43 F  CL 10,6.21248649,-75.57479652,EL POBLADO,50,40,False
900,S-119,10,119,CR 43 F  CL 10,6.21248649,-75.57479652,EL POBLADO,50,80,True
901,S-121,1,121,CR 43 G  CL 29,6.22847311,-75.57076878,EL POBLADO,50,76,True
902,S-121,2,121,CR 43 G  CL 29,6.22847311,-75.57076878,EL POBLADO,50,52,True
903,S-121,3,121,CR 43 G  CL 29,6.22847311,-75.57076878,EL POBLADO,50,45,False
904,S-121,4,121,CR 43 G  CL 29,6.22847311,-75.57076878,EL POBLADO,50,60,True
905,S-121,5,121,CR 43 G  CL 29,6.22847311,-75.57076878,EL POBLADO,50,40,False
906,S-121,6,121,CR 43 G  CL 29,6.22847311,-75.57076878,EL POBLADO,50,45,False
907,S-121,7,121,CR 43 G  CL 29,6.22847311,-75.57076878,EL POBLADO,50,37,False
908,S-121,8,121,CR 43 G  CL 29,6.22847311,-75.57076878,EL POBLADO,50,33,False
909,S-121,9,121,CR 43 G  CL 29,6.22847311,-75.57076878,EL POBLADO,50,69,True
910,S-121,10,121,CR 43 G  CL 29,6.22847311,-75.57076878,EL POBLADO,50,33,False
911,S-122,1,122,CR 43  CL 44,6.24265719,-75.5651968,LA CANDELARIA,50,54,True
912,S-122,2,122,CR 43  CL 44,6.24265719,-75.5651968,LA CANDELARIA,50,32,False
913,S-122,3,122,CR 43  CL 44,6.24265719,-75.5651968,LA CANDELARIA,50,61,True
914,S-122,4,122,CR 43  CL 44,6.24265719,-75.5651968,LA CANDELARIA,50,32,False
915,S-122,5,122,CR 43  CL 44,6.24265719,-75.5651968,LA CANDELARIA,50,56,True
916,S-122,6,122,CR 43  CL 44,6.24265719,-75.5651968,LA CANDELARIA,50,58,True
917,S-122,7,122,CR 43  CL 44,6.24265719,-75.5651968,LA CANDELARIA,50,61,True
918,S-122,8,122,CR 43  CL 44,6.24265719,-75.5651968,LA CANDELARIA,50,79,True
919,S-122,9,122,CR 43  CL 44,6.24265719,-75.5651968,LA CANDELARIA,50,80,True
920,S-122,10,122,CR 43  CL 44,6.24265719,-75.5651968,LA CANDELARIA,50,48,False
921,S-123,1,123,CR 43  CL 46,6.24364781,-75.56471722,LA CANDELARIA,50,50,False
922,S-123,2,123,CR 43  CL 46,6.24364781,-75.56471722,LA CANDELARIA,50,34,False
923,S-123,3,123,CR 43  CL 46,6.24364781,-75.56471722,LA CANDELARIA,50,47,False
924,S-123,4,123,CR 43  CL 46,6.24364781,-75.56471722,LA CANDELARIA,50,57,True
925,S-123,5,123,CR 43  CL 46,6.24364781,-75.56471722,LA CANDELARIA,50,71,True
926,S-123,6,123,CR 43  CL 46,6.24364781,-75.56471722,LA CANDELARIA,50,51,True
927,S-123,7,123,CR 43  CL 46,6.24364781,-75.56471722,LA CANDELARIA,50,50,False
928,S-123,8,123,CR 43  CL 46,6.24364781,-75.56471722,LA CANDELARIA,50,35,False
929,S-123,9,123,CR 43  CL 46,6.24364781,-75.56471722,LA CANDELARIA,50,30,False
930,S-123,10,123,CR 43  CL 46,6.24364781,-75.56471722,LA CANDELARIA,50,34,False
931,S-154,1,154,CR 45  CL 53,6.24961051,-75.56306985,LA CANDELARIA,50,70,True
932,S-154,2,154,CR 45  CL 53,6.24961051,-75.56306985,LA CANDELARIA,50,41,False
933,S-154,3,154,CR 45  CL 53,6.24961051,-75.56306985,LA CANDELARIA,50,55,True
934,S-154,4,154,CR 45  CL 53,6.24961051,-75.56306985,LA CANDELARIA,50,75,True
935,S-154,5,154,CR 45  CL 53,6.24961051,-75.56306985,LA CANDELARIA,50,63,True
936,S-154,6,154,CR 45  CL 53,6.24961051,-75.56306985,LA CANDELARIA,50,78,True
937,S-154,7,154,CR 45  CL 53,6.24961051,-75.56306985,LA CANDELARIA,50,43,False
938,S-154,8,154,CR 45  CL 53,6.24961051,-75.56306985,LA CANDELARIA,50,55,True
939,S-154,9,154,CR 45  CL 53,6.24961051,-75.56306985,LA CANDELARIA,50,74,True
940,S-154,10,154,CR 45  CL 53,6.24961051,-75.56306985,LA CANDELARIA,50,56,True
941,S-155,1,155,CR 45  CL 54,6.25055697,-75.56238521,LA CANDELARIA,50,38,False
942,S-155,2,155,CR 45  CL 54,6.25055697,-75.56238521,LA CANDELARIA,50,55,True
943,S-155,3,155,CR 45  CL 54,6.25055697,-75.56238521,LA CANDELARIA,50,76,True
944,S-155,4,155,CR 45  CL 54,6.25055697,-75.56238521,LA CANDELARIA,50,51,True
945,S-155,5,155,CR 45  CL 54,6.25055697,-75.56238521,LA CANDELARIA,50,76,True
946,S-155,6,155,CR 45  CL 54,6.25055697,-75.56238521,LA CANDELARIA,50,59,True
947,S-155,7,155,CR 45  CL 54,6.25055697,-75.56238521,LA CANDELARIA,50,72,True
948,S-155,8,155,CR 45  CL 54,6.25055697,-75.56238521,LA CANDELARIA,50,77,True
949,S-155,9,155,CR 45  CL 54,6.25055697,-75.56238521,LA CANDELARIA,50,46,False
950,S-155,10,155,CR 45  CL 54,6.25055697,-75.56238521,LA CANDELARIA,50,55,True
951,S-156,1,156,CR 45  CL 55,6.25122592,-75.56190788,LA CANDELARIA,50,65,True
952,S-156,2,156,CR 45  CL 55,6.25122592,-75.56190788,LA CANDELARIA,50,30,False
953,S-156,3,156,CR 45  CL 55,6.25122592,-75.56190788,LA CANDELARIA,50,37,False
954,S-156,4,156,CR 45  CL 55,6.25122592,-75.56190788,LA CANDELARIA,50,78,True
955,S-156,5,156,CR 45  CL 55,6.25122592,-75.56190788,LA CANDELARIA,50,64,True
956,S-156,6,156,CR 45  CL 55,6.25122592,-75.56190788,LA CANDELARIA,50,44,False
957,S-156,7,156,CR 45  CL 55,6.25122592,-75.56190788,LA CANDELARIA,50,76,True
958,S-156,8,156,CR 45  CL 55,6.25122592,-75.56190788,LA CANDELARIA,50,51,True
959,S-156,9,156,CR 45  CL 55,6.25122592,-75.56190788,LA CANDELARIA,50,43,False
960,S-156,10,156,CR 45  CL 55,6.25122592,-75.56190788,LA CANDELARIA,50,55,True
961,S-157,1,157,CR 45  CL 56,6.25186431,-75.5614564,LA CANDELARIA,50,57,True
962,S-157,2,157,CR 45  CL 56,6.25186431,-75.5614564,LA CANDELARIA,50,52,True
963,S-157,3,157,CR 45  CL 56,6.25186431,-75.5614564,LA CANDELARIA,50,43,False
964,S-157,4,157,CR 45  CL 56,6.25186431,-75.5614564,LA CANDELARIA,50,53,True
965,S-157,5,157,CR 45  CL 56,6.25186431,-75.5614564,LA CANDELARIA,50,31,False
966,S-157,6,157,CR 45  CL 56,6.25186431,-75.5614564,LA CANDELARIA,50,74,True
967,S-157,7,157,CR 45  CL 56,6.25186431,-75.5614564,LA CANDELARIA,50,55,True
968,S-157,8,157,CR 45  CL 56,6.25186431,-75.5614564,LA CANDELARIA,50,43,False
969,S-157,9,157,CR 45  CL 56,6.25186431,-75.5614564,LA CANDELARIA,50,80,True
970,S-157,10,157,CR 45  CL 56,6.25186431,-75.5614564,LA CANDELARIA,50,36,False
971,S-158,1,158,CR 45  CL 57,6.25248254,-75.56103224,LA CANDELARIA,50,32,False
972,S-158,2,158,CR 45  CL 57,6.25248254,-75.56103224,LA CANDELARIA,50,76,True
973,S-158,3,158,CR 45  CL 57,6.25248254,-75.56103224,LA CANDELARIA,50,52,True
974,S-158,4,158,CR 45  CL 57,6.25248254,-75.56103224,LA CANDELARIA,50,75,True
975,S-158,5,158,CR 45  CL 57,6.25248254,-75.56103224,LA CANDELARIA,50,72,True
976,S-158,6,158,CR 45  CL 57,6.25248254,-75.56103224,LA CANDELARIA,50,76,True
977,S-158,7,158,CR 45  CL 57,6.25248254,-75.56103224,LA CANDELARIA,50,74,True
978,S-158,8,158,CR 45  CL 57,6.25248254,-75.56103224,LA CANDELARIA,50,47,False
979,S-158,9,158,CR 45  CL 57,6.25248254,-75.56103224,LA CANDELARIA,50,67,True
980,S-158,10,158,CR 45  CL 57,6.25248254,-75.56103224,LA CANDELARIA,50,64,True
981,S-159,1,159,CR 45  CL 58,6.25323318,-75.56051061,LA CANDELARIA,50,80,True
982,S-159,2,159,CR 45  CL 58,6.25323318,-75.56051061,LA CANDELARIA,50,44,False
983,S-159,3,159,CR 45  CL 58,6.25323318,-75.56051061,LA CANDELARIA,50,54,True
984,S-159,4,159,CR 45  CL 58,6.25323318,-75.56051061,LA CANDELARIA,50,66,True
985,S-159,5,159,CR 45  CL 58,6.25323318,-75.56051061,LA CANDELARIA,50,57,True
986,S-159,6,159,CR 45  CL 58,6.25323318,-75.56051061,LA CANDELARIA,50,39,False
987,S-159,7,159,CR 45  CL 58,6.25323318,-75.56051061,LA CANDELARIA,50,68,True
988,S-159,8,159,CR 45  CL 58,6.25323318,-75.56051061,LA CANDELARIA,50,46,False
989,S-159,9,159,CR 45  CL 58,6.25323318,-75.56051061,LA CANDELARIA,50,68,True
990,S-159,10,159,CR 45  CL 58,6.25323318,-75.56051061,LA CANDELARIA,50,51,True
991,S-160,1,160,CR 45  CL 65 G,6.26140743,-75.55633427,LA CANDELARIA,50,55,True
992,S-160,2,160,CR 45  CL 65 G,6.26140743,-75.55633427,LA CANDELARIA,50,73,True
993,S-160,3,160,CR 45  CL 65 G,6.26140743,-75.55633427,LA CANDELARIA,50,54,True
994,S-160,4,160,CR 45  CL 65 G,6.26140743,-75.55633427,LA CANDELARIA,50,46,False
995,S-160,5,160,CR 45  CL 65 G,6.26140743,-75.55633427,LA CANDELARIA,50,42,False
996,S-160,6,160,CR 45  CL 65 G,6.26140743,-75.55633427,LA CANDELARIA,50,49,False
997,S-160,7,160,CR 45  CL 65 G,6.26140743,-75.55633427,LA CANDELARIA,50,54,True
998,S-160,8,160,CR 45  CL 65 G,6.26140743,-75.55633427,LA CANDELARIA,50,33,False
999,S-160,9,160,CR 45  CL 65 G,6.26140743,-75.55633427,LA CANDELARIA,50,39,False
1000,S-160,10,160,CR 45  CL 65 G,6.26140743,-75.55633427,LA CANDELARIA,50,32,False
1001,S-162,1,162,CR 45  CL 69,6.26434178,-75.55538622,MANRIQUE,50,70,True
1002,S-162,2,162,CR 45  CL 69,6.26434178,-75.55538622,MANRIQUE,50,74,True
1003,S-162,3,162,CR 45  CL 69,6.26434178,-75.55538622,MANRIQUE,50,47,False
1004,S-162,4,162,CR 45  CL 69,6.26434178,-75.55538622,MANRIQUE,50,76,True
1005,S-162,5,162,CR 45  CL 69,6.26434178,-75.55538622,MANRIQUE,50,65,True
1006,S-162,6,162,CR 45  CL 69,6.26434178,-75.55538622,MANRIQUE,50,76,True
1007,S-162,7,162,CR 45  CL 69,6.26434178,-75.55538622,MANRIQUE,50,51,True
1008,S-162,8,162,CR 45  CL 69,6.26434178,-75.55538622,MANRIQUE,50,63,True
1009,S-162,9,162,CR 45  CL 69,6.26434178,-75.55538622,MANRIQUE,50,76,True
1010,S-162,10,162,CR 45  CL 69,6.26434178,-75.55538622,MANRIQUE,50,37,False
1011,S-163,1,163,CR 45  CL 71 A,6.26677662,-75.55512805,ARANJUEZ,50,69,True
1012,S-163,2,163,CR 45  CL 71 A,6.26677662,-75.55512805,ARANJUEZ,50,78,True
1013,S-163,3,163,CR 45  CL 71 A,6.26677662,-75.55512805,ARANJUEZ,50,73,True
1014,S-163,4,163,CR 45  CL 71 A,6.26677662,-75.55512805,ARANJUEZ,50,48,False
1015,S-163,5,163,CR 45  CL 71 A,6.26677662,-75.55512805,ARANJUEZ,50,71,True
1016,S-163,6,163,CR 45  CL 71 A,6.26677662,-75.55512805,ARANJUEZ,50,70,True
1017,S-163,7,163,CR 45  CL 71 A,6.26677662,-75.55512805,ARANJUEZ,50,66,True
1018,S-163,8,163,CR 45  CL 71 A,6.26677662,-75.55512805,ARANJUEZ,50,35,False
1019,S-163,9,163,CR 45  CL 71 A,6.26677662,-75.55512805,ARANJUEZ,50,55,True
1020,S-163,10,163,CR 45  CL 71 A,6.26677662,-75.55512805,ARANJUEZ,50,63,True
1021,S-164,1,164,CR 45  CL 73,6.26829188,-75.55496112,ARANJUEZ,50,74,True
1022,S-164,2,164,CR 45  CL 73,6.26829188,-75.55496112,ARANJUEZ,50,35,False
1023,S-164,3,164,CR 45  CL 73,6.26829188,-75.55496112,ARANJUEZ,50,66,True
1024,S-164,4,164,CR 45  CL 73,6.26829188,-75.55496112,ARANJUEZ,50,62,True
1025,S-164,5,164,CR 45  CL 73,6.26829188,-75.55496112,ARANJUEZ,50,51,True
1026,S-164,6,164,CR 45  CL 73,6.26829188,-75.55496112,ARANJUEZ,50,50,False
1027,S-164,7,164,CR 45  CL 73,6.26829188,-75.55496112,ARANJUEZ,50,35,False
1028,S-164,8,164,CR 45  CL 73,6.26829188,-75.55496112,ARANJUEZ,50,35,False
1029,S-164,9,164,CR 45  CL 73,6.26829188,-75.55496112,ARANJUEZ,50,77,True
1030,S-164,10,164,CR 45  CL 73,6.26829188,-75.55496112,ARANJUEZ,50,33,False
1031,S-165,1,165,CR 45  CL 78,6.27110459,-75.55446105,ARANJUEZ,50,59,True
1032,S-165,2,165,CR 45  CL 78,6.27110459,-75.55446105,ARANJUEZ,50,40,False
1033,S-165,3,165,CR 45  CL 78,6.27110459,-75.55446105,ARANJUEZ,50,59,True
1034,S-165,4,165,CR 45  CL 78,6.27110459,-75.55446105,ARANJUEZ,50,60,True
1035,S-165,5,165,CR 45  CL 78,6.27110459,-75.55446105,ARANJUEZ,50,53,True
1036,S-165,6,165,CR 45  CL 78,6.27110459,-75.55446105,ARANJUEZ,50,38,False
1037,S-165,7,165,CR 45  CL 78,6.27110459,-75.55446105,ARANJUEZ,50,32,False
1038,S-165,8,165,CR 45  CL 78,6.27110459,-75.55446105,ARANJUEZ,50,80,True
1039,S-165,9,165,CR 45  CL 78,6.27110459,-75.55446105,ARANJUEZ,50,60,True
1040,S-165,10,165,CR 45  CL 78,6.27110459,-75.55446105,ARANJUEZ,50,69,True
1041,S-166,1,166,CR 45  CL 80,6.27279582,-75.55412725,MANRIQUE,50,66,True
1042,S-166,2,166,CR 45  CL 80,6.27279582,-75.55412725,MANRIQUE,50,65,True
1043,S-166,3,166,CR 45  CL 80,6.27279582,-75.55412725,MANRIQUE,50,53,True
1044,S-166,4,166,CR 45  CL 80,6.27279582,-75.55412725,MANRIQUE,50,60,True
1045,S-166,5,166,CR 45  CL 80,6.27279582,-75.55412725,MANRIQUE,50,35,False
1046,S-166,6,166,CR 45  CL 80,6.27279582,-75.55412725,MANRIQUE,50,31,False
1047,S-166,7,166,CR 45  CL 80,6.27279582,-75.55412725,MANRIQUE,50,49,False
1048,S-166,8,166,CR 45  CL 80,6.27279582,-75.55412725,MANRIQUE,50,57,True
1049,S-166,9,166,CR 45  CL 80,6.27279582,-75.55412725,MANRIQUE,50,40,False
1050,S-166,10,166,CR 45  CL 80,6.27279582,-75.55412725,MANRIQUE,50,33,False
1051,S-167,1,167,CR 45  CL 84,6.2762176,-75.55352241,ARANJUEZ,50,44,False
1052,S-167,2,167,CR 45  CL 84,6.2762176,-75.55352241,ARANJUEZ,50,35,False
1053,S-167,3,167,CR 45  CL 84,6.2762176,-75.55352241,ARANJUEZ,50,78,True
1054,S-167,4,167,CR 45  CL 84,6.2762176,-75.55352241,ARANJUEZ,50,59,True
1055,S-167,5,167,CR 45  CL 84,6.2762176,-75.55352241,ARANJUEZ,50,67,True
1056,S-167,6,167,CR 45  CL 84,6.2762176,-75.55352241,ARANJUEZ,50,80,True
1057,S-167,7,167,CR 45  CL 84,6.2762176,-75.55352241,ARANJUEZ,50,31,False
1058,S-167,8,167,CR 45  CL 84,6.2762176,-75.55352241,ARANJUEZ,50,44,False
1059,S-167,9,167,CR 45  CL 84,6.2762176,-75.55352241,ARANJUEZ,50,40,False
1060,S-167,10,167,CR 45  CL 84,6.2762176,-75.55352241,ARANJUEZ,50,37,False
1061,S-168,1,168,CR 45  CL 86,6.27877373,-75.55304295,MANRIQUE,50,55,True
1062,S-168,2,168,CR 45  CL 86,6.27877373,-75.55304295,MANRIQUE,50,80,True
1063,S-168,3,168,CR 45  CL 86,6.27877373,-75.55304295,MANRIQUE,50,74,True
1064,S-168,4,168,CR 45  CL 86,6.27877373,-75.55304295,MANRIQUE,50,73,True
1065,S-168,5,168,CR 45  CL 86,6.27877373,-75.55304295,MANRIQUE,50,34,False
1066,S-168,6,168,CR 45  CL 86,6.27877373,-75.55304295,MANRIQUE,50,35,False
1067,S-168,7,168,CR 45  CL 86,6.27877373,-75.55304295,MANRIQUE,50,55,True
1068,S-168,8,168,CR 45  CL 86,6.27877373,-75.55304295,MANRIQUE,50,33,False
1069,S-168,9,168,CR 45  CL 86,6.27877373,-75.55304295,MANRIQUE,50,48,False
1070,S-168,10,168,CR 45  CL 86,6.27877373,-75.55304295,MANRIQUE,50,49,False
1071,S-171,1,171,CR 46  CL 38,6.23835478,-75.57041106,LA CANDELARIA,50,62,True
1072,S-171,2,171,CR 46  CL 38,6.23835478,-75.57041106,LA CANDELARIA,50,49,False
1073,S-171,3,171,CR 46  CL 38,6.23835478,-75.57041106,LA CANDELARIA,50,78,True
1074,S-171,4,171,CR 46  CL 38,6.23835478,-75.57041106,LA CANDELARIA,50,41,False
1075,S-171,5,171,CR 46  CL 38,6.23835478,-75.57041106,LA CANDELARIA,50,76,True
1076,S-171,6,171,CR 46  CL 38,6.23835478,-75.57041106,LA CANDELARIA,50,30,False
1077,S-171,7,171,CR 46  CL 38,6.23835478,-75.57041106,LA CANDELARIA,50,55,True
1078,S-171,8,171,CR 46  CL 38,6.23835478,-75.57041106,LA CANDELARIA,50,43,False
1079,S-171,9,171,CR 46  CL 38,6.23835478,-75.57041106,LA CANDELARIA,50,67,True
1080,S-171,10,171,CR 46  CL 38,6.23835478,-75.57041106,LA CANDELARIA,50,66,True
1081,S-172,1,172,CR 46  CL 41,6.24106947,-75.56966685,LA CANDELARIA,50,40,False
1082,S-172,2,172,CR 46  CL 41,6.24106947,-75.56966685,LA CANDELARIA,50,65,True
1083,S-172,3,172,CR 46  CL 41,6.24106947,-75.56966685,LA CANDELARIA,50,42,False
1084,S-172,4,172,CR 46  CL 41,6.24106947,-75.56966685,LA CANDELARIA,50,72,True
1085,S-172,5,172,CR 46  CL 41,6.24106947,-75.56966685,LA CANDELARIA,50,32,False
1086,S-172,6,172,CR 46  CL 41,6.24106947,-75.56966685,LA CANDELARIA,50,62,True
1087,S-172,7,172,CR 46  CL 41,6.24106947,-75.56966685,LA CANDELARIA,50,35,False
1088,S-172,8,172,CR 46  CL 41,6.24106947,-75.56966685,LA CANDELARIA,50,79,True
1089,S-172,9,172,CR 46  CL 41,6.24106947,-75.56966685,LA CANDELARIA,50,39,False
1090,S-172,10,172,CR 46  CL 41,6.24106947,-75.56966685,LA CANDELARIA,50,34,False
1091,S-173,1,173,CR 46  CL 46Peat San Antonio,6.2454712,-75.56737323,LA CANDELARIA,50,52,True
1092,S-173,2,173,CR 46  CL 46Peat San Antonio,6.2454712,-75.56737323,LA CANDELARIA,50,39,False
1093,S-173,3,173,CR 46  CL 46Peat San Antonio,6.2454712,-75.56737323,LA CANDELARIA,50,73,True
1094,S-173,4,173,CR 46  CL 46Peat San Antonio,6.2454712,-75.56737323,LA CANDELARIA,50,31,False
1095,S-173,5,173,CR 46  CL 46Peat San Antonio,6.2454712,-75.56737323,LA CANDELARIA,50,42,False
1096,S-173,6,173,CR 46  CL 46Peat San Antonio,6.2454712,-75.56737323,LA CANDELARIA,50,69,True
1097,S-173,7,173,CR 46  CL 46Peat San Antonio,6.2454712,-75.56737323,LA CANDELARIA,50,31,False
1098,S-173,8,173,CR 46  CL 46Peat San Antonio,6.2454712,-75.56737323,LA CANDELARIA,50,49,False
1099,S-173,9,173,CR 46  CL 46Peat San Antonio,6.2454712,-75.56737323,LA CANDELARIA,50,30,False
1100,S-173,10,173,CR 46  CL 46Peat San Antonio,6.2454712,-75.56737323,LA CANDELARIA,50,66,True
1101,S-174,1,174,CR 46  CL 47,6.24616792,-75.56684374,LA CANDELARIA,50,38,False
1102,S-174,2,174,CR 46  CL 47,6.24616792,-75.56684374,LA CANDELARIA,50,46,False
1103,S-174,3,174,CR 46  CL 47,6.24616792,-75.56684374,LA CANDELARIA,50,38,False
1104,S-174,4,174,CR 46  CL 47,6.24616792,-75.56684374,LA CANDELARIA,50,40,False
1105,S-174,5,174,CR 46  CL 47,6.24616792,-75.56684374,LA CANDELARIA,50,44,False
1106,S-174,6,174,CR 46  CL 47,6.24616792,-75.56684374,LA CANDELARIA,50,53,True
1107,S-174,7,174,CR 46  CL 47,6.24616792,-75.56684374,LA CANDELARIA,50,67,True
1108,S-174,8,174,CR 46  CL 47,6.24616792,-75.56684374,LA CANDELARIA,50,64,True
1109,S-174,9,174,CR 46  CL 47,6.24616792,-75.56684374,LA CANDELARIA,50,59,True
1110,S-174,10,174,CR 46  CL 47,6.24616792,-75.56684374,LA CANDELARIA,50,60,True
1111,S-175,1,175,CR 46  CL 48,6.24672818,-75.56643437,LA CANDELARIA,50,78,True
1112,S-175,2,175,CR 46  CL 48,6.24672818,-75.56643437,LA CANDELARIA,50,34,False
1113,S-175,3,175,CR 46  CL 48,6.24672818,-75.56643437,LA CANDELARIA,50,73,True
1114,S-175,4,175,CR 46  CL 48,6.24672818,-75.56643437,LA CANDELARIA,50,79,True
1115,S-175,5,175,CR 46  CL 48,6.24672818,-75.56643437,LA CANDELARIA,50,43,False
1116,S-175,6,175,CR 46  CL 48,6.24672818,-75.56643437,LA CANDELARIA,50,40,False
1117,S-175,7,175,CR 46  CL 48,6.24672818,-75.56643437,LA CANDELARIA,50,38,False
1118,S-175,8,175,CR 46  CL 48,6.24672818,-75.56643437,LA CANDELARIA,50,63,True
1119,S-175,9,175,CR 46  CL 48,6.24672818,-75.56643437,LA CANDELARIA,50,41,False
1120,S-175,10,175,CR 46  CL 48,6.24672818,-75.56643437,LA CANDELARIA,50,64,True
1121,S-176,1,176,CR 46  CL 49,6.24752235,-75.56583311,LA CANDELARIA,50,64,True
1122,S-176,2,176,CR 46  CL 49,6.24752235,-75.56583311,LA CANDELARIA,50,30,False
1123,S-176,3,176,CR 46  CL 49,6.24752235,-75.56583311,LA CANDELARIA,50,69,True
1124,S-176,4,176,CR 46  CL 49,6.24752235,-75.56583311,LA CANDELARIA,50,51,True
1125,S-176,5,176,CR 46  CL 49,6.24752235,-75.56583311,LA CANDELARIA,50,58,True
1126,S-176,6,176,CR 46  CL 49,6.24752235,-75.56583311,LA CANDELARIA,50,37,False
1127,S-176,7,176,CR 46  CL 49,6.24752235,-75.56583311,LA CANDELARIA,50,40,False
1128,S-176,8,176,CR 46  CL 49,6.24752235,-75.56583311,LA CANDELARIA,50,70,True
1129,S-176,9,176,CR 46  CL 49,6.24752235,-75.56583311,LA CANDELARIA,50,66,True
1130,S-176,10,176,CR 46  CL 49,6.24752235,-75.56583311,LA CANDELARIA,50,43,False
1131,S-177,1,177,CR 46  CL 50,6.24835175,-75.56521299,LA CANDELARIA,50,59,True
1132,S-177,2,177,CR 46  CL 50,6.24835175,-75.56521299,LA CANDELARIA,50,64,True
1133,S-177,3,177,CR 46  CL 50,6.24835175,-75.56521299,LA CANDELARIA,50,50,False
1134,S-177,4,177,CR 46  CL 50,6.24835175,-75.56521299,LA CANDELARIA,50,66,True
1135,S-177,5,177,CR 46  CL 50,6.24835175,-75.56521299,LA CANDELARIA,50,34,False
1136,S-177,6,177,CR 46  CL 50,6.24835175,-75.56521299,LA CANDELARIA,50,48,False
1137,S-177,7,177,CR 46  CL 50,6.24835175,-75.56521299,LA CANDELARIA,50,43,False
1138,S-177,8,177,CR 46  CL 50,6.24835175,-75.56521299,LA CANDELARIA,50,55,True
1139,S-177,9,177,CR 46  CL 50,6.24835175,-75.56521299,LA CANDELARIA,50,33,False
1140,S-177,10,177,CR 46  CL 50,6.24835175,-75.56521299,LA CANDELARIA,50,54,True
1141,S-178,1,178,CR 46  CL 52,6.24912156,-75.56474096,LA CANDELARIA,50,74,True
1142,S-178,2,178,CR 46  CL 52,6.24912156,-75.56474096,LA CANDELARIA,50,71,True
1143,S-178,3,178,CR 46  CL 52,6.24912156,-75.56474096,LA CANDELARIA,50,54,True
1144,S-178,4,178,CR 46  CL 52,6.24912156,-75.56474096,LA CANDELARIA,50,47,False
1145,S-178,5,178,CR 46  CL 52,6.24912156,-75.56474096,LA CANDELARIA,50,69,True
1146,S-178,6,178,CR 46  CL 52,6.24912156,-75.56474096,LA CANDELARIA,50,37,False
1147,S-178,7,178,CR 46  CL 52,6.24912156,-75.56474096,LA CANDELARIA,50,68,True
1148,S-178,8,178,CR 46  CL 52,6.24912156,-75.56474096,LA CANDELARIA,50,69,True
1149,S-178,9,178,CR 46  CL 52,6.24912156,-75.56474096,LA CANDELARIA,50,43,False
1150,S-178,10,178,CR 46  CL 52,6.24912156,-75.56474096,LA CANDELARIA,50,61,True
1151,S-179,1,179,CR 46  CL 53,6.25052435,-75.56399897,LA CANDELARIA,50,80,True
1152,S-179,2,179,CR 46  CL 53,6.25052435,-75.56399897,LA CANDELARIA,50,67,True
1153,S-179,3,179,CR 46  CL 53,6.25052435,-75.56399897,LA CANDELARIA,50,62,True
1154,S-179,4,179,CR 46  CL 53,6.25052435,-75.56399897,LA CANDELARIA,50,52,True
1155,S-179,5,179,CR 46  CL 53,6.25052435,-75.56399897,LA CANDELARIA,50,44,False
1156,S-179,6,179,CR 46  CL 53,6.25052435,-75.56399897,LA CANDELARIA,50,62,True
1157,S-179,7,179,CR 46  CL 53,6.25052435,-75.56399897,LA CANDELARIA,50,54,True
1158,S-179,8,179,CR 46  CL 53,6.25052435,-75.56399897,LA CANDELARIA,50,46,False
1159,S-179,9,179,CR 46  CL 53,6.25052435,-75.56399897,LA CANDELARIA,50,62,True
1160,S-179,10,179,CR 46  CL 53,6.25052435,-75.56399897,LA CANDELARIA,50,76,True
1161,S-180,1,180,CR 46  CL 54,6.25130763,-75.56350995,LA CANDELARIA,50,31,False
1162,S-180,2,180,CR 46  CL 54,6.25130763,-75.56350995,LA CANDELARIA,50,43,False
1163,S-180,3,180,CR 46  CL 54,6.25130763,-75.56350995,LA CANDELARIA,50,69,True
1164,S-180,4,180,CR 46  CL 54,6.25130763,-75.56350995,LA CANDELARIA,50,69,True
1165,S-180,5,180,CR 46  CL 54,6.25130763,-75.56350995,LA CANDELARIA,50,80,True
1166,S-180,6,180,CR 46  CL 54,6.25130763,-75.56350995,LA CANDELARIA,50,68,True
1167,S-180,7,180,CR 46  CL 54,6.25130763,-75.56350995,LA CANDELARIA,50,80,True
1168,S-180,8,180,CR 46  CL 54,6.25130763,-75.56350995,LA CANDELARIA,50,35,False
1169,S-180,9,180,CR 46  CL 54,6.25130763,-75.56350995,LA CANDELARIA,50,35,False
1170,S-180,10,180,CR 46  CL 54,6.25130763,-75.56350995,LA CANDELARIA,50,32,False
1171,S-181,1,181,CR 46  CL 56,6.25267471,-75.56270473,LA CANDELARIA,50,36,False
1172,S-181,2,181,CR 46  CL 56,6.25267471,-75.56270473,LA CANDELARIA,50,80,True
1173,S-181,3,181,CR 46  CL 56,6.25267471,-75.56270473,LA CANDELARIA,50,37,False
1174,S-181,4,181,CR 46  CL 56,6.25267471,-75.56270473,LA CANDELARIA,50,71,True
1175,S-181,5,181,CR 46  CL 56,6.25267471,-75.56270473,LA CANDELARIA,50,44,False
1176,S-181,6,181,CR 46  CL 56,6.25267471,-75.56270473,LA CANDELARIA,50,76,True
1177,S-181,7,181,CR 46  CL 56,6.25267471,-75.56270473,LA CANDELARIA,50,58,True
1178,S-181,8,181,CR 46  CL 56,6.25267471,-75.56270473,LA CANDELARIA,50,62,True
1179,S-181,9,181,CR 46  CL 56,6.25267471,-75.56270473,LA CANDELARIA,50,59,True
1180,S-181,10,181,CR 46  CL 56,6.25267471,-75.56270473,LA CANDELARIA,50,68,True
1181,S-182,1,182,CR 46  CL 57,6.25333112,-75.56233628,LA CANDELARIA,50,56,True
1182,S-182,2,182,CR 46  CL 57,6.25333112,-75.56233628,LA CANDELARIA,50,65,True
1183,S-182,3,182,CR 46  CL 57,6.25333112,-75.56233628,LA CANDELARIA,50,58,True
1184,S-182,4,182,CR 46  CL 57,6.25333112,-75.56233628,LA CANDELARIA,50,67,True
1185,S-182,5,182,CR 46  CL 57,6.25333112,-75.56233628,LA CANDELARIA,50,62,True
1186,S-182,6,182,CR 46  CL 57,6.25333112,-75.56233628,LA CANDELARIA,50,66,True
1187,S-182,7,182,CR 46  CL 57,6.25333112,-75.56233628,LA CANDELARIA,50,56,True
1188,S-182,8,182,CR 46  CL 57,6.25333112,-75.56233628,LA CANDELARIA,50,62,True
1189,S-182,9,182,CR 46  CL 57,6.25333112,-75.56233628,LA CANDELARIA,50,33,False
1190,S-182,10,182,CR 46  CL 57,6.25333112,-75.56233628,LA CANDELARIA,50,51,True
1191,S-124,1,124,CR 43  CL 47,6.2444055,-75.56430088,LA CANDELARIA,50,31,False
1192,S-124,2,124,CR 43  CL 47,6.2444055,-75.56430088,LA CANDELARIA,50,39,False
1193,S-124,3,124,CR 43  CL 47,6.2444055,-75.56430088,LA CANDELARIA,50,34,False
1194,S-124,4,124,CR 43  CL 47,6.2444055,-75.56430088,LA CANDELARIA,50,39,False
1195,S-124,5,124,CR 43  CL 47,6.2444055,-75.56430088,LA CANDELARIA,50,62,True
1196,S-124,6,124,CR 43  CL 47,6.2444055,-75.56430088,LA CANDELARIA,50,67,True
1197,S-124,7,124,CR 43  CL 47,6.2444055,-75.56430088,LA CANDELARIA,50,42,False
1198,S-124,8,124,CR 43  CL 47,6.2444055,-75.56430088,LA CANDELARIA,50,60,True
1199,S-124,9,124,CR 43  CL 47,6.2444055,-75.56430088,LA CANDELARIA,50,76,True
1200,S-124,10,124,CR 43  CL 47,6.2444055,-75.56430088,LA CANDELARIA,50,65,True
1201,S-125,1,125,CR 43  CL 48,6.24540034,-75.56376097,LA CANDELARIA,50,74,True
1202,S-125,2,125,CR 43  CL 48,6.24540034,-75.56376097,LA CANDELARIA,50,53,True
1203,S-125,3,125,CR 43  CL 48,6.24540034,-75.56376097,LA CANDELARIA,50,44,False
1204,S-125,4,125,CR 43  CL 48,6.24540034,-75.56376097,LA CANDELARIA,50,58,True
1205,S-125,5,125,CR 43  CL 48,6.24540034,-75.56376097,LA CANDELARIA,50,37,False
1206,S-125,6,125,CR 43  CL 48,6.24540034,-75.56376097,LA CANDELARIA,50,34,False
1207,S-125,7,125,CR 43  CL 48,6.24540034,-75.56376097,LA CANDELARIA,50,58,True
1208,S-125,8,125,CR 43  CL 48,6.24540034,-75.56376097,LA CANDELARIA,50,76,True
1209,S-125,9,125,CR 43  CL 48,6.24540034,-75.56376097,LA CANDELARIA,50,33,False
1210,S-125,10,125,CR 43  CL 48,6.24540034,-75.56376097,LA CANDELARIA,50,41,False
1211,S-126,1,126,CR 43  CL 49,6.24621685,-75.56335544,LA CANDELARIA,50,74,True
1212,S-126,2,126,CR 43  CL 49,6.24621685,-75.56335544,LA CANDELARIA,50,31,False
1213,S-126,3,126,CR 43  CL 49,6.24621685,-75.56335544,LA CANDELARIA,50,56,True
1214,S-126,4,126,CR 43  CL 49,6.24621685,-75.56335544,LA CANDELARIA,50,60,True
1215,S-126,5,126,CR 43  CL 49,6.24621685,-75.56335544,LA CANDELARIA,50,80,True
1216,S-126,6,126,CR 43  CL 49,6.24621685,-75.56335544,LA CANDELARIA,50,80,True
1217,S-126,7,126,CR 43  CL 49,6.24621685,-75.56335544,LA CANDELARIA,50,65,True
1218,S-126,8,126,CR 43  CL 49,6.24621685,-75.56335544,LA CANDELARIA,50,65,True
1219,S-126,9,126,CR 43  CL 49,6.24621685,-75.56335544,LA CANDELARIA,50,55,True
1220,S-126,10,126,CR 43  CL 49,6.24621685,-75.56335544,LA CANDELARIA,50,72,True
1221,S-127,1,127,CR 43  CL 50,6.24726064,-75.56284813,LA CANDELARIA,50,56,True
1222,S-127,2,127,CR 43  CL 50,6.24726064,-75.56284813,LA CANDELARIA,50,34,False
1223,S-127,3,127,CR 43  CL 50,6.24726064,-75.56284813,LA CANDELARIA,50,49,False
1224,S-127,4,127,CR 43  CL 50,6.24726064,-75.56284813,LA CANDELARIA,50,40,False
1225,S-127,5,127,CR 43  CL 50,6.24726064,-75.56284813,LA CANDELARIA,50,39,False
1226,S-127,6,127,CR 43  CL 50,6.24726064,-75.56284813,LA CANDELARIA,50,69,True
1227,S-127,7,127,CR 43  CL 50,6.24726064,-75.56284813,LA CANDELARIA,50,67,True
1228,S-127,8,127,CR 43  CL 50,6.24726064,-75.56284813,LA CANDELARIA,50,35,False
1229,S-127,9,127,CR 43  CL 50,6.24726064,-75.56284813,LA CANDELARIA,50,37,False
1230,S-127,10,127,CR 43  CL 50,6.24726064,-75.56284813,LA CANDELARIA,50,52,True
1231,S-128,1,128,CR 43  CL 52,6.24827238,-75.56240154,LA CANDELARIA,50,76,True
1232,S-128,2,128,CR 43  CL 52,6.24827238,-75.56240154,LA CANDELARIA,50,55,True
1233,S-128,3,128,CR 43  CL 52,6.24827238,-75.56240154,LA CANDELARIA,50,75,True
1234,S-128,4,128,CR 43  CL 52,6.24827238,-75.56240154,LA CANDELARIA,50,72,True
1235,S-128,5,128,CR 43  CL 52,6.24827238,-75.56240154,LA CANDELARIA,50,41,False
1236,S-128,6,128,CR 43  CL 52,6.24827238,-75.56240154,LA CANDELARIA,50,55,True
1237,S-128,7,128,CR 43  CL 52,6.24827238,-75.56240154,LA CANDELARIA,50,42,False
1238,S-128,8,128,CR 43  CL 52,6.24827238,-75.56240154,LA CANDELARIA,50,69,True
1239,S-128,9,128,CR 43  CL 52,6.24827238,-75.56240154,LA CANDELARIA,50,47,False
1240,S-128,10,128,CR 43  CL 52,6.24827238,-75.56240154,LA CANDELARIA,50,54,True
1241,S-129,1,129,CR 43  CL 53,6.24915358,-75.56206568,LA CANDELARIA,50,62,True
1242,S-129,2,129,CR 43  CL 53,6.24915358,-75.56206568,LA CANDELARIA,50,76,True
1243,S-129,3,129,CR 43  CL 53,6.24915358,-75.56206568,LA CANDELARIA,50,69,True
1244,S-129,4,129,CR 43  CL 53,6.24915358,-75.56206568,LA CANDELARIA,50,72,True
1245,S-129,5,129,CR 43  CL 53,6.24915358,-75.56206568,LA CANDELARIA,50,41,False
1246,S-129,6,129,CR 43  CL 53,6.24915358,-75.56206568,LA CANDELARIA,50,73,True
1247,S-129,7,129,CR 43  CL 53,6.24915358,-75.56206568,LA CANDELARIA,50,65,True
1248,S-129,8,129,CR 43  CL 53,6.24915358,-75.56206568,LA CANDELARIA,50,77,True
1249,S-129,9,129,CR 43  CL 53,6.24915358,-75.56206568,LA CANDELARIA,50,33,False
1250,S-129,10,129,CR 43  CL 53,6.24915358,-75.56206568,LA CANDELARIA,50,34,False
1251,S-130,1,130,CR 43  CL 54,6.24998747,-75.56145442,LA CANDELARIA,50,66,True
1252,S-130,2,130,CR 43  CL 54,6.24998747,-75.56145442,LA CANDELARIA,50,37,False
1253,S-130,3,130,CR 43  CL 54,6.24998747,-75.56145442,LA CANDELARIA,50,71,True
1254,S-130,4,130,CR 43  CL 54,6.24998747,-75.56145442,LA CANDELARIA,50,78,True
1255,S-130,5,130,CR 43  CL 54,6.24998747,-75.56145442,LA CANDELARIA,50,57,True
1256,S-130,6,130,CR 43  CL 54,6.24998747,-75.56145442,LA CANDELARIA,50,60,True
1257,S-130,7,130,CR 43  CL 54,6.24998747,-75.56145442,LA CANDELARIA,50,38,False
1258,S-130,8,130,CR 43  CL 54,6.24998747,-75.56145442,LA CANDELARIA,50,80,True
1259,S-130,9,130,CR 43  CL 54,6.24998747,-75.56145442,LA CANDELARIA,50,58,True
1260,S-130,10,130,CR 43  CL 54,6.24998747,-75.56145442,LA CANDELARIA,50,43,False
1261,S-131,1,131,CR 43  CL 55,6.25071865,-75.5610747,LA CANDELARIA,50,69,True
1262,S-131,2,131,CR 43  CL 55,6.25071865,-75.5610747,LA CANDELARIA,50,70,True
1263,S-131,3,131,CR 43  CL 55,6.25071865,-75.5610747,LA CANDELARIA,50,51,True
1264,S-131,4,131,CR 43  CL 55,6.25071865,-75.5610747,LA CANDELARIA,50,40,False
1265,S-131,5,131,CR 43  CL 55,6.25071865,-75.5610747,LA CANDELARIA,50,52,True
1266,S-131,6,131,CR 43  CL 55,6.25071865,-75.5610747,LA CANDELARIA,50,30,False
1267,S-131,7,131,CR 43  CL 55,6.25071865,-75.5610747,LA CANDELARIA,50,75,True
1268,S-131,8,131,CR 43  CL 55,6.25071865,-75.5610747,LA CANDELARIA,50,66,True
1269,S-131,9,131,CR 43  CL 55,6.25071865,-75.5610747,LA CANDELARIA,50,50,False
1270,S-131,10,131,CR 43  CL 55,6.25071865,-75.5610747,LA CANDELARIA,50,55,True
1271,S-132,1,132,CR 43  CL 56,6.25141398,-75.56073707,LA CANDELARIA,50,75,True
1272,S-132,2,132,CR 43  CL 56,6.25141398,-75.56073707,LA CANDELARIA,50,65,True
1273,S-132,3,132,CR 43  CL 56,6.25141398,-75.56073707,LA CANDELARIA,50,52,True
1274,S-132,4,132,CR 43  CL 56,6.25141398,-75.56073707,LA CANDELARIA,50,30,False
1275,S-132,5,132,CR 43  CL 56,6.25141398,-75.56073707,LA CANDELARIA,50,80,True
1276,S-132,6,132,CR 43  CL 56,6.25141398,-75.56073707,LA CANDELARIA,50,69,True
1277,S-132,7,132,CR 43  CL 56,6.25141398,-75.56073707,LA CANDELARIA,50,44,False
1278,S-132,8,132,CR 43  CL 56,6.25141398,-75.56073707,LA CANDELARIA,50,50,False
1279,S-132,9,132,CR 43  CL 56,6.25141398,-75.56073707,LA CANDELARIA,50,76,True
1280,S-132,10,132,CR 43  CL 56,6.25141398,-75.56073707,LA CANDELARIA,50,38,False
1281,S-133,1,133,CR 43  CL 57,6.25202561,-75.56038022,LA CANDELARIA,50,38,False
1282,S-133,2,133,CR 43  CL 57,6.25202561,-75.56038022,LA CANDELARIA,50,39,False
1283,S-133,3,133,CR 43  CL 57,6.25202561,-75.56038022,LA CANDELARIA,50,55,True
1284,S-133,4,133,CR 43  CL 57,6.25202561,-75.56038022,LA CANDELARIA,50,70,True
1285,S-133,5,133,CR 43  CL 57,6.25202561,-75.56038022,LA CANDELARIA,50,64,True
1286,S-133,6,133,CR 43  CL 57,6.25202561,-75.56038022,LA CANDELARIA,50,54,True
1287,S-133,7,133,CR 43  CL 57,6.25202561,-75.56038022,LA CANDELARIA,50,55,True
1288,S-133,8,133,CR 43  CL 57,6.25202561,-75.56038022,LA CANDELARIA,50,40,False
1289,S-133,9,133,CR 43  CL 57,6.25202561,-75.56038022,LA CANDELARIA,50,67,True
1290,S-133,10,133,CR 43  CL 57,6.25202561,-75.56038022,LA CANDELARIA,50,31,False
1291,S-134,1,134,CR 43  CL 58,6.25267834,-75.55990749,LA CANDELARIA,50,36,False
1292,S-134,2,134,CR 43  CL 58,6.25267834,-75.55990749,LA CANDELARIA,50,47,False
1293,S-134,3,134,CR 43  CL 58,6.25267834,-75.55990749,LA CANDELARIA,50,56,True
1294,S-134,4,134,CR 43  CL 58,6.25267834,-75.55990749,LA CANDELARIA,50,63,True
1295,S-134,5,134,CR 43  CL 58,6.25267834,-75.55990749,LA CANDELARIA,50,56,True
1296,S-134,6,134,CR 43  CL 58,6.25267834,-75.55990749,LA CANDELARIA,50,46,False
1297,S-134,7,134,CR 43  CL 58,6.25267834,-75.55990749,LA CANDELARIA,50,72,True
1298,S-134,8,134,CR 43  CL 58,6.25267834,-75.55990749,LA CANDELARIA,50,73,True
1299,S-134,9,134,CR 43  CL 58,6.25267834,-75.55990749,LA CANDELARIA,50,80,True
1300,S-134,10,134,CR 43  CL 58,6.25267834,-75.55990749,LA CANDELARIA,50,53,True
1301,S-135,1,135,CR 44  CL 29,6.22902426,-75.57140271,LA CANDELARIA,50,54,True
1302,S-135,2,135,CR 44  CL 29,6.22902426,-75.57140271,LA CANDELARIA,50,36,False
1303,S-135,3,135,CR 44  CL 29,6.22902426,-75.57140271,LA CANDELARIA,50,35,False
1304,S-135,4,135,CR 44  CL 29,6.22902426,-75.57140271,LA CANDELARIA,50,53,True
1305,S-135,5,135,CR 44  CL 29,6.22902426,-75.57140271,LA CANDELARIA,50,62,True
1306,S-135,6,135,CR 44  CL 29,6.22902426,-75.57140271,LA CANDELARIA,50,78,True
1307,S-135,7,135,CR 44  CL 29,6.22902426,-75.57140271,LA CANDELARIA,50,58,True
1308,S-135,8,135,CR 44  CL 29,6.22902426,-75.57140271,LA CANDELARIA,50,72,True
1309,S-135,9,135,CR 44  CL 29,6.22902426,-75.57140271,LA CANDELARIA,50,51,True
1310,S-135,10,135,CR 44  CL 29,6.22902426,-75.57140271,LA CANDELARIA,50,55,True
1311,S-136,1,136,CR 44  CL 44,6.24320719,-75.56671649,LA CANDELARIA,50,57,True
1312,S-136,2,136,CR 44  CL 44,6.24320719,-75.56671649,LA CANDELARIA,50,79,True
1313,S-136,3,136,CR 44  CL 44,6.24320719,-75.56671649,LA CANDELARIA,50,50,False
1314,S-136,4,136,CR 44  CL 44,6.24320719,-75.56671649,LA CANDELARIA,50,78,True
1315,S-136,5,136,CR 44  CL 44,6.24320719,-75.56671649,LA CANDELARIA,50,36,False
1316,S-136,6,136,CR 44  CL 44,6.24320719,-75.56671649,LA CANDELARIA,50,46,False
1317,S-136,7,136,CR 44  CL 44,6.24320719,-75.56671649,LA CANDELARIA,50,49,False
1318,S-136,8,136,CR 44  CL 44,6.24320719,-75.56671649,LA CANDELARIA,50,70,True
1319,S-136,9,136,CR 44  CL 44,6.24320719,-75.56671649,LA CANDELARIA,50,78,True
1320,S-136,10,136,CR 44  CL 44,6.24320719,-75.56671649,LA CANDELARIA,50,49,False
1321,S-137,1,137,CR 44  CL 46,6.24450111,-75.56609108,LA CANDELARIA,50,51,True
1322,S-137,2,137,CR 44  CL 46,6.24450111,-75.56609108,LA CANDELARIA,50,57,True
1323,S-137,3,137,CR 44  CL 46,6.24450111,-75.56609108,LA CANDELARIA,50,69,True
1324,S-137,4,137,CR 44  CL 46,6.24450111,-75.56609108,LA CANDELARIA,50,78,True
1325,S-137,5,137,CR 44  CL 46,6.24450111,-75.56609108,LA CANDELARIA,50,36,False
1326,S-137,6,137,CR 44  CL 46,6.24450111,-75.56609108,LA CANDELARIA,50,30,False
1327,S-137,7,137,CR 44  CL 46,6.24450111,-75.56609108,LA CANDELARIA,50,61,True
1328,S-137,8,137,CR 44  CL 46,6.24450111,-75.56609108,LA CANDELARIA,50,42,False
1329,S-137,9,137,CR 44  CL 46,6.24450111,-75.56609108,LA CANDELARIA,50,59,True
1330,S-137,10,137,CR 44  CL 46,6.24450111,-75.56609108,LA CANDELARIA,50,52,True
1331,S-138,1,138,CR 44  CL 69,6.2642294,-75.55414845,MANRIQUE,50,80,True
1332,S-138,2,138,CR 44  CL 69,6.2642294,-75.55414845,MANRIQUE,50,48,False
1333,S-138,3,138,CR 44  CL 69,6.2642294,-75.55414845,MANRIQUE,50,61,True
1334,S-138,4,138,CR 44  CL 69,6.2642294,-75.55414845,MANRIQUE,50,59,True
1335,S-138,5,138,CR 44  CL 69,6.2642294,-75.55414845,MANRIQUE,50,58,True
1336,S-138,6,138,CR 44  CL 69,6.2642294,-75.55414845,MANRIQUE,50,78,True
1337,S-138,7,138,CR 44  CL 69,6.2642294,-75.55414845,MANRIQUE,50,74,True
1338,S-138,8,138,CR 44  CL 69,6.2642294,-75.55414845,MANRIQUE,50,58,True
1339,S-138,9,138,CR 44  CL 69,6.2642294,-75.55414845,MANRIQUE,50,59,True
1340,S-138,10,138,CR 44  CL 69,6.2642294,-75.55414845,MANRIQUE,50,45,False
1341,S-139,1,139,CR 44  CL 71,6.26620664,-75.55393795,MANRIQUE,50,69,True
1342,S-139,2,139,CR 44  CL 71,6.26620664,-75.55393795,MANRIQUE,50,48,False
1343,S-139,3,139,CR 44  CL 71,6.26620664,-75.55393795,MANRIQUE,50,47,False
1344,S-139,4,139,CR 44  CL 71,6.26620664,-75.55393795,MANRIQUE,50,30,False
1345,S-139,5,139,CR 44  CL 71,6.26620664,-75.55393795,MANRIQUE,50,43,False
1346,S-139,6,139,CR 44  CL 71,6.26620664,-75.55393795,MANRIQUE,50,80,True
1347,S-139,7,139,CR 44  CL 71,6.26620664,-75.55393795,MANRIQUE,50,76,True
1348,S-139,8,139,CR 44  CL 71,6.26620664,-75.55393795,MANRIQUE,50,79,True
1349,S-139,9,139,CR 44  CL 71,6.26620664,-75.55393795,MANRIQUE,50,31,False
1350,S-139,10,139,CR 44  CL 71,6.26620664,-75.55393795,MANRIQUE,50,57,True
1351,S-140,1,140,CR 44  CL 74,6.26826098,-75.55375973,MANRIQUE,50,78,True
1352,S-140,2,140,CR 44  CL 74,6.26826098,-75.55375973,MANRIQUE,50,79,True
1353,S-140,3,140,CR 44  CL 74,6.26826098,-75.55375973,MANRIQUE,50,59,True
1354,S-140,4,140,CR 44  CL 74,6.26826098,-75.55375973,MANRIQUE,50,67,True
1355,S-140,5,140,CR 44  CL 74,6.26826098,-75.55375973,MANRIQUE,50,80,True
1356,S-140,6,140,CR 44  CL 74,6.26826098,-75.55375973,MANRIQUE,50,33,False
1357,S-140,7,140,CR 44  CL 74,6.26826098,-75.55375973,MANRIQUE,50,30,False
1358,S-140,8,140,CR 44  CL 74,6.26826098,-75.55375973,MANRIQUE,50,37,False
1359,S-140,9,140,CR 44  CL 74,6.26826098,-75.55375973,MANRIQUE,50,58,True
1360,S-140,10,140,CR 44  CL 74,6.26826098,-75.55375973,MANRIQUE,50,68,True
1361,S-141,1,141,CR 44  CL 78,6.27089627,-75.55340297,MANRIQUE,50,32,False
1362,S-141,2,141,CR 44  CL 78,6.27089627,-75.55340297,MANRIQUE,50,61,True
1363,S-141,3,141,CR 44  CL 78,6.27089627,-75.55340297,MANRIQUE,50,39,False
1364,S-141,4,141,CR 44  CL 78,6.27089627,-75.55340297,MANRIQUE,50,39,False
1365,S-141,5,141,CR 44  CL 78,6.27089627,-75.55340297,MANRIQUE,50,48,False
1366,S-141,6,141,CR 44  CL 78,6.27089627,-75.55340297,MANRIQUE,50,75,True
1367,S-141,7,141,CR 44  CL 78,6.27089627,-75.55340297,MANRIQUE,50,63,True
1368,S-141,8,141,CR 44  CL 78,6.27089627,-75.55340297,MANRIQUE,50,62,True
1369,S-141,9,141,CR 44  CL 78,6.27089627,-75.55340297,MANRIQUE,50,52,True
1370,S-141,10,141,CR 44  CL 78,6.27089627,-75.55340297,MANRIQUE,50,57,True
1371,S-142,1,142,CR 44  CL 80,6.27260783,-75.55310925,MANRIQUE,50,61,True
1372,S-142,2,142,CR 44  CL 80,6.27260783,-75.55310925,MANRIQUE,50,79,True
1373,S-142,3,142,CR 44  CL 80,6.27260783,-75.55310925,MANRIQUE,50,36,False
1374,S-142,4,142,CR 44  CL 80,6.27260783,-75.55310925,MANRIQUE,50,58,True
1375,S-142,5,142,CR 44  CL 80,6.27260783,-75.55310925,MANRIQUE,50,37,False
1376,S-142,6,142,CR 44  CL 80,6.27260783,-75.55310925,MANRIQUE,50,30,False
1377,S-142,7,142,CR 44  CL 80,6.27260783,-75.55310925,MANRIQUE,50,32,False
1378,S-142,8,142,CR 44  CL 80,6.27260783,-75.55310925,MANRIQUE,50,53,True
1379,S-142,9,142,CR 44  CL 80,6.27260783,-75.55310925,MANRIQUE,50,52,True
1380,S-142,10,142,CR 44  CL 80,6.27260783,-75.55310925,MANRIQUE,50,37,False
1381,S-143,1,143,CR 44  CL 84,6.27605073,-75.55247983,MANRIQUE,50,76,True
1382,S-143,2,143,CR 44  CL 84,6.27605073,-75.55247983,MANRIQUE,50,66,True
1383,S-143,3,143,CR 44  CL 84,6.27605073,-75.55247983,MANRIQUE,50,32,False
1384,S-143,4,143,CR 44  CL 84,6.27605073,-75.55247983,MANRIQUE,50,80,True
1385,S-143,5,143,CR 44  CL 84,6.27605073,-75.55247983,MANRIQUE,50,62,True
1386,S-143,6,143,CR 44  CL 84,6.27605073,-75.55247983,MANRIQUE,50,57,True
1387,S-143,7,143,CR 44  CL 84,6.27605073,-75.55247983,MANRIQUE,50,76,True
1388,S-143,8,143,CR 44  CL 84,6.27605073,-75.55247983,MANRIQUE,50,37,False
1389,S-143,9,143,CR 44  CL 84,6.27605073,-75.55247983,MANRIQUE,50,63,True
1390,S-143,10,143,CR 44  CL 84,6.27605073,-75.55247983,MANRIQUE,50,64,True
1391,S-147,1,147,CR 45  CL 41,6.24071047,-75.56888444,LA CANDELARIA,50,61,True
1392,S-147,2,147,CR 45  CL 41,6.24071047,-75.56888444,LA CANDELARIA,50,53,True
1393,S-147,3,147,CR 45  CL 41,6.24071047,-75.56888444,LA CANDELARIA,50,43,False
1394,S-147,4,147,CR 45  CL 41,6.24071047,-75.56888444,LA CANDELARIA,50,61,True
1395,S-147,5,147,CR 45  CL 41,6.24071047,-75.56888444,LA CANDELARIA,50,75,True
1396,S-147,6,147,CR 45  CL 41,6.24071047,-75.56888444,LA CANDELARIA,50,72,True
1397,S-147,7,147,CR 45  CL 41,6.24071047,-75.56888444,LA CANDELARIA,50,45,False
1398,S-147,8,147,CR 45  CL 41,6.24071047,-75.56888444,LA CANDELARIA,50,33,False
1399,S-147,9,147,CR 45  CL 41,6.24071047,-75.56888444,LA CANDELARIA,50,66,True
1400,S-147,10,147,CR 45  CL 41,6.24071047,-75.56888444,LA CANDELARIA,50,50,False
1401,S-148,1,148,CR 45  CL 44,6.24346829,-75.56772711,LA CANDELARIA,50,43,False
1402,S-148,2,148,CR 45  CL 44,6.24346829,-75.56772711,LA CANDELARIA,50,60,True
1403,S-148,3,148,CR 45  CL 44,6.24346829,-75.56772711,LA CANDELARIA,50,77,True
1404,S-148,4,148,CR 45  CL 44,6.24346829,-75.56772711,LA CANDELARIA,50,47,False
1405,S-148,5,148,CR 45  CL 44,6.24346829,-75.56772711,LA CANDELARIA,50,36,False
1406,S-148,6,148,CR 45  CL 44,6.24346829,-75.56772711,LA CANDELARIA,50,39,False
1407,S-148,7,148,CR 45  CL 44,6.24346829,-75.56772711,LA CANDELARIA,50,36,False
1408,S-148,8,148,CR 45  CL 44,6.24346829,-75.56772711,LA CANDELARIA,50,62,True
1409,S-148,9,148,CR 45  CL 44,6.24346829,-75.56772711,LA CANDELARIA,50,52,True
1410,S-148,10,148,CR 45  CL 44,6.24346829,-75.56772711,LA CANDELARIA,50,50,False
1411,S-149,1,149,CR 45  CL 46,6.24482137,-75.56636896,LA CANDELARIA,50,48,False
1412,S-149,2,149,CR 45  CL 46,6.24482137,-75.56636896,LA CANDELARIA,50,77,True
1413,S-149,3,149,CR 45  CL 46,6.24482137,-75.56636896,LA CANDELARIA,50,48,False
1414,S-149,4,149,CR 45  CL 46,6.24482137,-75.56636896,LA CANDELARIA,50,65,True
1415,S-149,5,149,CR 45  CL 46,6.24482137,-75.56636896,LA CANDELARIA,50,58,True
1416,S-149,6,149,CR 45  CL 46,6.24482137,-75.56636896,LA CANDELARIA,50,47,False
1417,S-149,7,149,CR 45  CL 46,6.24482137,-75.56636896,LA CANDELARIA,50,31,False
1418,S-149,8,149,CR 45  CL 46,6.24482137,-75.56636896,LA CANDELARIA,50,30,False
1419,S-149,9,149,CR 45  CL 46,6.24482137,-75.56636896,LA CANDELARIA,50,76,True
1420,S-149,10,149,CR 45  CL 46,6.24482137,-75.56636896,LA CANDELARIA,50,34,False
1421,S-150,1,150,CR 45  CL 47,6.24553149,-75.56593092,LA CANDELARIA,50,49,False
1422,S-150,2,150,CR 45  CL 47,6.24553149,-75.56593092,LA CANDELARIA,50,40,False
1423,S-150,3,150,CR 45  CL 47,6.24553149,-75.56593092,LA CANDELARIA,50,71,True
1424,S-150,4,150,CR 45  CL 47,6.24553149,-75.56593092,LA CANDELARIA,50,31,False
1425,S-150,5,150,CR 45  CL 47,6.24553149,-75.56593092,LA CANDELARIA,50,32,False
1426,S-150,6,150,CR 45  CL 47,6.24553149,-75.56593092,LA CANDELARIA,50,52,True
1427,S-150,7,150,CR 45  CL 47,6.24553149,-75.56593092,LA CANDELARIA,50,41,False
1428,S-150,8,150,CR 45  CL 47,6.24553149,-75.56593092,LA CANDELARIA,50,49,False
1429,S-150,9,150,CR 45  CL 47,6.24553149,-75.56593092,LA CANDELARIA,50,34,False
1430,S-150,10,150,CR 45  CL 47,6.24553149,-75.56593092,LA CANDELARIA,50,66,True
1431,S-151,1,151,CR 45  CL 48,6.24619517,-75.56544375,LA CANDELARIA,50,67,True
1432,S-151,2,151,CR 45  CL 48,6.24619517,-75.56544375,LA CANDELARIA,50,59,True
1433,S-151,3,151,CR 45  CL 48,6.24619517,-75.56544375,LA CANDELARIA,50,38,False
1434,S-151,4,151,CR 45  CL 48,6.24619517,-75.56544375,LA CANDELARIA,50,63,True
1435,S-151,5,151,CR 45  CL 48,6.24619517,-75.56544375,LA CANDELARIA,50,73,True
1436,S-151,6,151,CR 45  CL 48,6.24619517,-75.56544375,LA CANDELARIA,50,64,True
1437,S-151,7,151,CR 45  CL 48,6.24619517,-75.56544375,LA CANDELARIA,50,51,True
1438,S-151,8,151,CR 45  CL 48,6.24619517,-75.56544375,LA CANDELARIA,50,73,True
1439,S-151,9,151,CR 45  CL 48,6.24619517,-75.56544375,LA CANDELARIA,50,53,True
1440,S-151,10,151,CR 45  CL 48,6.24619517,-75.56544375,LA CANDELARIA,50,46,False
1441,S-152,1,152,CR 45  CL 49,6.24696751,-75.56487138,LA CANDELARIA,50,39,False
1442,S-152,2,152,CR 45  CL 49,6.24696751,-75.56487138,LA CANDELARIA,50,59,True
1443,S-152,3,152,CR 45  CL 49,6.24696751,-75.56487138,LA CANDELARIA,50,75,True
1444,S-152,4,152,CR 45  CL 49,6.24696751,-75.56487138,LA CANDELARIA,50,52,True
1445,S-152,5,152,CR 45  CL 49,6.24696751,-75.56487138,LA CANDELARIA,50,61,True
1446,S-152,6,152,CR 45  CL 49,6.24696751,-75.56487138,LA CANDELARIA,50,46,False
1447,S-152,7,152,CR 45  CL 49,6.24696751,-75.56487138,LA CANDELARIA,50,79,True
1448,S-152,8,152,CR 45  CL 49,6.24696751,-75.56487138,LA CANDELARIA,50,80,True
1449,S-152,9,152,CR 45  CL 49,6.24696751,-75.56487138,LA CANDELARIA,50,46,False
1450,S-152,10,152,CR 45  CL 49,6.24696751,-75.56487138,LA CANDELARIA,50,43,False
1451,S-153,1,153,CR 45  CL 52,6.2487299,-75.56363253,LA CANDELARIA,50,38,False
1452,S-153,2,153,CR 45  CL 52,6.2487299,-75.56363253,LA CANDELARIA,50,69,True
1453,S-153,3,153,CR 45  CL 52,6.2487299,-75.56363253,LA CANDELARIA,50,31,False
1454,S-153,4,153,CR 45  CL 52,6.2487299,-75.56363253,LA CANDELARIA,50,74,True
1455,S-153,5,153,CR 45  CL 52,6.2487299,-75.56363253,LA CANDELARIA,50,54,True
1456,S-153,6,153,CR 45  CL 52,6.2487299,-75.56363253,LA CANDELARIA,50,68,True
1457,S-153,7,153,CR 45  CL 52,6.2487299,-75.56363253,LA CANDELARIA,50,38,False
1458,S-153,8,153,CR 45  CL 52,6.2487299,-75.56363253,LA CANDELARIA,50,51,True
1459,S-153,9,153,CR 45  CL 52,6.2487299,-75.56363253,LA CANDELARIA,50,72,True
1460,S-153,10,153,CR 45  CL 52,6.2487299,-75.56363253,LA CANDELARIA,50,75,True
1461,S-343,1,343,CR 53  CL 44Peatonal Alpujarra,6.24530302,-75.5726304,,50,33,False
1462,S-343,2,343,CR 53  CL 44Peatonal Alpujarra,6.24530302,-75.5726304,,50,55,True
1463,S-343,3,343,CR 53  CL 44Peatonal Alpujarra,6.24530302,-75.5726304,,50,58,True
1464,S-343,4,343,CR 53  CL 44Peatonal Alpujarra,6.24530302,-75.5726304,,50,74,True
1465,S-343,5,343,CR 53  CL 44Peatonal Alpujarra,6.24530302,-75.5726304,,50,63,True
1466,S-343,6,343,CR 53  CL 44Peatonal Alpujarra,6.24530302,-75.5726304,,50,52,True
1467,S-343,7,343,CR 53  CL 44Peatonal Alpujarra,6.24530302,-75.5726304,,50,66,True
1468,S-343,8,343,CR 53  CL 44Peatonal Alpujarra,6.24530302,-75.5726304,,50,40,False
1469,S-343,9,343,CR 53  CL 44Peatonal Alpujarra,6.24530302,-75.5726304,,50,35,False
1470,S-343,10,343,CR 53  CL 44Peatonal Alpujarra,6.24530302,-75.5726304,,50,47,False
1471,S-14,1,14,AV 80  CL 65Colpisos,6.27330171,-75.59303532,ROBLEDO,50,50,False
1472,S-14,2,14,AV 80  CL 65Colpisos,6.27330171,-75.59303532,ROBLEDO,50,71,True
1473,S-14,3,14,AV 80  CL 65Colpisos,6.27330171,-75.59303532,ROBLEDO,50,65,True
1474,S-14,4,14,AV 80  CL 65Colpisos,6.27330171,-75.59303532,ROBLEDO,50,70,True
1475,S-14,5,14,AV 80  CL 65Colpisos,6.27330171,-75.59303532,ROBLEDO,50,67,True
1476,S-14,6,14,AV 80  CL 65Colpisos,6.27330171,-75.59303532,ROBLEDO,50,63,True
1477,S-14,7,14,AV 80  CL 65Colpisos,6.27330171,-75.59303532,ROBLEDO,50,46,False
1478,S-14,8,14,AV 80  CL 65Colpisos,6.27330171,-75.59303532,ROBLEDO,50,66,True
1479,S-14,9,14,AV 80  CL 65Colpisos,6.27330171,-75.59303532,ROBLEDO,50,54,True
1480,S-14,10,14,AV 80  CL 65Colpisos,6.27330171,-75.59303532,ROBLEDO,50,67,True
1481,S-15,1,15,AV 80  CR 65Campos de paz,6.2072606,-75.5892034,GUAYABAL,50,41,False
1482,S-15,2,15,AV 80  CR 65Campos de paz,6.2072606,-75.5892034,GUAYABAL,50,52,True
1483,S-15,3,15,AV 80  CR 65Campos de paz,6.2072606,-75.5892034,GUAYABAL,50,71,True
1484,S-15,4,15,AV 80  CR 65Campos de paz,6.2072606,-75.5892034,GUAYABAL,50,51,True
1485,S-15,5,15,AV 80  CR 65Campos de paz,6.2072606,-75.5892034,GUAYABAL,50,50,False
1486,S-15,6,15,AV 80  CR 65Campos de paz,6.2072606,-75.5892034,GUAYABAL,50,56,True
1487,S-15,7,15,AV 80  CR 65Campos de paz,6.2072606,-75.5892034,GUAYABAL,50,60,True
1488,S-15,8,15,AV 80  CR 65Campos de paz,6.2072606,-75.5892034,GUAYABAL,50,35,False
1489,S-15,9,15,AV 80  CR 65Campos de paz,6.2072606,-75.5892034,GUAYABAL,50,56,True
1490,S-15,10,15,AV 80  CR 65Campos de paz,6.2072606,-75.5892034,GUAYABAL,50,69,True
1491,S-16,1,16,AV 80  CR 67Peatonal el Rodeo,6.20812246,-75.59095073,,50,63,True
1492,S-16,2,16,AV 80  CR 67Peatonal el Rodeo,6.20812246,-75.59095073,,50,41,False
1493,S-16,3,16,AV 80  CR 67Peatonal el Rodeo,6.20812246,-75.59095073,,50,74,True
1494,S-16,4,16,AV 80  CR 67Peatonal el Rodeo,6.20812246,-75.59095073,,50,36,False
1495,S-16,5,16,AV 80  CR 67Peatonal el Rodeo,6.20812246,-75.59095073,,50,39,False
1496,S-16,6,16,AV 80  CR 67Peatonal el Rodeo,6.20812246,-75.59095073,,50,74,True
1497,S-16,7,16,AV 80  CR 67Peatonal el Rodeo,6.20812246,-75.59095073,,50,46,False
1498,S-16,8,16,AV 80  CR 67Peatonal el Rodeo,6.20812246,-75.59095073,,50,55,True
1499,S-16,9,16,AV 80  CR 67Peatonal el Rodeo,6.20812246,-75.59095073,,50,50,False
1500,S-16,10,16,AV 80  CR 67Peatonal el Rodeo,6.20812246,-75.59095073,,50,57,True
1501,S-17,1,17,AV 80  CR 70NORTE  iss,6.21080641,-75.59494247,BELEN,50,75,True
1502,S-17,2,17,AV 80  CR 70NORTE  iss,6.21080641,-75.59494247,BELEN,50,31,False
1503,S-17,3,17,AV 80  CR 70NORTE  iss,6.21080641,-75.59494247,BELEN,50,72,True
1504,S-17,4,17,AV 80  CR 70NORTE  iss,6.21080641,-75.59494247,BELEN,50,30,False
1505,S-17,5,17,AV 80  CR 70NORTE  iss,6.21080641,-75.59494247,BELEN,50,80,True
1506,S-17,6,17,AV 80  CR 70NORTE  iss,6.21080641,-75.59494247,BELEN,50,65,True
1507,S-17,7,17,AV 80  CR 70NORTE  iss,6.21080641,-75.59494247,BELEN,50,80,True
1508,S-17,8,17,AV 80  CR 70NORTE  iss,6.21080641,-75.59494247,BELEN,50,55,True
1509,S-17,9,17,AV 80  CR 70NORTE  iss,6.21080641,-75.59494247,BELEN,50,58,True
1510,S-17,10,17,AV 80  CR 70NORTE  iss,6.21080641,-75.59494247,BELEN,50,50,False
1511,S-18,1,18,AV 80  CR 70SUR  iss,6.21031331,-75.59468019,BELEN,50,40,False
1512,S-18,2,18,AV 80  CR 70SUR  iss,6.21031331,-75.59468019,BELEN,50,69,True
1513,S-18,3,18,AV 80  CR 70SUR  iss,6.21031331,-75.59468019,BELEN,50,40,False
1514,S-18,4,18,AV 80  CR 70SUR  iss,6.21031331,-75.59468019,BELEN,50,65,True
1515,S-18,5,18,AV 80  CR 70SUR  iss,6.21031331,-75.59468019,BELEN,50,78,True
1516,S-18,6,18,AV 80  CR 70SUR  iss,6.21031331,-75.59468019,BELEN,50,68,True
1517,S-18,7,18,AV 80  CR 70SUR  iss,6.21031331,-75.59468019,BELEN,50,69,True
1518,S-18,8,18,AV 80  CR 70SUR  iss,6.21031331,-75.59468019,BELEN,50,64,True
1519,S-18,9,18,AV 80  CR 70SUR  iss,6.21031331,-75.59468019,BELEN,50,63,True
1520,S-18,10,18,AV 80  CR 70SUR  iss,6.21031331,-75.59468019,BELEN,50,76,True
1521,S-23,1,23,CR 66 B  CQ 1AV BOLIVARIANA x CQ 1,6.24317148,-75.58617736,,50,53,True
1522,S-23,2,23,CR 66 B  CQ 1AV BOLIVARIANA x CQ 1,6.24317148,-75.58617736,,50,51,True
1523,S-23,3,23,CR 66 B  CQ 1AV BOLIVARIANA x CQ 1,6.24317148,-75.58617736,,50,34,False
1524,S-23,4,23,CR 66 B  CQ 1AV BOLIVARIANA x CQ 1,6.24317148,-75.58617736,,50,62,True
1525,S-23,5,23,CR 66 B  CQ 1AV BOLIVARIANA x CQ 1,6.24317148,-75.58617736,,50,65,True
1526,S-23,6,23,CR 66 B  CQ 1AV BOLIVARIANA x CQ 1,6.24317148,-75.58617736,,50,76,True
1527,S-23,7,23,CR 66 B  CQ 1AV BOLIVARIANA x CQ 1,6.24317148,-75.58617736,,50,49,False
1528,S-23,8,23,CR 66 B  CQ 1AV BOLIVARIANA x CQ 1,6.24317148,-75.58617736,,50,48,False
1529,S-23,9,23,CR 66 B  CQ 1AV BOLIVARIANA x CQ 1,6.24317148,-75.58617736,,50,64,True
1530,S-23,10,23,CR 66 B  CQ 1AV BOLIVARIANA x CQ 1,6.24317148,-75.58617736,,50,72,True
1531,S-24,1,24,CQ 74B  CR 74AV JARDIN x CR 74,6.24633064,-75.59393621,LAURELES,50,46,False
1532,S-24,2,24,CQ 74B  CR 74AV JARDIN x CR 74,6.24633064,-75.59393621,LAURELES,50,74,True
1533,S-24,3,24,CQ 74B  CR 74AV JARDIN x CR 74,6.24633064,-75.59393621,LAURELES,50,72,True
1534,S-24,4,24,CQ 74B  CR 74AV JARDIN x CR 74,6.24633064,-75.59393621,LAURELES,50,63,True
1535,S-24,5,24,CQ 74B  CR 74AV JARDIN x CR 74,6.24633064,-75.59393621,LAURELES,50,38,False
1536,S-24,6,24,CQ 74B  CR 74AV JARDIN x CR 74,6.24633064,-75.59393621,LAURELES,50,55,True
1537,S-24,7,24,CQ 74B  CR 74AV JARDIN x CR 74,6.24633064,-75.59393621,LAURELES,50,31,False
1538,S-24,8,24,CQ 74B  CR 74AV JARDIN x CR 74,6.24633064,-75.59393621,LAURELES,50,38,False
1539,S-24,9,24,CQ 74B  CR 74AV JARDIN x CR 74,6.24633064,-75.59393621,LAURELES,50,38,False
1540,S-24,10,24,CQ 74B  CR 74AV JARDIN x CR 74,6.24633064,-75.59393621,LAURELES,50,69,True
1541,S-25,1,25,TV 39B  CQ 74BAV NUTIBARA x AV JARDIN,6.24590625,-75.59599651,LAURELES,50,46,False
1542,S-25,2,25,TV 39B  CQ 74BAV NUTIBARA x AV JARDIN,6.24590625,-75.59599651,LAURELES,50,30,False
1543,S-25,3,25,TV 39B  CQ 74BAV NUTIBARA x AV JARDIN,6.24590625,-75.59599651,LAURELES,50,54,True
1544,S-25,4,25,TV 39B  CQ 74BAV NUTIBARA x AV JARDIN,6.24590625,-75.59599651,LAURELES,50,72,True
1545,S-25,5,25,TV 39B  CQ 74BAV NUTIBARA x AV JARDIN,6.24590625,-75.59599651,LAURELES,50,69,True
1546,S-25,6,25,TV 39B  CQ 74BAV NUTIBARA x AV JARDIN,6.24590625,-75.59599651,LAURELES,50,71,True
1547,S-25,7,25,TV 39B  CQ 74BAV NUTIBARA x AV JARDIN,6.24590625,-75.59599651,LAURELES,50,54,True
1548,S-25,8,25,TV 39B  CQ 74BAV NUTIBARA x AV JARDIN,6.24590625,-75.59599651,LAURELES,50,68,True
1549,S-25,9,25,TV 39B  CQ 74BAV NUTIBARA x AV JARDIN,6.24590625,-75.59599651,LAURELES,50,64,True
1550,S-25,10,25,TV 39B  CQ 74BAV NUTIBARA x AV JARDIN,6.24590625,-75.59599651,LAURELES,50,32,False
1551,S-26,1,26,TV 39B  CQ 2AV NUTIBARA x CQ 2,6.2422534,-75.59262697,LAURELES,50,79,True
1552,S-26,2,26,TV 39B  CQ 2AV NUTIBARA x CQ 2,6.2422534,-75.59262697,LAURELES,50,66,True
1553,S-26,3,26,TV 39B  CQ 2AV NUTIBARA x CQ 2,6.2422534,-75.59262697,LAURELES,50,73,True
1554,S-26,4,26,TV 39B  CQ 2AV NUTIBARA x CQ 2,6.2422534,-75.59262697,LAURELES,50,73,True
1555,S-26,5,26,TV 39B  CQ 2AV NUTIBARA x CQ 2,6.2422534,-75.59262697,LAURELES,50,80,True
1556,S-26,6,26,TV 39B  CQ 2AV NUTIBARA x CQ 2,6.2422534,-75.59262697,LAURELES,50,59,True
1557,S-26,7,26,TV 39B  CQ 2AV NUTIBARA x CQ 2,6.2422534,-75.59262697,LAURELES,50,67,True
1558,S-26,8,26,TV 39B  CQ 2AV NUTIBARA x CQ 2,6.2422534,-75.59262697,LAURELES,50,63,True
1559,S-26,9,26,TV 39B  CQ 2AV NUTIBARA x CQ 2,6.2422534,-75.59262697,LAURELES,50,41,False
1560,S-26,10,26,TV 39B  CQ 2AV NUTIBARA x CQ 2,6.2422534,-75.59262697,LAURELES,50,48,False
1561,S-27,1,27,TV 39B  CQ 4AV NUTIBARA x CQ 4,6.24339564,-75.59371914,LAURELES,50,66,True
1562,S-27,2,27,TV 39B  CQ 4AV NUTIBARA x CQ 4,6.24339564,-75.59371914,LAURELES,50,73,True
1563,S-27,3,27,TV 39B  CQ 4AV NUTIBARA x CQ 4,6.24339564,-75.59371914,LAURELES,50,78,True
1564,S-27,4,27,TV 39B  CQ 4AV NUTIBARA x CQ 4,6.24339564,-75.59371914,LAURELES,50,46,False
1565,S-27,5,27,TV 39B  CQ 4AV NUTIBARA x CQ 4,6.24339564,-75.59371914,LAURELES,50,39,False
1566,S-27,6,27,TV 39B  CQ 4AV NUTIBARA x CQ 4,6.24339564,-75.59371914,LAURELES,50,78,True
1567,S-27,7,27,TV 39B  CQ 4AV NUTIBARA x CQ 4,6.24339564,-75.59371914,LAURELES,50,76,True
1568,S-27,8,27,TV 39B  CQ 4AV NUTIBARA x CQ 4,6.24339564,-75.59371914,LAURELES,50,41,False
1569,S-27,9,27,TV 39B  CQ 4AV NUTIBARA x CQ 4,6.24339564,-75.59371914,LAURELES,50,45,False
1570,S-27,10,27,TV 39B  CQ 4AV NUTIBARA x CQ 4,6.24339564,-75.59371914,LAURELES,50,53,True
1571,S-34,1,34,CR 64 C  CL 67CARABINEROS  GLORIETA INTERIOR,6.26565905,-75.57496719,CASTILLA,50,48,False
1572,S-34,2,34,CR 64 C  CL 67CARABINEROS  GLORIETA INTERIOR,6.26565905,-75.57496719,CASTILLA,50,37,False
1573,S-34,3,34,CR 64 C  CL 67CARABINEROS  GLORIETA INTERIOR,6.26565905,-75.57496719,CASTILLA,50,60,True
1574,S-34,4,34,CR 64 C  CL 67CARABINEROS  GLORIETA INTERIOR,6.26565905,-75.57496719,CASTILLA,50,50,False
1575,S-34,5,34,CR 64 C  CL 67CARABINEROS  GLORIETA INTERIOR,6.26565905,-75.57496719,CASTILLA,50,46,False
1576,S-34,6,34,CR 64 C  CL 67CARABINEROS  GLORIETA INTERIOR,6.26565905,-75.57496719,CASTILLA,50,52,True
1577,S-34,7,34,CR 64 C  CL 67CARABINEROS  GLORIETA INTERIOR,6.26565905,-75.57496719,CASTILLA,50,66,True
1578,S-34,8,34,CR 64 C  CL 67CARABINEROS  GLORIETA INTERIOR,6.26565905,-75.57496719,CASTILLA,50,45,False
1579,S-34,9,34,CR 64 C  CL 67CARABINEROS  GLORIETA INTERIOR,6.26565905,-75.57496719,CASTILLA,50,35,False
1580,S-34,10,34,CR 64 C  CL 67CARABINEROS  GLORIETA INTERIOR,6.26565905,-75.57496719,CASTILLA,50,37,False
1581,S-36,1,36,CR 65  CL 67COCA COLA ,6.26659437,-75.57645469,CASTILLA,50,54,True
1582,S-36,2,36,CR 65  CL 67COCA COLA ,6.26659437,-75.57645469,CASTILLA,50,47,False
1583,S-36,3,36,CR 65  CL 67COCA COLA ,6.26659437,-75.57645469,CASTILLA,50,54,True
1584,S-36,4,36,CR 65  CL 67COCA COLA ,6.26659437,-75.57645469,CASTILLA,50,41,False
1585,S-36,5,36,CR 65  CL 67COCA COLA ,6.26659437,-75.57645469,CASTILLA,50,44,False
1586,S-36,6,36,CR 65  CL 67COCA COLA ,6.26659437,-75.57645469,CASTILLA,50,55,True
1587,S-36,7,36,CR 65  CL 67COCA COLA ,6.26659437,-75.57645469,CASTILLA,50,70,True
1588,S-36,8,36,CR 65  CL 67COCA COLA ,6.26659437,-75.57645469,CASTILLA,50,74,True
1589,S-36,9,36,CR 65  CL 67COCA COLA ,6.26659437,-75.57645469,CASTILLA,50,55,True
1590,S-36,10,36,CR 65  CL 67COCA COLA ,6.26659437,-75.57645469,CASTILLA,50,76,True
1591,S-35,1,35,AV 80  CL 2 CLINICA LAS AMERICAS PEATONAL,6.21407364,-75.59670518,BELEN,50,61,True
1592,S-35,2,35,AV 80  CL 2 CLINICA LAS AMERICAS PEATONAL,6.21407364,-75.59670518,BELEN,50,39,False
1593,S-35,3,35,AV 80  CL 2 CLINICA LAS AMERICAS PEATONAL,6.21407364,-75.59670518,BELEN,50,45,False
1594,S-35,4,35,AV 80  CL 2 CLINICA LAS AMERICAS PEATONAL,6.21407364,-75.59670518,BELEN,50,36,False
1595,S-35,5,35,AV 80  CL 2 CLINICA LAS AMERICAS PEATONAL,6.21407364,-75.59670518,BELEN,50,46,False
1596,S-35,6,35,AV 80  CL 2 CLINICA LAS AMERICAS PEATONAL,6.21407364,-75.59670518,BELEN,50,52,True
1597,S-35,7,35,AV 80  CL 2 CLINICA LAS AMERICAS PEATONAL,6.21407364,-75.59670518,BELEN,50,55,True
1598,S-35,8,35,AV 80  CL 2 CLINICA LAS AMERICAS PEATONAL,6.21407364,-75.59670518,BELEN,50,50,False
1599,S-35,9,35,AV 80  CL 2 CLINICA LAS AMERICAS PEATONAL,6.21407364,-75.59670518,BELEN,50,51,True
1600,S-35,10,35,AV 80  CL 2 CLINICA LAS AMERICAS PEATONAL,6.21407364,-75.59670518,BELEN,50,36,False
1601,S-39,1,39,CR 30  CL 45,6.23790216,-75.55448786,BUENOS AIRES,50,43,False
1602,S-39,2,39,CR 30  CL 45,6.23790216,-75.55448786,BUENOS AIRES,50,44,False
1603,S-39,3,39,CR 30  CL 45,6.23790216,-75.55448786,BUENOS AIRES,50,36,False
1604,S-39,4,39,CR 30  CL 45,6.23790216,-75.55448786,BUENOS AIRES,50,38,False
1605,S-39,5,39,CR 30  CL 45,6.23790216,-75.55448786,BUENOS AIRES,50,80,True
1606,S-39,6,39,CR 30  CL 45,6.23790216,-75.55448786,BUENOS AIRES,50,77,True
1607,S-39,7,39,CR 30  CL 45,6.23790216,-75.55448786,BUENOS AIRES,50,37,False
1608,S-39,8,39,CR 30  CL 45,6.23790216,-75.55448786,BUENOS AIRES,50,79,True
1609,S-39,9,39,CR 30  CL 45,6.23790216,-75.55448786,BUENOS AIRES,50,52,True
1610,S-39,10,39,CR 30  CL 45,6.23790216,-75.55448786,BUENOS AIRES,50,58,True
1611,S-40,1,40,CR 30  CL 49,6.24085577,-75.55292296,BUENOS AIRES,50,47,False
1612,S-40,2,40,CR 30  CL 49,6.24085577,-75.55292296,BUENOS AIRES,50,60,True
1613,S-40,3,40,CR 30  CL 49,6.24085577,-75.55292296,BUENOS AIRES,50,59,True
1614,S-40,4,40,CR 30  CL 49,6.24085577,-75.55292296,BUENOS AIRES,50,68,True
1615,S-40,5,40,CR 30  CL 49,6.24085577,-75.55292296,BUENOS AIRES,50,64,True
1616,S-40,6,40,CR 30  CL 49,6.24085577,-75.55292296,BUENOS AIRES,50,47,False
1617,S-40,7,40,CR 30  CL 49,6.24085577,-75.55292296,BUENOS AIRES,50,71,True
1618,S-40,8,40,CR 30  CL 49,6.24085577,-75.55292296,BUENOS AIRES,50,68,True
1619,S-40,9,40,CR 30  CL 49,6.24085577,-75.55292296,BUENOS AIRES,50,46,False
1620,S-40,10,40,CR 30  CL 49,6.24085577,-75.55292296,BUENOS AIRES,50,43,False
1621,S-42,1,42,CR 30  CL 10TV INF,6.20887476,-75.5592091,EL POBLADO,50,60,True
1622,S-42,2,42,CR 30  CL 10TV INF,6.20887476,-75.5592091,EL POBLADO,50,53,True
1623,S-42,3,42,CR 30  CL 10TV INF,6.20887476,-75.5592091,EL POBLADO,50,64,True
1624,S-42,4,42,CR 30  CL 10TV INF,6.20887476,-75.5592091,EL POBLADO,50,73,True
1625,S-42,5,42,CR 30  CL 10TV INF,6.20887476,-75.5592091,EL POBLADO,50,74,True
1626,S-42,6,42,CR 30  CL 10TV INF,6.20887476,-75.5592091,EL POBLADO,50,63,True
1627,S-42,7,42,CR 30  CL 10TV INF,6.20887476,-75.5592091,EL POBLADO,50,32,False
1628,S-42,8,42,CR 30  CL 10TV INF,6.20887476,-75.5592091,EL POBLADO,50,66,True
1629,S-42,9,42,CR 30  CL 10TV INF,6.20887476,-75.5592091,EL POBLADO,50,72,True
1630,S-42,10,42,CR 30  CL 10TV INF,6.20887476,-75.5592091,EL POBLADO,50,69,True
1631,S-43,1,43,CR 32  CL 49,6.24158795,-75.55425644,BUENOS AIRES,50,55,True
1632,S-43,2,43,CR 32  CL 49,6.24158795,-75.55425644,BUENOS AIRES,50,52,True
1633,S-43,3,43,CR 32  CL 49,6.24158795,-75.55425644,BUENOS AIRES,50,73,True
1634,S-43,4,43,CR 32  CL 49,6.24158795,-75.55425644,BUENOS AIRES,50,68,True
1635,S-43,5,43,CR 32  CL 49,6.24158795,-75.55425644,BUENOS AIRES,50,44,False
1636,S-43,6,43,CR 32  CL 49,6.24158795,-75.55425644,BUENOS AIRES,50,78,True
1637,S-43,7,43,CR 32  CL 49,6.24158795,-75.55425644,BUENOS AIRES,50,33,False
1638,S-43,8,43,CR 32  CL 49,6.24158795,-75.55425644,BUENOS AIRES,50,58,True
1639,S-43,9,43,CR 32  CL 49,6.24158795,-75.55425644,BUENOS AIRES,50,51,True
1640,S-43,10,43,CR 32  CL 49,6.24158795,-75.55425644,BUENOS AIRES,50,54,True
1641,S-45,1,45,CR 32  CL 52,6.24296147,-75.55342604,BUENOS AIRES,50,42,False
1642,S-45,2,45,CR 32  CL 52,6.24296147,-75.55342604,BUENOS AIRES,50,47,False
1643,S-45,3,45,CR 32  CL 52,6.24296147,-75.55342604,BUENOS AIRES,50,62,True
1644,S-45,4,45,CR 32  CL 52,6.24296147,-75.55342604,BUENOS AIRES,50,45,False
1645,S-45,5,45,CR 32  CL 52,6.24296147,-75.55342604,BUENOS AIRES,50,74,True
1646,S-45,6,45,CR 32  CL 52,6.24296147,-75.55342604,BUENOS AIRES,50,71,True
1647,S-45,7,45,CR 32  CL 52,6.24296147,-75.55342604,BUENOS AIRES,50,73,True
1648,S-45,8,45,CR 32  CL 52,6.24296147,-75.55342604,BUENOS AIRES,50,31,False
1649,S-45,9,45,CR 32  CL 52,6.24296147,-75.55342604,BUENOS AIRES,50,64,True
1650,S-45,10,45,CR 32  CL 52,6.24296147,-75.55342604,BUENOS AIRES,50,71,True
1651,S-44,1,44,CR 32  CL 51,6.24312034,-75.55377583,BUENOS AIRES,50,63,True
1652,S-44,2,44,CR 32  CL 51,6.24312034,-75.55377583,BUENOS AIRES,50,59,True
1653,S-44,3,44,CR 32  CL 51,6.24312034,-75.55377583,BUENOS AIRES,50,42,False
1654,S-44,4,44,CR 32  CL 51,6.24312034,-75.55377583,BUENOS AIRES,50,42,False
1655,S-44,5,44,CR 32  CL 51,6.24312034,-75.55377583,BUENOS AIRES,50,47,False
1656,S-44,6,44,CR 32  CL 51,6.24312034,-75.55377583,BUENOS AIRES,50,61,True
1657,S-44,7,44,CR 32  CL 51,6.24312034,-75.55377583,BUENOS AIRES,50,61,True
1658,S-44,8,44,CR 32  CL 51,6.24312034,-75.55377583,BUENOS AIRES,50,64,True
1659,S-44,9,44,CR 32  CL 51,6.24312034,-75.55377583,BUENOS AIRES,50,68,True
1660,S-44,10,44,CR 32  CL 51,6.24312034,-75.55377583,BUENOS AIRES,50,75,True
1661,S-41,1,41,CR 32 B  CL 10,6.2086377,-75.56375549,EL POBLADO,50,58,True
1662,S-41,2,41,CR 32 B  CL 10,6.2086377,-75.56375549,EL POBLADO,50,78,True
1663,S-41,3,41,CR 32 B  CL 10,6.2086377,-75.56375549,EL POBLADO,50,58,True
1664,S-41,4,41,CR 32 B  CL 10,6.2086377,-75.56375549,EL POBLADO,50,73,True
1665,S-41,5,41,CR 32 B  CL 10,6.2086377,-75.56375549,EL POBLADO,50,45,False
1666,S-41,6,41,CR 32 B  CL 10,6.2086377,-75.56375549,EL POBLADO,50,73,True
1667,S-41,7,41,CR 32 B  CL 10,6.2086377,-75.56375549,EL POBLADO,50,76,True
1668,S-41,8,41,CR 32 B  CL 10,6.2086377,-75.56375549,EL POBLADO,50,39,False
1669,S-41,9,41,CR 32 B  CL 10,6.2086377,-75.56375549,EL POBLADO,50,59,True
1670,S-41,10,41,CR 32 B  CL 10,6.2086377,-75.56375549,EL POBLADO,50,54,True
1671,S-46,1,46,CR 34  CL 1 S,6.2011521,-75.56615378,EL POBLADO,50,68,True
1672,S-46,2,46,CR 34  CL 1 S,6.2011521,-75.56615378,EL POBLADO,50,49,False
1673,S-46,3,46,CR 34  CL 1 S,6.2011521,-75.56615378,EL POBLADO,50,34,False
1674,S-46,4,46,CR 34  CL 1 S,6.2011521,-75.56615378,EL POBLADO,50,30,False
1675,S-46,5,46,CR 34  CL 1 S,6.2011521,-75.56615378,EL POBLADO,50,59,True
1676,S-46,6,46,CR 34  CL 1 S,6.2011521,-75.56615378,EL POBLADO,50,78,True
1677,S-46,7,46,CR 34  CL 1 S,6.2011521,-75.56615378,EL POBLADO,50,32,False
1678,S-46,8,46,CR 34  CL 1 S,6.2011521,-75.56615378,EL POBLADO,50,74,True
1679,S-46,9,46,CR 34  CL 1 S,6.2011521,-75.56615378,EL POBLADO,50,43,False
1680,S-46,10,46,CR 34  CL 1 S,6.2011521,-75.56615378,EL POBLADO,50,59,True
1681,S-47,1,47,CR 34  CL 10,6.20847036,-75.56510198,EL POBLADO,50,79,True
1682,S-47,2,47,CR 34  CL 10,6.20847036,-75.56510198,EL POBLADO,50,33,False
1683,S-47,3,47,CR 34  CL 10,6.20847036,-75.56510198,EL POBLADO,50,47,False
1684,S-47,4,47,CR 34  CL 10,6.20847036,-75.56510198,EL POBLADO,50,66,True
1685,S-47,5,47,CR 34  CL 10,6.20847036,-75.56510198,EL POBLADO,50,54,True
1686,S-47,6,47,CR 34  CL 10,6.20847036,-75.56510198,EL POBLADO,50,77,True
1687,S-47,7,47,CR 34  CL 10,6.20847036,-75.56510198,EL POBLADO,50,30,False
1688,S-47,8,47,CR 34  CL 10,6.20847036,-75.56510198,EL POBLADO,50,75,True
1689,S-47,9,47,CR 34  CL 10,6.20847036,-75.56510198,EL POBLADO,50,44,False
1690,S-47,10,47,CR 34  CL 10,6.20847036,-75.56510198,EL POBLADO,50,38,False
1691,S-49,1,49,CR 34  CL 11 A,6.21184451,-75.56448322,EL POBLADO,50,44,False
1692,S-49,2,49,CR 34  CL 11 A,6.21184451,-75.56448322,EL POBLADO,50,78,True
1693,S-49,3,49,CR 34  CL 11 A,6.21184451,-75.56448322,EL POBLADO,50,53,True
1694,S-49,4,49,CR 34  CL 11 A,6.21184451,-75.56448322,EL POBLADO,50,33,False
1695,S-49,5,49,CR 34  CL 11 A,6.21184451,-75.56448322,EL POBLADO,50,41,False
1696,S-49,6,49,CR 34  CL 11 A,6.21184451,-75.56448322,EL POBLADO,50,66,True
1697,S-49,7,49,CR 34  CL 11 A,6.21184451,-75.56448322,EL POBLADO,50,66,True
1698,S-49,8,49,CR 34  CL 11 A,6.21184451,-75.56448322,EL POBLADO,50,72,True
1699,S-49,9,49,CR 34  CL 11 A,6.21184451,-75.56448322,EL POBLADO,50,35,False
1700,S-49,10,49,CR 34  CL 11 A,6.21184451,-75.56448322,EL POBLADO,50,68,True
1701,S-50,1,50,CR 34  CL 11 B,6.21252647,-75.56427417,EL POBLADO,50,75,True
1702,S-50,2,50,CR 34  CL 11 B,6.21252647,-75.56427417,EL POBLADO,50,53,True
1703,S-50,3,50,CR 34  CL 11 B,6.21252647,-75.56427417,EL POBLADO,50,40,False
1704,S-50,4,50,CR 34  CL 11 B,6.21252647,-75.56427417,EL POBLADO,50,42,False
1705,S-50,5,50,CR 34  CL 11 B,6.21252647,-75.56427417,EL POBLADO,50,63,True
1706,S-50,6,50,CR 34  CL 11 B,6.21252647,-75.56427417,EL POBLADO,50,54,True
1707,S-50,7,50,CR 34  CL 11 B,6.21252647,-75.56427417,EL POBLADO,50,36,False
1708,S-50,8,50,CR 34  CL 11 B,6.21252647,-75.56427417,EL POBLADO,50,33,False
1709,S-50,9,50,CR 34  CL 11 B,6.21252647,-75.56427417,EL POBLADO,50,37,False
1710,S-50,10,50,CR 34  CL 11 B,6.21252647,-75.56427417,EL POBLADO,50,49,False
1711,S-51,1,51,CR 34  CL 5,6.20206404,-75.56559906,EL POBLADO,50,58,True
1712,S-51,2,51,CR 34  CL 5,6.20206404,-75.56559906,EL POBLADO,50,80,True
1713,S-51,3,51,CR 34  CL 5,6.20206404,-75.56559906,EL POBLADO,50,74,True
1714,S-51,4,51,CR 34  CL 5,6.20206404,-75.56559906,EL POBLADO,50,75,True
1715,S-51,5,51,CR 34  CL 5,6.20206404,-75.56559906,EL POBLADO,50,39,False
1716,S-51,6,51,CR 34  CL 5,6.20206404,-75.56559906,EL POBLADO,50,72,True
1717,S-51,7,51,CR 34  CL 5,6.20206404,-75.56559906,EL POBLADO,50,63,True
1718,S-51,8,51,CR 34  CL 5,6.20206404,-75.56559906,EL POBLADO,50,55,True
1719,S-51,9,51,CR 34  CL 5,6.20206404,-75.56559906,EL POBLADO,50,70,True
1720,S-51,10,51,CR 34  CL 5,6.20206404,-75.56559906,EL POBLADO,50,78,True
1721,S-349,1,349,CR 53  CL 54,6.25447404,-75.56927253,LA CANDELARIA,50,32,False
1722,S-349,2,349,CR 53  CL 54,6.25447404,-75.56927253,LA CANDELARIA,50,35,False
1723,S-349,3,349,CR 53  CL 54,6.25447404,-75.56927253,LA CANDELARIA,50,34,False
1724,S-349,4,349,CR 53  CL 54,6.25447404,-75.56927253,LA CANDELARIA,50,34,False
1725,S-349,5,349,CR 53  CL 54,6.25447404,-75.56927253,LA CANDELARIA,50,76,True
1726,S-349,6,349,CR 53  CL 54,6.25447404,-75.56927253,LA CANDELARIA,50,52,True
1727,S-349,7,349,CR 53  CL 54,6.25447404,-75.56927253,LA CANDELARIA,50,78,True
1728,S-349,8,349,CR 53  CL 54,6.25447404,-75.56927253,LA CANDELARIA,50,38,False
1729,S-349,9,349,CR 53  CL 54,6.25447404,-75.56927253,LA CANDELARIA,50,64,True
1730,S-349,10,349,CR 53  CL 54,6.25447404,-75.56927253,LA CANDELARIA,50,49,False
1731,S-352,1,352,CR 53  CL 59,6.25822336,-75.56852838,LA CANDELARIA,50,78,True
1732,S-352,2,352,CR 53  CL 59,6.25822336,-75.56852838,LA CANDELARIA,50,71,True
1733,S-352,3,352,CR 53  CL 59,6.25822336,-75.56852838,LA CANDELARIA,50,64,True
1734,S-352,4,352,CR 53  CL 59,6.25822336,-75.56852838,LA CANDELARIA,50,79,True
1735,S-352,5,352,CR 53  CL 59,6.25822336,-75.56852838,LA CANDELARIA,50,47,False
1736,S-352,6,352,CR 53  CL 59,6.25822336,-75.56852838,LA CANDELARIA,50,46,False
1737,S-352,7,352,CR 53  CL 59,6.25822336,-75.56852838,LA CANDELARIA,50,53,True
1738,S-352,8,352,CR 53  CL 59,6.25822336,-75.56852838,LA CANDELARIA,50,32,False
1739,S-352,9,352,CR 53  CL 59,6.25822336,-75.56852838,LA CANDELARIA,50,61,True
1740,S-352,10,352,CR 53  CL 59,6.25822336,-75.56852838,LA CANDELARIA,50,64,True
1741,S-353,1,353,CR 53  CL 6 SCC EL RODEO,6.20508748,-75.58846108,GUAYABAL,50,67,True
1742,S-353,2,353,CR 53  CL 6 SCC EL RODEO,6.20508748,-75.58846108,GUAYABAL,50,42,False
1743,S-353,3,353,CR 53  CL 6 SCC EL RODEO,6.20508748,-75.58846108,GUAYABAL,50,76,True
1744,S-353,4,353,CR 53  CL 6 SCC EL RODEO,6.20508748,-75.58846108,GUAYABAL,50,54,True
1745,S-353,5,353,CR 53  CL 6 SCC EL RODEO,6.20508748,-75.58846108,GUAYABAL,50,38,False
1746,S-353,6,353,CR 53  CL 6 SCC EL RODEO,6.20508748,-75.58846108,GUAYABAL,50,33,False
1747,S-353,7,353,CR 53  CL 6 SCC EL RODEO,6.20508748,-75.58846108,GUAYABAL,50,43,False
1748,S-353,8,353,CR 53  CL 6 SCC EL RODEO,6.20508748,-75.58846108,GUAYABAL,50,66,True
1749,S-353,9,353,CR 53  CL 6 SCC EL RODEO,6.20508748,-75.58846108,GUAYABAL,50,63,True
1750,S-353,10,353,CR 53  CL 6 SCC EL RODEO,6.20508748,-75.58846108,GUAYABAL,50,40,False
1751,S-354,1,354,CR 53  CL 70UdeA,6.26726242,-75.56691985,,50,70,True
1752,S-354,2,354,CR 53  CL 70UdeA,6.26726242,-75.56691985,,50,32,False
1753,S-354,3,354,CR 53  CL 70UdeA,6.26726242,-75.56691985,,50,57,True
1754,S-354,4,354,CR 53  CL 70UdeA,6.26726242,-75.56691985,,50,58,True
1755,S-354,5,354,CR 53  CL 70UdeA,6.26726242,-75.56691985,,50,38,False
1756,S-354,6,354,CR 53  CL 70UdeA,6.26726242,-75.56691985,,50,32,False
1757,S-354,7,354,CR 53  CL 70UdeA,6.26726242,-75.56691985,,50,54,True
1758,S-354,8,354,CR 53  CL 70UdeA,6.26726242,-75.56691985,,50,63,True
1759,S-354,9,354,CR 53  CL 70UdeA,6.26726242,-75.56691985,,50,41,False
1760,S-354,10,354,CR 53  CL 70UdeA,6.26726242,-75.56691985,,50,71,True
1761,S-355,1,355,CR 53  CL 73,6.26939499,-75.56636228,,50,38,False
1762,S-355,2,355,CR 53  CL 73,6.26939499,-75.56636228,,50,44,False
1763,S-355,3,355,CR 53  CL 73,6.26939499,-75.56636228,,50,69,True
1764,S-355,4,355,CR 53  CL 73,6.26939499,-75.56636228,,50,54,True
1765,S-355,5,355,CR 53  CL 73,6.26939499,-75.56636228,,50,34,False
1766,S-355,6,355,CR 53  CL 73,6.26939499,-75.56636228,,50,40,False
1767,S-355,7,355,CR 53  CL 73,6.26939499,-75.56636228,,50,63,True
1768,S-355,8,355,CR 53  CL 73,6.26939499,-75.56636228,,50,53,True
1769,S-355,9,355,CR 53  CL 73,6.26939499,-75.56636228,,50,44,False
1770,S-355,10,355,CR 53  CL 73,6.26939499,-75.56636228,,50,67,True
1771,S-356,1,356,CR 53  CL 77PARQUE NORTE,6.27175385,-75.56568262,,50,37,False
1772,S-356,2,356,CR 53  CL 77PARQUE NORTE,6.27175385,-75.56568262,,50,34,False
1773,S-356,3,356,CR 53  CL 77PARQUE NORTE,6.27175385,-75.56568262,,50,77,True
1774,S-356,4,356,CR 53  CL 77PARQUE NORTE,6.27175385,-75.56568262,,50,55,True
1775,S-356,5,356,CR 53  CL 77PARQUE NORTE,6.27175385,-75.56568262,,50,47,False
1776,S-356,6,356,CR 53  CL 77PARQUE NORTE,6.27175385,-75.56568262,,50,35,False
1777,S-356,7,356,CR 53  CL 77PARQUE NORTE,6.27175385,-75.56568262,,50,66,True
1778,S-356,8,356,CR 53  CL 77PARQUE NORTE,6.27175385,-75.56568262,,50,77,True
1779,S-356,9,356,CR 53  CL 77PARQUE NORTE,6.27175385,-75.56568262,,50,42,False
1780,S-356,10,356,CR 53  CL 77PARQUE NORTE,6.27175385,-75.56568262,,50,57,True
1781,S-357,1,357,CR 54  CL 53AV GREIFF,6.25344701,-75.57024065,LA CANDELARIA,50,34,False
1782,S-357,2,357,CR 54  CL 53AV GREIFF,6.25344701,-75.57024065,LA CANDELARIA,50,42,False
1783,S-357,3,357,CR 54  CL 53AV GREIFF,6.25344701,-75.57024065,LA CANDELARIA,50,46,False
1784,S-357,4,357,CR 54  CL 53AV GREIFF,6.25344701,-75.57024065,LA CANDELARIA,50,79,True
1785,S-357,5,357,CR 54  CL 53AV GREIFF,6.25344701,-75.57024065,LA CANDELARIA,50,69,True
1786,S-357,6,357,CR 54  CL 53AV GREIFF,6.25344701,-75.57024065,LA CANDELARIA,50,74,True
1787,S-357,7,357,CR 54  CL 53AV GREIFF,6.25344701,-75.57024065,LA CANDELARIA,50,61,True
1788,S-357,8,357,CR 54  CL 53AV GREIFF,6.25344701,-75.57024065,LA CANDELARIA,50,58,True
1789,S-357,9,357,CR 54  CL 53AV GREIFF,6.25344701,-75.57024065,LA CANDELARIA,50,80,True
1790,S-357,10,357,CR 54  CL 53AV GREIFF,6.25344701,-75.57024065,LA CANDELARIA,50,32,False
1791,S-359,1,359,CR 54  CL 48,6.24923578,-75.57223922,LA CANDELARIA,50,69,True
1792,S-359,2,359,CR 54  CL 48,6.24923578,-75.57223922,LA CANDELARIA,50,63,True
1793,S-359,3,359,CR 54  CL 48,6.24923578,-75.57223922,LA CANDELARIA,50,69,True
1794,S-359,4,359,CR 54  CL 48,6.24923578,-75.57223922,LA CANDELARIA,50,56,True
1795,S-359,5,359,CR 54  CL 48,6.24923578,-75.57223922,LA CANDELARIA,50,42,False
1796,S-359,6,359,CR 54  CL 48,6.24923578,-75.57223922,LA CANDELARIA,50,74,True
1797,S-359,7,359,CR 54  CL 48,6.24923578,-75.57223922,LA CANDELARIA,50,62,True
1798,S-359,8,359,CR 54  CL 48,6.24923578,-75.57223922,LA CANDELARIA,50,35,False
1799,S-359,9,359,CR 54  CL 48,6.24923578,-75.57223922,LA CANDELARIA,50,53,True
1800,S-359,10,359,CR 54  CL 48,6.24923578,-75.57223922,LA CANDELARIA,50,48,False
1801,S-360,1,360,CR 54  CL 49,6.25003539,-75.57184802,LA CANDELARIA,50,45,False
1802,S-360,2,360,CR 54  CL 49,6.25003539,-75.57184802,LA CANDELARIA,50,69,True
1803,S-360,3,360,CR 54  CL 49,6.25003539,-75.57184802,LA CANDELARIA,50,57,True
1804,S-360,4,360,CR 54  CL 49,6.25003539,-75.57184802,LA CANDELARIA,50,62,True
1805,S-360,5,360,CR 54  CL 49,6.25003539,-75.57184802,LA CANDELARIA,50,77,True
1806,S-360,6,360,CR 54  CL 49,6.25003539,-75.57184802,LA CANDELARIA,50,70,True
1807,S-360,7,360,CR 54  CL 49,6.25003539,-75.57184802,LA CANDELARIA,50,42,False
1808,S-360,8,360,CR 54  CL 49,6.25003539,-75.57184802,LA CANDELARIA,50,72,True
1809,S-360,9,360,CR 54  CL 49,6.25003539,-75.57184802,LA CANDELARIA,50,74,True
1810,S-360,10,360,CR 54  CL 49,6.25003539,-75.57184802,LA CANDELARIA,50,54,True
1811,S-361,1,361,CR 54  CL 50,6.25107978,-75.5713101,LA CANDELARIA,50,71,True
1812,S-361,2,361,CR 54  CL 50,6.25107978,-75.5713101,LA CANDELARIA,50,65,True
1813,S-361,3,361,CR 54  CL 50,6.25107978,-75.5713101,LA CANDELARIA,50,56,True
1814,S-361,4,361,CR 54  CL 50,6.25107978,-75.5713101,LA CANDELARIA,50,67,True
1815,S-361,5,361,CR 54  CL 50,6.25107978,-75.5713101,LA CANDELARIA,50,36,False
1816,S-361,6,361,CR 54  CL 50,6.25107978,-75.5713101,LA CANDELARIA,50,34,False
1817,S-361,7,361,CR 54  CL 50,6.25107978,-75.5713101,LA CANDELARIA,50,72,True
1818,S-361,8,361,CR 54  CL 50,6.25107978,-75.5713101,LA CANDELARIA,50,74,True
1819,S-361,9,361,CR 54  CL 50,6.25107978,-75.5713101,LA CANDELARIA,50,80,True
1820,S-361,10,361,CR 54  CL 50,6.25107978,-75.5713101,LA CANDELARIA,50,60,True
1821,S-362,1,362,CR 54  CL 51,6.25173252,-75.57098409,LA CANDELARIA,50,52,True
1822,S-362,2,362,CR 54  CL 51,6.25173252,-75.57098409,LA CANDELARIA,50,71,True
1823,S-362,3,362,CR 54  CL 51,6.25173252,-75.57098409,LA CANDELARIA,50,39,False
1824,S-362,4,362,CR 54  CL 51,6.25173252,-75.57098409,LA CANDELARIA,50,61,True
1825,S-362,5,362,CR 54  CL 51,6.25173252,-75.57098409,LA CANDELARIA,50,72,True
1826,S-362,6,362,CR 54  CL 51,6.25173252,-75.57098409,LA CANDELARIA,50,59,True
1827,S-362,7,362,CR 54  CL 51,6.25173252,-75.57098409,LA CANDELARIA,50,68,True
1828,S-362,8,362,CR 54  CL 51,6.25173252,-75.57098409,LA CANDELARIA,50,60,True
1829,S-362,9,362,CR 54  CL 51,6.25173252,-75.57098409,LA CANDELARIA,50,47,False
1830,S-362,10,362,CR 54  CL 51,6.25173252,-75.57098409,LA CANDELARIA,50,65,True
1831,S-363,1,363,CR 54  CL 52,6.25249949,-75.57065808,LA CANDELARIA,50,31,False
1832,S-363,2,363,CR 54  CL 52,6.25249949,-75.57065808,LA CANDELARIA,50,43,False
1833,S-363,3,363,CR 54  CL 52,6.25249949,-75.57065808,LA CANDELARIA,50,42,False
1834,S-363,4,363,CR 54  CL 52,6.25249949,-75.57065808,LA CANDELARIA,50,58,True
1835,S-363,5,363,CR 54  CL 52,6.25249949,-75.57065808,LA CANDELARIA,50,41,False
1836,S-363,6,363,CR 54  CL 52,6.25249949,-75.57065808,LA CANDELARIA,50,68,True
1837,S-363,7,363,CR 54  CL 52,6.25249949,-75.57065808,LA CANDELARIA,50,31,False
1838,S-363,8,363,CR 54  CL 52,6.25249949,-75.57065808,LA CANDELARIA,50,61,True
1839,S-363,9,363,CR 54  CL 52,6.25249949,-75.57065808,LA CANDELARIA,50,42,False
1840,S-363,10,363,CR 54  CL 52,6.25249949,-75.57065808,LA CANDELARIA,50,75,True
1841,S-364,1,364,CR 54  CL 54,6.25460458,-75.57007127,LA CANDELARIA,50,56,True
1842,S-364,2,364,CR 54  CL 54,6.25460458,-75.57007127,LA CANDELARIA,50,78,True
1843,S-364,3,364,CR 54  CL 54,6.25460458,-75.57007127,LA CANDELARIA,50,70,True
1844,S-364,4,364,CR 54  CL 54,6.25460458,-75.57007127,LA CANDELARIA,50,46,False
1845,S-364,5,364,CR 54  CL 54,6.25460458,-75.57007127,LA CANDELARIA,50,69,True
1846,S-364,6,364,CR 54  CL 54,6.25460458,-75.57007127,LA CANDELARIA,50,60,True
1847,S-364,7,364,CR 54  CL 54,6.25460458,-75.57007127,LA CANDELARIA,50,63,True
1848,S-364,8,364,CR 54  CL 54,6.25460458,-75.57007127,LA CANDELARIA,50,53,True
1849,S-364,9,364,CR 54  CL 54,6.25460458,-75.57007127,LA CANDELARIA,50,74,True
1850,S-364,10,364,CR 54  CL 54,6.25460458,-75.57007127,LA CANDELARIA,50,64,True
1851,S-365,1,365,CR 55  CL 30,6.23169387,-75.57979826,GUAYABAL,50,77,True
1852,S-365,2,365,CR 55  CL 30,6.23169387,-75.57979826,GUAYABAL,50,35,False
1853,S-365,3,365,CR 55  CL 30,6.23169387,-75.57979826,GUAYABAL,50,48,False
1854,S-365,4,365,CR 55  CL 30,6.23169387,-75.57979826,GUAYABAL,50,59,True
1855,S-365,5,365,CR 55  CL 30,6.23169387,-75.57979826,GUAYABAL,50,36,False
1856,S-365,6,365,CR 55  CL 30,6.23169387,-75.57979826,GUAYABAL,50,39,False
1857,S-365,7,365,CR 55  CL 30,6.23169387,-75.57979826,GUAYABAL,50,70,True
1858,S-365,8,365,CR 55  CL 30,6.23169387,-75.57979826,GUAYABAL,50,61,True
1859,S-365,9,365,CR 55  CL 30,6.23169387,-75.57979826,GUAYABAL,50,63,True
1860,S-365,10,365,CR 55  CL 30,6.23169387,-75.57979826,GUAYABAL,50,57,True
1861,S-366,1,366,CR 55  CL 30 A,6.23297211,-75.57955263,GUAYABAL,50,44,False
1862,S-366,2,366,CR 55  CL 30 A,6.23297211,-75.57955263,GUAYABAL,50,59,True
1863,S-366,3,366,CR 55  CL 30 A,6.23297211,-75.57955263,GUAYABAL,50,66,True
1864,S-366,4,366,CR 55  CL 30 A,6.23297211,-75.57955263,GUAYABAL,50,58,True
1865,S-366,5,366,CR 55  CL 30 A,6.23297211,-75.57955263,GUAYABAL,50,51,True
1866,S-366,6,366,CR 55  CL 30 A,6.23297211,-75.57955263,GUAYABAL,50,33,False
1867,S-366,7,366,CR 55  CL 30 A,6.23297211,-75.57955263,GUAYABAL,50,49,False
1868,S-366,8,366,CR 55  CL 30 A,6.23297211,-75.57955263,GUAYABAL,50,61,True
1869,S-366,9,366,CR 55  CL 30 A,6.23297211,-75.57955263,GUAYABAL,50,65,True
1870,S-366,10,366,CR 55  CL 30 A,6.23297211,-75.57955263,GUAYABAL,50,79,True
1871,S-367,1,367,CR 55  CL 46,6.24866462,-75.57346176,LA CANDELARIA,50,33,False
1872,S-367,2,367,CR 55  CL 46,6.24866462,-75.57346176,LA CANDELARIA,50,56,True
1873,S-367,3,367,CR 55  CL 46,6.24866462,-75.57346176,LA CANDELARIA,50,46,False
1874,S-367,4,367,CR 55  CL 46,6.24866462,-75.57346176,LA CANDELARIA,50,41,False
1875,S-367,5,367,CR 55  CL 46,6.24866462,-75.57346176,LA CANDELARIA,50,51,True
1876,S-367,6,367,CR 55  CL 46,6.24866462,-75.57346176,LA CANDELARIA,50,46,False
1877,S-367,7,367,CR 55  CL 46,6.24866462,-75.57346176,LA CANDELARIA,50,39,False
1878,S-367,8,367,CR 55  CL 46,6.24866462,-75.57346176,LA CANDELARIA,50,30,False
1879,S-367,9,367,CR 55  CL 46,6.24866462,-75.57346176,LA CANDELARIA,50,51,True
1880,S-367,10,367,CR 55  CL 46,6.24866462,-75.57346176,LA CANDELARIA,50,55,True
1881,S-368,1,368,CR 55  CL 48,6.24946424,-75.57305425,LA CANDELARIA,50,47,False
1882,S-368,2,368,CR 55  CL 48,6.24946424,-75.57305425,LA CANDELARIA,50,79,True
1883,S-368,3,368,CR 55  CL 48,6.24946424,-75.57305425,LA CANDELARIA,50,43,False
1884,S-368,4,368,CR 55  CL 48,6.24946424,-75.57305425,LA CANDELARIA,50,76,True
1885,S-368,5,368,CR 55  CL 48,6.24946424,-75.57305425,LA CANDELARIA,50,58,True
1886,S-368,6,368,CR 55  CL 48,6.24946424,-75.57305425,LA CANDELARIA,50,41,False
1887,S-368,7,368,CR 55  CL 48,6.24946424,-75.57305425,LA CANDELARIA,50,65,True
1888,S-368,8,368,CR 55  CL 48,6.24946424,-75.57305425,LA CANDELARIA,50,64,True
1889,S-368,9,368,CR 55  CL 48,6.24946424,-75.57305425,LA CANDELARIA,50,41,False
1890,S-368,10,368,CR 55  CL 48,6.24946424,-75.57305425,LA CANDELARIA,50,36,False
1891,S-369,1,369,CR 55  CL 49,6.25036176,-75.57264675,LA CANDELARIA,50,58,True
1892,S-369,2,369,CR 55  CL 49,6.25036176,-75.57264675,LA CANDELARIA,50,40,False
1893,S-369,3,369,CR 55  CL 49,6.25036176,-75.57264675,LA CANDELARIA,50,62,True
1894,S-369,4,369,CR 55  CL 49,6.25036176,-75.57264675,LA CANDELARIA,50,35,False
1895,S-369,5,369,CR 55  CL 49,6.25036176,-75.57264675,LA CANDELARIA,50,76,True
1896,S-369,6,369,CR 55  CL 49,6.25036176,-75.57264675,LA CANDELARIA,50,44,False
1897,S-369,7,369,CR 55  CL 49,6.25036176,-75.57264675,LA CANDELARIA,50,61,True
1898,S-369,8,369,CR 55  CL 49,6.25036176,-75.57264675,LA CANDELARIA,50,80,True
1899,S-369,9,369,CR 55  CL 49,6.25036176,-75.57264675,LA CANDELARIA,50,40,False
1900,S-369,10,369,CR 55  CL 49,6.25036176,-75.57264675,LA CANDELARIA,50,52,True
1901,S-370,1,370,CR 55  CL 50,6.2514551,-75.57204363,LA CANDELARIA,50,55,True
1902,S-370,2,370,CR 55  CL 50,6.2514551,-75.57204363,LA CANDELARIA,50,63,True
1903,S-370,3,370,CR 55  CL 50,6.2514551,-75.57204363,LA CANDELARIA,50,75,True
1904,S-370,4,370,CR 55  CL 50,6.2514551,-75.57204363,LA CANDELARIA,50,63,True
1905,S-370,5,370,CR 55  CL 50,6.2514551,-75.57204363,LA CANDELARIA,50,58,True
1906,S-370,6,370,CR 55  CL 50,6.2514551,-75.57204363,LA CANDELARIA,50,33,False
1907,S-370,7,370,CR 55  CL 50,6.2514551,-75.57204363,LA CANDELARIA,50,46,False
1908,S-370,8,370,CR 55  CL 50,6.2514551,-75.57204363,LA CANDELARIA,50,64,True
1909,S-370,9,370,CR 55  CL 50,6.2514551,-75.57204363,LA CANDELARIA,50,42,False
1910,S-370,10,370,CR 55  CL 50,6.2514551,-75.57204363,LA CANDELARIA,50,70,True
1911,S-371,1,371,CR 55  CL 51,6.25204257,-75.57166872,LA CANDELARIA,50,68,True
1912,S-371,2,371,CR 55  CL 51,6.25204257,-75.57166872,LA CANDELARIA,50,44,False
1913,S-371,3,371,CR 55  CL 51,6.25204257,-75.57166872,LA CANDELARIA,50,58,True
1914,S-371,4,371,CR 55  CL 51,6.25204257,-75.57166872,LA CANDELARIA,50,58,True
1915,S-371,5,371,CR 55  CL 51,6.25204257,-75.57166872,LA CANDELARIA,50,40,False
1916,S-371,6,371,CR 55  CL 51,6.25204257,-75.57166872,LA CANDELARIA,50,61,True
1917,S-371,7,371,CR 55  CL 51,6.25204257,-75.57166872,LA CANDELARIA,50,31,False
1918,S-371,8,371,CR 55  CL 51,6.25204257,-75.57166872,LA CANDELARIA,50,76,True
1919,S-371,9,371,CR 55  CL 51,6.25204257,-75.57166872,LA CANDELARIA,50,43,False
1920,S-371,10,371,CR 55  CL 51,6.25204257,-75.57166872,LA CANDELARIA,50,49,False
1921,S-373,1,373,CR 55  CL 61,6.26015911,-75.5694834,LA CANDELARIA,50,51,True
1922,S-373,2,373,CR 55  CL 61,6.26015911,-75.5694834,LA CANDELARIA,50,40,False
1923,S-373,3,373,CR 55  CL 61,6.26015911,-75.5694834,LA CANDELARIA,50,56,True
1924,S-373,4,373,CR 55  CL 61,6.26015911,-75.5694834,LA CANDELARIA,50,32,False
1925,S-373,5,373,CR 55  CL 61,6.26015911,-75.5694834,LA CANDELARIA,50,46,False
1926,S-373,6,373,CR 55  CL 61,6.26015911,-75.5694834,LA CANDELARIA,50,73,True
1927,S-373,7,373,CR 55  CL 61,6.26015911,-75.5694834,LA CANDELARIA,50,57,True
1928,S-373,8,373,CR 55  CL 61,6.26015911,-75.5694834,LA CANDELARIA,50,58,True
1929,S-373,9,373,CR 55  CL 61,6.26015911,-75.5694834,LA CANDELARIA,50,50,False
1930,S-373,10,373,CR 55  CL 61,6.26015911,-75.5694834,LA CANDELARIA,50,76,True
1931,S-374,1,374,CR 55  CL 62,6.26122977,-75.56890714,LA CANDELARIA,50,45,False
1932,S-374,2,374,CR 55  CL 62,6.26122977,-75.56890714,LA CANDELARIA,50,66,True
1933,S-374,3,374,CR 55  CL 62,6.26122977,-75.56890714,LA CANDELARIA,50,49,False
1934,S-374,4,374,CR 55  CL 62,6.26122977,-75.56890714,LA CANDELARIA,50,35,False
1935,S-374,5,374,CR 55  CL 62,6.26122977,-75.56890714,LA CANDELARIA,50,48,False
1936,S-374,6,374,CR 55  CL 62,6.26122977,-75.56890714,LA CANDELARIA,50,34,False
1937,S-374,7,374,CR 55  CL 62,6.26122977,-75.56890714,LA CANDELARIA,50,32,False
1938,S-374,8,374,CR 55  CL 62,6.26122977,-75.56890714,LA CANDELARIA,50,30,False
1939,S-374,9,374,CR 55  CL 62,6.26122977,-75.56890714,LA CANDELARIA,50,67,True
1940,S-374,10,374,CR 55  CL 62,6.26122977,-75.56890714,LA CANDELARIA,50,44,False
1941,S-375,1,375,CR 55  CL 65,6.26304749,-75.56796579,LA CANDELARIA,50,63,True
1942,S-375,2,375,CR 55  CL 65,6.26304749,-75.56796579,LA CANDELARIA,50,64,True
1943,S-375,3,375,CR 55  CL 65,6.26304749,-75.56796579,LA CANDELARIA,50,78,True
1944,S-375,4,375,CR 55  CL 65,6.26304749,-75.56796579,LA CANDELARIA,50,54,True
1945,S-375,5,375,CR 55  CL 65,6.26304749,-75.56796579,LA CANDELARIA,50,53,True
1946,S-375,6,375,CR 55  CL 65,6.26304749,-75.56796579,LA CANDELARIA,50,41,False
1947,S-375,7,375,CR 55  CL 65,6.26304749,-75.56796579,LA CANDELARIA,50,47,False
1948,S-375,8,375,CR 55  CL 65,6.26304749,-75.56796579,LA CANDELARIA,50,44,False
1949,S-375,9,375,CR 55  CL 65,6.26304749,-75.56796579,LA CANDELARIA,50,73,True
1950,S-375,10,375,CR 55  CL 65,6.26304749,-75.56796579,LA CANDELARIA,50,45,False
1951,S-376,1,376,CR 55  CL 67,6.26440192,-75.56750937,LA CANDELARIA,50,56,True
1952,S-376,2,376,CR 55  CL 67,6.26440192,-75.56750937,LA CANDELARIA,50,37,False
1953,S-376,3,376,CR 55  CL 67,6.26440192,-75.56750937,LA CANDELARIA,50,75,True
1954,S-376,4,376,CR 55  CL 67,6.26440192,-75.56750937,LA CANDELARIA,50,54,True
1955,S-376,5,376,CR 55  CL 67,6.26440192,-75.56750937,LA CANDELARIA,50,46,False
1956,S-376,6,376,CR 55  CL 67,6.26440192,-75.56750937,LA CANDELARIA,50,58,True
1957,S-376,7,376,CR 55  CL 67,6.26440192,-75.56750937,LA CANDELARIA,50,37,False
1958,S-376,8,376,CR 55  CL 67,6.26440192,-75.56750937,LA CANDELARIA,50,44,False
1959,S-376,9,376,CR 55  CL 67,6.26440192,-75.56750937,LA CANDELARIA,50,56,True
1960,S-376,10,376,CR 55  CL 67,6.26440192,-75.56750937,LA CANDELARIA,50,75,True
1961,S-378,1,378,CR 56  CL 50Sta. Ines,6.25196097,-75.57294017,LA CANDELARIA,50,79,True
1962,S-378,2,378,CR 56  CL 50Sta. Ines,6.25196097,-75.57294017,LA CANDELARIA,50,36,False
1963,S-378,3,378,CR 56  CL 50Sta. Ines,6.25196097,-75.57294017,LA CANDELARIA,50,32,False
1964,S-378,4,378,CR 56  CL 50Sta. Ines,6.25196097,-75.57294017,LA CANDELARIA,50,58,True
1965,S-378,5,378,CR 56  CL 50Sta. Ines,6.25196097,-75.57294017,LA CANDELARIA,50,73,True
1966,S-378,6,378,CR 56  CL 50Sta. Ines,6.25196097,-75.57294017,LA CANDELARIA,50,53,True
1967,S-378,7,378,CR 56  CL 50Sta. Ines,6.25196097,-75.57294017,LA CANDELARIA,50,32,False
1968,S-378,8,378,CR 56  CL 50Sta. Ines,6.25196097,-75.57294017,LA CANDELARIA,50,49,False
1969,S-378,9,378,CR 56  CL 50Sta. Ines,6.25196097,-75.57294017,LA CANDELARIA,50,75,True
1970,S-378,10,378,CR 56  CL 50Sta. Ines,6.25196097,-75.57294017,LA CANDELARIA,50,44,False
1971,S-380,1,380,CR 57  CL 37,6.23895562,-75.57550592,LA CANDELARIA,50,54,True
1972,S-380,2,380,CR 57  CL 37,6.23895562,-75.57550592,LA CANDELARIA,50,59,True
1973,S-380,3,380,CR 57  CL 37,6.23895562,-75.57550592,LA CANDELARIA,50,43,False
1974,S-380,4,380,CR 57  CL 37,6.23895562,-75.57550592,LA CANDELARIA,50,36,False
1975,S-380,5,380,CR 57  CL 37,6.23895562,-75.57550592,LA CANDELARIA,50,46,False
1976,S-380,6,380,CR 57  CL 37,6.23895562,-75.57550592,LA CANDELARIA,50,73,True
1977,S-380,7,380,CR 57  CL 37,6.23895562,-75.57550592,LA CANDELARIA,50,49,False
1978,S-380,8,380,CR 57  CL 37,6.23895562,-75.57550592,LA CANDELARIA,50,65,True
1979,S-380,9,380,CR 57  CL 37,6.23895562,-75.57550592,LA CANDELARIA,50,38,False
1980,S-380,10,380,CR 57  CL 37,6.23895562,-75.57550592,LA CANDELARIA,50,67,True
1981,S-381,1,381,CR 57  CL 38,6.23989882,-75.57511097,LA CANDELARIA,50,77,True
1982,S-381,2,381,CR 57  CL 38,6.23989882,-75.57511097,LA CANDELARIA,50,51,True
1983,S-381,3,381,CR 57  CL 38,6.23989882,-75.57511097,LA CANDELARIA,50,31,False
1984,S-381,4,381,CR 57  CL 38,6.23989882,-75.57511097,LA CANDELARIA,50,53,True
1985,S-381,5,381,CR 57  CL 38,6.23989882,-75.57511097,LA CANDELARIA,50,37,False
1986,S-381,6,381,CR 57  CL 38,6.23989882,-75.57511097,LA CANDELARIA,50,40,False
1987,S-381,7,381,CR 57  CL 38,6.23989882,-75.57511097,LA CANDELARIA,50,42,False
1988,S-381,8,381,CR 57  CL 38,6.23989882,-75.57511097,LA CANDELARIA,50,46,False
1989,S-381,9,381,CR 57  CL 38,6.23989882,-75.57511097,LA CANDELARIA,50,37,False
1990,S-381,10,381,CR 57  CL 38,6.23989882,-75.57511097,LA CANDELARIA,50,50,False
1991,S-385,1,385,CR 57  CL 44SUR-ORI,6.24578212,-75.57510205,,50,47,False
1992,S-385,2,385,CR 57  CL 44SUR-ORI,6.24578212,-75.57510205,,50,59,True
1993,S-385,3,385,CR 57  CL 44SUR-ORI,6.24578212,-75.57510205,,50,47,False
1994,S-385,4,385,CR 57  CL 44SUR-ORI,6.24578212,-75.57510205,,50,75,True
1995,S-385,5,385,CR 57  CL 44SUR-ORI,6.24578212,-75.57510205,,50,76,True
1996,S-385,6,385,CR 57  CL 44SUR-ORI,6.24578212,-75.57510205,,50,60,True
1997,S-385,7,385,CR 57  CL 44SUR-ORI,6.24578212,-75.57510205,,50,67,True
1998,S-385,8,385,CR 57  CL 44SUR-ORI,6.24578212,-75.57510205,,50,61,True
1999,S-385,9,385,CR 57  CL 44SUR-ORI,6.24578212,-75.57510205,,50,40,False
2000,S-385,10,385,CR 57  CL 44SUR-ORI,6.24578212,-75.57510205,,50,74,True
2001,S-384,1,384,CR 57  CL 44SUR-OCCI,6.24620334,-75.57585403,,50,54,True
2002,S-384,2,384,CR 57  CL 44SUR-OCCI,6.24620334,-75.57585403,,50,62,True
2003,S-384,3,384,CR 57  CL 44SUR-OCCI,6.24620334,-75.57585403,,50,67,True
2004,S-384,4,384,CR 57  CL 44SUR-OCCI,6.24620334,-75.57585403,,50,70,True
2005,S-384,5,384,CR 57  CL 44SUR-OCCI,6.24620334,-75.57585403,,50,37,False
2006,S-384,6,384,CR 57  CL 44SUR-OCCI,6.24620334,-75.57585403,,50,40,False
2007,S-384,7,384,CR 57  CL 44SUR-OCCI,6.24620334,-75.57585403,,50,51,True
2008,S-384,8,384,CR 57  CL 44SUR-OCCI,6.24620334,-75.57585403,,50,80,True
2009,S-384,9,384,CR 57  CL 44SUR-OCCI,6.24620334,-75.57585403,,50,53,True
2010,S-384,10,384,CR 57  CL 44SUR-OCCI,6.24620334,-75.57585403,,50,70,True
2011,S-383,1,383,CR 57  CL 44NOR-ORI,6.24628704,-75.57465119,LA CANDELARIA,50,46,False
2012,S-383,2,383,CR 57  CL 44NOR-ORI,6.24628704,-75.57465119,LA CANDELARIA,50,41,False
2013,S-383,3,383,CR 57  CL 44NOR-ORI,6.24628704,-75.57465119,LA CANDELARIA,50,75,True
2014,S-383,4,383,CR 57  CL 44NOR-ORI,6.24628704,-75.57465119,LA CANDELARIA,50,61,True
2015,S-383,5,383,CR 57  CL 44NOR-ORI,6.24628704,-75.57465119,LA CANDELARIA,50,44,False
2016,S-383,6,383,CR 57  CL 44NOR-ORI,6.24628704,-75.57465119,LA CANDELARIA,50,45,False
2017,S-383,7,383,CR 57  CL 44NOR-ORI,6.24628704,-75.57465119,LA CANDELARIA,50,51,True
2018,S-383,8,383,CR 57  CL 44NOR-ORI,6.24628704,-75.57465119,LA CANDELARIA,50,57,True
2019,S-383,9,383,CR 57  CL 44NOR-ORI,6.24628704,-75.57465119,LA CANDELARIA,50,49,False
2020,S-383,10,383,CR 57  CL 44NOR-ORI,6.24628704,-75.57465119,LA CANDELARIA,50,62,True
2021,S-382,1,382,CR 57  CL 44NOR-OCCI,6.24692515,-75.5754252,LA CANDELARIA,50,39,False
2022,S-382,2,382,CR 57  CL 44NOR-OCCI,6.24692515,-75.5754252,LA CANDELARIA,50,69,True
2023,S-382,3,382,CR 57  CL 44NOR-OCCI,6.24692515,-75.5754252,LA CANDELARIA,50,61,True
2024,S-382,4,382,CR 57  CL 44NOR-OCCI,6.24692515,-75.5754252,LA CANDELARIA,50,79,True
2025,S-382,5,382,CR 57  CL 44NOR-OCCI,6.24692515,-75.5754252,LA CANDELARIA,50,62,True
2026,S-382,6,382,CR 57  CL 44NOR-OCCI,6.24692515,-75.5754252,LA CANDELARIA,50,31,False
2027,S-382,7,382,CR 57  CL 44NOR-OCCI,6.24692515,-75.5754252,LA CANDELARIA,50,62,True
2028,S-382,8,382,CR 57  CL 44NOR-OCCI,6.24692515,-75.5754252,LA CANDELARIA,50,62,True
2029,S-382,9,382,CR 57  CL 44NOR-OCCI,6.24692515,-75.5754252,LA CANDELARIA,50,70,True
2030,S-382,10,382,CR 57  CL 44NOR-OCCI,6.24692515,-75.5754252,LA CANDELARIA,50,42,False
2031,S-386,1,386,CR 57  CL 48,6.25013327,-75.57514074,LA CANDELARIA,50,59,True
2032,S-386,2,386,CR 57  CL 48,6.25013327,-75.57514074,LA CANDELARIA,50,62,True
2033,S-386,3,386,CR 57  CL 48,6.25013327,-75.57514074,LA CANDELARIA,50,42,False
2034,S-386,4,386,CR 57  CL 48,6.25013327,-75.57514074,LA CANDELARIA,50,55,True
2035,S-386,5,386,CR 57  CL 48,6.25013327,-75.57514074,LA CANDELARIA,50,51,True
2036,S-386,6,386,CR 57  CL 48,6.25013327,-75.57514074,LA CANDELARIA,50,68,True
2037,S-386,7,386,CR 57  CL 48,6.25013327,-75.57514074,LA CANDELARIA,50,31,False
2038,S-386,8,386,CR 57  CL 48,6.25013327,-75.57514074,LA CANDELARIA,50,67,True
2039,S-386,9,386,CR 57  CL 48,6.25013327,-75.57514074,LA CANDELARIA,50,68,True
2040,S-386,10,386,CR 57  CL 48,6.25013327,-75.57514074,LA CANDELARIA,50,55,True
2041,S-388,1,388,CR 57  CL 50Lateral Sur,6.25279884,-75.57516624,LA CANDELARIA,50,75,True
2042,S-388,2,388,CR 57  CL 50Lateral Sur,6.25279884,-75.57516624,LA CANDELARIA,50,79,True
2043,S-388,3,388,CR 57  CL 50Lateral Sur,6.25279884,-75.57516624,LA CANDELARIA,50,44,False
2044,S-388,4,388,CR 57  CL 50Lateral Sur,6.25279884,-75.57516624,LA CANDELARIA,50,63,True
2045,S-388,5,388,CR 57  CL 50Lateral Sur,6.25279884,-75.57516624,LA CANDELARIA,50,71,True
2046,S-388,6,388,CR 57  CL 50Lateral Sur,6.25279884,-75.57516624,LA CANDELARIA,50,73,True
2047,S-388,7,388,CR 57  CL 50Lateral Sur,6.25279884,-75.57516624,LA CANDELARIA,50,78,True
2048,S-388,8,388,CR 57  CL 50Lateral Sur,6.25279884,-75.57516624,LA CANDELARIA,50,69,True
2049,S-388,9,388,CR 57  CL 50Lateral Sur,6.25279884,-75.57516624,LA CANDELARIA,50,40,False
2050,S-388,10,388,CR 57  CL 50Lateral Sur,6.25279884,-75.57516624,LA CANDELARIA,50,32,False
2051,S-387,1,387,CR 57  CL 50Lateral Norte,6.2535074,-75.57522987,LA CANDELARIA,50,35,False
2052,S-387,2,387,CR 57  CL 50Lateral Norte,6.2535074,-75.57522987,LA CANDELARIA,50,38,False
2053,S-387,3,387,CR 57  CL 50Lateral Norte,6.2535074,-75.57522987,LA CANDELARIA,50,35,False
2054,S-387,4,387,CR 57  CL 50Lateral Norte,6.2535074,-75.57522987,LA CANDELARIA,50,38,False
2055,S-387,5,387,CR 57  CL 50Lateral Norte,6.2535074,-75.57522987,LA CANDELARIA,50,68,True
2056,S-387,6,387,CR 57  CL 50Lateral Norte,6.2535074,-75.57522987,LA CANDELARIA,50,60,True
2057,S-387,7,387,CR 57  CL 50Lateral Norte,6.2535074,-75.57522987,LA CANDELARIA,50,61,True
2058,S-387,8,387,CR 57  CL 50Lateral Norte,6.2535074,-75.57522987,LA CANDELARIA,50,70,True
2059,S-387,9,387,CR 57  CL 50Lateral Norte,6.2535074,-75.57522987,LA CANDELARIA,50,79,True
2060,S-387,10,387,CR 57  CL 50Lateral Norte,6.2535074,-75.57522987,LA CANDELARIA,50,41,False
2061,S-389,1,389,CR 57  CL 54,6.25572045,-75.57370528,LA CANDELARIA,50,37,False
2062,S-389,2,389,CR 57  CL 54,6.25572045,-75.57370528,LA CANDELARIA,50,37,False
2063,S-389,3,389,CR 57  CL 54,6.25572045,-75.57370528,LA CANDELARIA,50,79,True
2064,S-389,4,389,CR 57  CL 54,6.25572045,-75.57370528,LA CANDELARIA,50,57,True
2065,S-389,5,389,CR 57  CL 54,6.25572045,-75.57370528,LA CANDELARIA,50,49,False
2066,S-389,6,389,CR 57  CL 54,6.25572045,-75.57370528,LA CANDELARIA,50,76,True
2067,S-389,7,389,CR 57  CL 54,6.25572045,-75.57370528,LA CANDELARIA,50,36,False
2068,S-389,8,389,CR 57  CL 54,6.25572045,-75.57370528,LA CANDELARIA,50,40,False
2069,S-389,9,389,CR 57  CL 54,6.25572045,-75.57370528,LA CANDELARIA,50,49,False
2070,S-389,10,389,CR 57  CL 54,6.25572045,-75.57370528,LA CANDELARIA,50,45,False
2071,S-394,1,394,CR 63 C  CL 42 C,6.24574235,-75.58102475,LAURELES,50,33,False
2072,S-394,2,394,CR 63 C  CL 42 C,6.24574235,-75.58102475,LAURELES,50,35,False
2073,S-394,3,394,CR 63 C  CL 42 C,6.24574235,-75.58102475,LAURELES,50,51,True
2074,S-394,4,394,CR 63 C  CL 42 C,6.24574235,-75.58102475,LAURELES,50,55,True
2075,S-394,5,394,CR 63 C  CL 42 C,6.24574235,-75.58102475,LAURELES,50,32,False
2076,S-394,6,394,CR 63 C  CL 42 C,6.24574235,-75.58102475,LAURELES,50,70,True
2077,S-394,7,394,CR 63 C  CL 42 C,6.24574235,-75.58102475,LAURELES,50,71,True
2078,S-394,8,394,CR 63 C  CL 42 C,6.24574235,-75.58102475,LAURELES,50,43,False
2079,S-394,9,394,CR 63 C  CL 42 C,6.24574235,-75.58102475,LAURELES,50,40,False
2080,S-394,10,394,CR 63 C  CL 42 C,6.24574235,-75.58102475,LAURELES,50,47,False
2081,S-397,1,397,CR 64 C  CL 57Unal,6.26007998,-75.57516107,,50,41,False
2082,S-397,2,397,CR 64 C  CL 57Unal,6.26007998,-75.57516107,,50,52,True
2083,S-397,3,397,CR 64 C  CL 57Unal,6.26007998,-75.57516107,,50,41,False
2084,S-397,4,397,CR 64 C  CL 57Unal,6.26007998,-75.57516107,,50,42,False
2085,S-397,5,397,CR 64 C  CL 57Unal,6.26007998,-75.57516107,,50,54,True
2086,S-397,6,397,CR 64 C  CL 57Unal,6.26007998,-75.57516107,,50,74,True
2087,S-397,7,397,CR 64 C  CL 57Unal,6.26007998,-75.57516107,,50,80,True
2088,S-397,8,397,CR 64 C  CL 57Unal,6.26007998,-75.57516107,,50,48,False
2089,S-397,9,397,CR 64 C  CL 57Unal,6.26007998,-75.57516107,,50,75,True
2090,S-397,10,397,CR 64 C  CL 57Unal,6.26007998,-75.57516107,,50,65,True
2091,S-408,1,408,CR 65  CL 38Cost NORTE,6.24242092,-75.58327587,LAURELES,50,74,True
2092,S-408,2,408,CR 65  CL 38Cost NORTE,6.24242092,-75.58327587,LAURELES,50,37,False
2093,S-408,3,408,CR 65  CL 38Cost NORTE,6.24242092,-75.58327587,LAURELES,50,58,True
2094,S-408,4,408,CR 65  CL 38Cost NORTE,6.24242092,-75.58327587,LAURELES,50,61,True
2095,S-408,5,408,CR 65  CL 38Cost NORTE,6.24242092,-75.58327587,LAURELES,50,80,True
2096,S-408,6,408,CR 65  CL 38Cost NORTE,6.24242092,-75.58327587,LAURELES,50,73,True
2097,S-408,7,408,CR 65  CL 38Cost NORTE,6.24242092,-75.58327587,LAURELES,50,47,False
2098,S-408,8,408,CR 65  CL 38Cost NORTE,6.24242092,-75.58327587,LAURELES,50,35,False
2099,S-408,9,408,CR 65  CL 38Cost NORTE,6.24242092,-75.58327587,LAURELES,50,47,False
2100,S-408,10,408,CR 65  CL 38Cost NORTE,6.24242092,-75.58327587,LAURELES,50,48,False
2101,S-400,1,400,CR 65  CL 104,6.30146182,-75.56625709,CASTILLA,50,51,True
2102,S-400,2,400,CR 65  CL 104,6.30146182,-75.56625709,CASTILLA,50,66,True
2103,S-400,3,400,CR 65  CL 104,6.30146182,-75.56625709,CASTILLA,50,61,True
2104,S-400,4,400,CR 65  CL 104,6.30146182,-75.56625709,CASTILLA,50,70,True
2105,S-400,5,400,CR 65  CL 104,6.30146182,-75.56625709,CASTILLA,50,32,False
2106,S-400,6,400,CR 65  CL 104,6.30146182,-75.56625709,CASTILLA,50,57,True
2107,S-400,7,400,CR 65  CL 104,6.30146182,-75.56625709,CASTILLA,50,39,False
2108,S-400,8,400,CR 65  CL 104,6.30146182,-75.56625709,CASTILLA,50,80,True
2109,S-400,9,400,CR 65  CL 104,6.30146182,-75.56625709,CASTILLA,50,64,True
2110,S-400,10,400,CR 65  CL 104,6.30146182,-75.56625709,CASTILLA,50,58,True
2111,S-401,1,401,CR 65  CL 2,6.21035295,-75.58790558,GUAYABAL,50,44,False
2112,S-401,2,401,CR 65  CL 2,6.21035295,-75.58790558,GUAYABAL,50,62,True
2113,S-401,3,401,CR 65  CL 2,6.21035295,-75.58790558,GUAYABAL,50,36,False
2114,S-401,4,401,CR 65  CL 2,6.21035295,-75.58790558,GUAYABAL,50,41,False
2115,S-401,5,401,CR 65  CL 2,6.21035295,-75.58790558,GUAYABAL,50,78,True
2116,S-401,6,401,CR 65  CL 2,6.21035295,-75.58790558,GUAYABAL,50,59,True
2117,S-401,7,401,CR 65  CL 2,6.21035295,-75.58790558,GUAYABAL,50,50,False
2118,S-401,8,401,CR 65  CL 2,6.21035295,-75.58790558,GUAYABAL,50,60,True
2119,S-401,9,401,CR 65  CL 2,6.21035295,-75.58790558,GUAYABAL,50,53,True
2120,S-401,10,401,CR 65  CL 2,6.21035295,-75.58790558,GUAYABAL,50,49,False
2121,S-556,1,556,CR 82  CL 48,6.2592219,-75.60047672,SAN JAVIER,50,66,True
2122,S-556,2,556,CR 82  CL 48,6.2592219,-75.60047672,SAN JAVIER,50,33,False
2123,S-556,3,556,CR 82  CL 48,6.2592219,-75.60047672,SAN JAVIER,50,57,True
2124,S-556,4,556,CR 82  CL 48,6.2592219,-75.60047672,SAN JAVIER,50,73,True
2125,S-556,5,556,CR 82  CL 48,6.2592219,-75.60047672,SAN JAVIER,50,49,False
2126,S-556,6,556,CR 82  CL 48,6.2592219,-75.60047672,SAN JAVIER,50,53,True
2127,S-556,7,556,CR 82  CL 48,6.2592219,-75.60047672,SAN JAVIER,50,79,True
2128,S-556,8,556,CR 82  CL 48,6.2592219,-75.60047672,SAN JAVIER,50,78,True
2129,S-556,9,556,CR 82  CL 48,6.2592219,-75.60047672,SAN JAVIER,50,80,True
2130,S-556,10,556,CR 82  CL 48,6.2592219,-75.60047672,SAN JAVIER,50,61,True
2131,S-557,1,557,CR 82  CL 48 A,6.25979304,-75.60052566,LA AMERICA,50,70,True
2132,S-557,2,557,CR 82  CL 48 A,6.25979304,-75.60052566,LA AMERICA,50,65,True
2133,S-557,3,557,CR 82  CL 48 A,6.25979304,-75.60052566,LA AMERICA,50,63,True
2134,S-557,4,557,CR 82  CL 48 A,6.25979304,-75.60052566,LA AMERICA,50,65,True
2135,S-557,5,557,CR 82  CL 48 A,6.25979304,-75.60052566,LA AMERICA,50,31,False
2136,S-557,6,557,CR 82  CL 48 A,6.25979304,-75.60052566,LA AMERICA,50,44,False
2137,S-557,7,557,CR 82  CL 48 A,6.25979304,-75.60052566,LA AMERICA,50,63,True
2138,S-557,8,557,CR 82  CL 48 A,6.25979304,-75.60052566,LA AMERICA,50,65,True
2139,S-557,9,557,CR 82  CL 48 A,6.25979304,-75.60052566,LA AMERICA,50,35,False
2140,S-557,10,557,CR 82  CL 48 A,6.25979304,-75.60052566,LA AMERICA,50,68,True
2141,S-558,1,558,CR 82  CL 50,6.26430348,-75.60021443,LA AMERICA,50,71,True
2142,S-558,2,558,CR 82  CL 50,6.26430348,-75.60021443,LA AMERICA,50,80,True
2143,S-558,3,558,CR 82  CL 50,6.26430348,-75.60021443,LA AMERICA,50,80,True
2144,S-558,4,558,CR 82  CL 50,6.26430348,-75.60021443,LA AMERICA,50,41,False
2145,S-558,5,558,CR 82  CL 50,6.26430348,-75.60021443,LA AMERICA,50,32,False
2146,S-558,6,558,CR 82  CL 50,6.26430348,-75.60021443,LA AMERICA,50,74,True
2147,S-558,7,558,CR 82  CL 50,6.26430348,-75.60021443,LA AMERICA,50,47,False
2148,S-558,8,558,CR 82  CL 50,6.26430348,-75.60021443,LA AMERICA,50,69,True
2149,S-558,9,558,CR 82  CL 50,6.26430348,-75.60021443,LA AMERICA,50,50,False
2150,S-558,10,558,CR 82  CL 50,6.26430348,-75.60021443,LA AMERICA,50,44,False
2151,S-559,1,559,CR 83  CL 19Cost Norte,6.22428473,-75.60588502,BELEN,50,62,True
2152,S-559,2,559,CR 83  CL 19Cost Norte,6.22428473,-75.60588502,BELEN,50,64,True
2153,S-559,3,559,CR 83  CL 19Cost Norte,6.22428473,-75.60588502,BELEN,50,55,True
2154,S-559,4,559,CR 83  CL 19Cost Norte,6.22428473,-75.60588502,BELEN,50,37,False
2155,S-559,5,559,CR 83  CL 19Cost Norte,6.22428473,-75.60588502,BELEN,50,65,True
2156,S-559,6,559,CR 83  CL 19Cost Norte,6.22428473,-75.60588502,BELEN,50,77,True
2157,S-559,7,559,CR 83  CL 19Cost Norte,6.22428473,-75.60588502,BELEN,50,59,True
2158,S-559,8,559,CR 83  CL 19Cost Norte,6.22428473,-75.60588502,BELEN,50,52,True
2159,S-559,9,559,CR 83  CL 19Cost Norte,6.22428473,-75.60588502,BELEN,50,71,True
2160,S-559,10,559,CR 83  CL 19Cost Norte,6.22428473,-75.60588502,BELEN,50,73,True
2161,S-560,1,560,CR 83  CL 19Cost Sur,6.22374319,-75.60592917,BELEN,50,43,False
2162,S-560,2,560,CR 83  CL 19Cost Sur,6.22374319,-75.60592917,BELEN,50,43,False
2163,S-560,3,560,CR 83  CL 19Cost Sur,6.22374319,-75.60592917,BELEN,50,31,False
2164,S-560,4,560,CR 83  CL 19Cost Sur,6.22374319,-75.60592917,BELEN,50,66,True
2165,S-560,5,560,CR 83  CL 19Cost Sur,6.22374319,-75.60592917,BELEN,50,34,False
2166,S-560,6,560,CR 83  CL 19Cost Sur,6.22374319,-75.60592917,BELEN,50,67,True
2167,S-560,7,560,CR 83  CL 19Cost Sur,6.22374319,-75.60592917,BELEN,50,74,True
2168,S-560,8,560,CR 83  CL 19Cost Sur,6.22374319,-75.60592917,BELEN,50,70,True
2169,S-560,9,560,CR 83  CL 19Cost Sur,6.22374319,-75.60592917,BELEN,50,76,True
2170,S-560,10,560,CR 83  CL 19Cost Sur,6.22374319,-75.60592917,BELEN,50,43,False
2171,S-561,1,561,CR 83  CL 29,6.23027242,-75.60543262,BELEN,50,68,True
2172,S-561,2,561,CR 83  CL 29,6.23027242,-75.60543262,BELEN,50,54,True
2173,S-561,3,561,CR 83  CL 29,6.23027242,-75.60543262,BELEN,50,49,False
2174,S-561,4,561,CR 83  CL 29,6.23027242,-75.60543262,BELEN,50,31,False
2175,S-561,5,561,CR 83  CL 29,6.23027242,-75.60543262,BELEN,50,68,True
2176,S-561,6,561,CR 83  CL 29,6.23027242,-75.60543262,BELEN,50,35,False
2177,S-561,7,561,CR 83  CL 29,6.23027242,-75.60543262,BELEN,50,46,False
2178,S-561,8,561,CR 83  CL 29,6.23027242,-75.60543262,BELEN,50,54,True
2179,S-561,9,561,CR 83  CL 29,6.23027242,-75.60543262,BELEN,50,57,True
2180,S-561,10,561,CR 83  CL 29,6.23027242,-75.60543262,BELEN,50,31,False
2181,S-562,1,562,CR 83  CL 30,6.23102657,-75.60571096,BELEN,50,64,True
2182,S-562,2,562,CR 83  CL 30,6.23102657,-75.60571096,BELEN,50,66,True
2183,S-562,3,562,CR 83  CL 30,6.23102657,-75.60571096,BELEN,50,34,False
2184,S-562,4,562,CR 83  CL 30,6.23102657,-75.60571096,BELEN,50,30,False
2185,S-562,5,562,CR 83  CL 30,6.23102657,-75.60571096,BELEN,50,69,True
2186,S-562,6,562,CR 83  CL 30,6.23102657,-75.60571096,BELEN,50,41,False
2187,S-562,7,562,CR 83  CL 30,6.23102657,-75.60571096,BELEN,50,65,True
2188,S-562,8,562,CR 83  CL 30,6.23102657,-75.60571096,BELEN,50,74,True
2189,S-562,9,562,CR 83  CL 30,6.23102657,-75.60571096,BELEN,50,52,True
2190,S-562,10,562,CR 83  CL 30,6.23102657,-75.60571096,BELEN,50,76,True
2191,S-563,1,563,CR 83  CL 30 A,6.23184085,-75.60595552,BELEN,50,60,True
2192,S-563,2,563,CR 83  CL 30 A,6.23184085,-75.60595552,BELEN,50,40,False
2193,S-563,3,563,CR 83  CL 30 A,6.23184085,-75.60595552,BELEN,50,39,False
2194,S-563,4,563,CR 83  CL 30 A,6.23184085,-75.60595552,BELEN,50,32,False
2195,S-563,5,563,CR 83  CL 30 A,6.23184085,-75.60595552,BELEN,50,43,False
2196,S-563,6,563,CR 83  CL 30 A,6.23184085,-75.60595552,BELEN,50,45,False
2197,S-563,7,563,CR 83  CL 30 A,6.23184085,-75.60595552,BELEN,50,39,False
2198,S-563,8,563,CR 83  CL 30 A,6.23184085,-75.60595552,BELEN,50,58,True
2199,S-563,9,563,CR 83  CL 30 A,6.23184085,-75.60595552,BELEN,50,39,False
2200,S-563,10,563,CR 83  CL 30 A,6.23184085,-75.60595552,BELEN,50,41,False
2201,S-564,1,564,CR 84  CL 35,6.24415624,-75.60672854,LAURELES,50,59,True
2202,S-564,2,564,CR 84  CL 35,6.24415624,-75.60672854,LAURELES,50,70,True
2203,S-564,3,564,CR 84  CL 35,6.24415624,-75.60672854,LAURELES,50,30,False
2204,S-564,4,564,CR 84  CL 35,6.24415624,-75.60672854,LAURELES,50,34,False
2205,S-564,5,564,CR 84  CL 35,6.24415624,-75.60672854,LAURELES,50,49,False
2206,S-564,6,564,CR 84  CL 35,6.24415624,-75.60672854,LAURELES,50,37,False
2207,S-564,7,564,CR 84  CL 35,6.24415624,-75.60672854,LAURELES,50,72,True
2208,S-564,8,564,CR 84  CL 35,6.24415624,-75.60672854,LAURELES,50,41,False
2209,S-564,9,564,CR 84  CL 35,6.24415624,-75.60672854,LAURELES,50,30,False
2210,S-564,10,564,CR 84  CL 35,6.24415624,-75.60672854,LAURELES,50,49,False
2211,S-565,1,565,CR 84  CL 44,6.25071728,-75.6045351,LA AMERICA,50,57,True
2212,S-565,2,565,CR 84  CL 44,6.25071728,-75.6045351,LA AMERICA,50,72,True
2213,S-565,3,565,CR 84  CL 44,6.25071728,-75.6045351,LA AMERICA,50,66,True
2214,S-565,4,565,CR 84  CL 44,6.25071728,-75.6045351,LA AMERICA,50,76,True
2215,S-565,5,565,CR 84  CL 44,6.25071728,-75.6045351,LA AMERICA,50,66,True
2216,S-565,6,565,CR 84  CL 44,6.25071728,-75.6045351,LA AMERICA,50,41,False
2217,S-565,7,565,CR 84  CL 44,6.25071728,-75.6045351,LA AMERICA,50,66,True
2218,S-565,8,565,CR 84  CL 44,6.25071728,-75.6045351,LA AMERICA,50,78,True
2219,S-565,9,565,CR 84  CL 44,6.25071728,-75.6045351,LA AMERICA,50,78,True
2220,S-565,10,565,CR 84  CL 44,6.25071728,-75.6045351,LA AMERICA,50,73,True
2221,S-567,1,567,CR 87  CL 47 D,6.25780198,-75.60369436,LA AMERICA,50,57,True
2222,S-567,2,567,CR 87  CL 47 D,6.25780198,-75.60369436,LA AMERICA,50,76,True
2223,S-567,3,567,CR 87  CL 47 D,6.25780198,-75.60369436,LA AMERICA,50,44,False
2224,S-567,4,567,CR 87  CL 47 D,6.25780198,-75.60369436,LA AMERICA,50,35,False
2225,S-567,5,567,CR 87  CL 47 D,6.25780198,-75.60369436,LA AMERICA,50,73,True
2226,S-567,6,567,CR 87  CL 47 D,6.25780198,-75.60369436,LA AMERICA,50,49,False
2227,S-567,7,567,CR 87  CL 47 D,6.25780198,-75.60369436,LA AMERICA,50,79,True
2228,S-567,8,567,CR 87  CL 47 D,6.25780198,-75.60369436,LA AMERICA,50,43,False
2229,S-567,9,567,CR 87  CL 47 D,6.25780198,-75.60369436,LA AMERICA,50,31,False
2230,S-567,10,567,CR 87  CL 47 D,6.25780198,-75.60369436,LA AMERICA,50,38,False
2231,S-568,1,568,CR 87  CL 47 DD,6.25832416,-75.6038737,LA AMERICA,50,66,True
2232,S-568,2,568,CR 87  CL 47 DD,6.25832416,-75.6038737,LA AMERICA,50,49,False
2233,S-568,3,568,CR 87  CL 47 DD,6.25832416,-75.6038737,LA AMERICA,50,55,True
2234,S-568,4,568,CR 87  CL 47 DD,6.25832416,-75.6038737,LA AMERICA,50,58,True
2235,S-568,5,568,CR 87  CL 47 DD,6.25832416,-75.6038737,LA AMERICA,50,30,False
2236,S-568,6,568,CR 87  CL 47 DD,6.25832416,-75.6038737,LA AMERICA,50,64,True
2237,S-568,7,568,CR 87  CL 47 DD,6.25832416,-75.6038737,LA AMERICA,50,35,False
2238,S-568,8,568,CR 87  CL 47 DD,6.25832416,-75.6038737,LA AMERICA,50,66,True
2239,S-568,9,568,CR 87  CL 47 DD,6.25832416,-75.6038737,LA AMERICA,50,34,False
2240,S-568,10,568,CR 87  CL 47 DD,6.25832416,-75.6038737,LA AMERICA,50,62,True
2241,S-578,1,578,DG 74 B  CL 32 FOCCIDENTAL,6.23850022,-75.59088267,BELEN,50,78,True
2242,S-578,2,578,DG 74 B  CL 32 FOCCIDENTAL,6.23850022,-75.59088267,BELEN,50,80,True
2243,S-578,3,578,DG 74 B  CL 32 FOCCIDENTAL,6.23850022,-75.59088267,BELEN,50,43,False
2244,S-578,4,578,DG 74 B  CL 32 FOCCIDENTAL,6.23850022,-75.59088267,BELEN,50,41,False
2245,S-578,5,578,DG 74 B  CL 32 FOCCIDENTAL,6.23850022,-75.59088267,BELEN,50,71,True
2246,S-578,6,578,DG 74 B  CL 32 FOCCIDENTAL,6.23850022,-75.59088267,BELEN,50,49,False
2247,S-578,7,578,DG 74 B  CL 32 FOCCIDENTAL,6.23850022,-75.59088267,BELEN,50,79,True
2248,S-578,8,578,DG 74 B  CL 32 FOCCIDENTAL,6.23850022,-75.59088267,BELEN,50,53,True
2249,S-578,9,578,DG 74 B  CL 32 FOCCIDENTAL,6.23850022,-75.59088267,BELEN,50,72,True
2250,S-578,10,578,DG 74 B  CL 32 FOCCIDENTAL,6.23850022,-75.59088267,BELEN,50,63,True
2251,S-579,1,579,DG 74 B  CL 32 FORIENTAL,6.23850024,-75.59029586,BELEN,50,54,True
2252,S-579,2,579,DG 74 B  CL 32 FORIENTAL,6.23850024,-75.59029586,BELEN,50,79,True
2253,S-579,3,579,DG 74 B  CL 32 FORIENTAL,6.23850024,-75.59029586,BELEN,50,58,True
2254,S-579,4,579,DG 74 B  CL 32 FORIENTAL,6.23850024,-75.59029586,BELEN,50,68,True
2255,S-579,5,579,DG 74 B  CL 32 FORIENTAL,6.23850024,-75.59029586,BELEN,50,60,True
2256,S-579,6,579,DG 74 B  CL 32 FORIENTAL,6.23850024,-75.59029586,BELEN,50,76,True
2257,S-579,7,579,DG 74 B  CL 32 FORIENTAL,6.23850024,-75.59029586,BELEN,50,72,True
2258,S-579,8,579,DG 74 B  CL 32 FORIENTAL,6.23850024,-75.59029586,BELEN,50,79,True
2259,S-579,9,579,DG 74 B  CL 32 FORIENTAL,6.23850024,-75.59029586,BELEN,50,52,True
2260,S-579,10,579,DG 74 B  CL 32 FORIENTAL,6.23850024,-75.59029586,BELEN,50,73,True
2261,S-580,1,580,DG 80  CL 77 BSANTO TOMAS,6.2798179,-75.58730106,ROBLEDO,50,67,True
2262,S-580,2,580,DG 80  CL 77 BSANTO TOMAS,6.2798179,-75.58730106,ROBLEDO,50,49,False
2263,S-580,3,580,DG 80  CL 77 BSANTO TOMAS,6.2798179,-75.58730106,ROBLEDO,50,52,True
2264,S-580,4,580,DG 80  CL 77 BSANTO TOMAS,6.2798179,-75.58730106,ROBLEDO,50,74,True
2265,S-580,5,580,DG 80  CL 77 BSANTO TOMAS,6.2798179,-75.58730106,ROBLEDO,50,45,False
2266,S-580,6,580,DG 80  CL 77 BSANTO TOMAS,6.2798179,-75.58730106,ROBLEDO,50,79,True
2267,S-580,7,580,DG 80  CL 77 BSANTO TOMAS,6.2798179,-75.58730106,ROBLEDO,50,71,True
2268,S-580,8,580,DG 80  CL 77 BSANTO TOMAS,6.2798179,-75.58730106,ROBLEDO,50,37,False
2269,S-580,9,580,DG 80  CL 77 BSANTO TOMAS,6.2798179,-75.58730106,ROBLEDO,50,79,True
2270,S-580,10,580,DG 80  CL 77 BSANTO TOMAS,6.2798179,-75.58730106,ROBLEDO,50,50,False
2271,S-390,1,390,CR 57  CL 58-59FATELARES NORTE,6.25832754,-75.57041273,LA CANDELARIA,50,30,False
2272,S-390,2,390,CR 57  CL 58-59FATELARES NORTE,6.25832754,-75.57041273,LA CANDELARIA,50,37,False
2273,S-390,3,390,CR 57  CL 58-59FATELARES NORTE,6.25832754,-75.57041273,LA CANDELARIA,50,58,True
2274,S-390,4,390,CR 57  CL 58-59FATELARES NORTE,6.25832754,-75.57041273,LA CANDELARIA,50,61,True
2275,S-390,5,390,CR 57  CL 58-59FATELARES NORTE,6.25832754,-75.57041273,LA CANDELARIA,50,67,True
2276,S-390,6,390,CR 57  CL 58-59FATELARES NORTE,6.25832754,-75.57041273,LA CANDELARIA,50,34,False
2277,S-390,7,390,CR 57  CL 58-59FATELARES NORTE,6.25832754,-75.57041273,LA CANDELARIA,50,76,True
2278,S-390,8,390,CR 57  CL 58-59FATELARES NORTE,6.25832754,-75.57041273,LA CANDELARIA,50,51,True
2279,S-390,9,390,CR 57  CL 58-59FATELARES NORTE,6.25832754,-75.57041273,LA CANDELARIA,50,76,True
2280,S-390,10,390,CR 57  CL 58-59FATELARES NORTE,6.25832754,-75.57041273,LA CANDELARIA,50,63,True
2281,S-581,1,581,CR 57  CL 57FATELARES SUROCCIDENTAL,6.25793978,-75.57233442,LA CANDELARIA,50,30,False
2282,S-581,2,581,CR 57  CL 57FATELARES SUROCCIDENTAL,6.25793978,-75.57233442,LA CANDELARIA,50,55,True
2283,S-581,3,581,CR 57  CL 57FATELARES SUROCCIDENTAL,6.25793978,-75.57233442,LA CANDELARIA,50,72,True
2284,S-581,4,581,CR 57  CL 57FATELARES SUROCCIDENTAL,6.25793978,-75.57233442,LA CANDELARIA,50,39,False
2285,S-581,5,581,CR 57  CL 57FATELARES SUROCCIDENTAL,6.25793978,-75.57233442,LA CANDELARIA,50,59,True
2286,S-581,6,581,CR 57  CL 57FATELARES SUROCCIDENTAL,6.25793978,-75.57233442,LA CANDELARIA,50,79,True
2287,S-581,7,581,CR 57  CL 57FATELARES SUROCCIDENTAL,6.25793978,-75.57233442,LA CANDELARIA,50,47,False
2288,S-581,8,581,CR 57  CL 57FATELARES SUROCCIDENTAL,6.25793978,-75.57233442,LA CANDELARIA,50,46,False
2289,S-581,9,581,CR 57  CL 57FATELARES SUROCCIDENTAL,6.25793978,-75.57233442,LA CANDELARIA,50,55,True
2290,S-581,10,581,CR 57  CL 57FATELARES SUROCCIDENTAL,6.25793978,-75.57233442,LA CANDELARIA,50,37,False
2291,S-582,1,582,CR 57  CL 56FATELARES SURORIENTAL,6.25686276,-75.57217141,LA CANDELARIA,50,76,True
2292,S-582,2,582,CR 57  CL 56FATELARES SURORIENTAL,6.25686276,-75.57217141,LA CANDELARIA,50,69,True
2293,S-582,3,582,CR 57  CL 56FATELARES SURORIENTAL,6.25686276,-75.57217141,LA CANDELARIA,50,78,True
2294,S-582,4,582,CR 57  CL 56FATELARES SURORIENTAL,6.25686276,-75.57217141,LA CANDELARIA,50,41,False
2295,S-582,5,582,CR 57  CL 56FATELARES SURORIENTAL,6.25686276,-75.57217141,LA CANDELARIA,50,56,True
2296,S-582,6,582,CR 57  CL 56FATELARES SURORIENTAL,6.25686276,-75.57217141,LA CANDELARIA,50,37,False
2297,S-582,7,582,CR 57  CL 56FATELARES SURORIENTAL,6.25686276,-75.57217141,LA CANDELARIA,50,54,True
2298,S-582,8,582,CR 57  CL 56FATELARES SURORIENTAL,6.25686276,-75.57217141,LA CANDELARIA,50,75,True
2299,S-582,9,582,CR 57  CL 56FATELARES SURORIENTAL,6.25686276,-75.57217141,LA CANDELARIA,50,33,False
2300,S-582,10,582,CR 57  CL 56FATELARES SURORIENTAL,6.25686276,-75.57217141,LA CANDELARIA,50,62,True
2301,S-583,1,583,CR 69  CL 51 APEATONAL LUIS AMIGO,6.25930509,-75.58459644,LAURELES,50,30,False
2302,S-583,2,583,CR 69  CL 51 APEATONAL LUIS AMIGO,6.25930509,-75.58459644,LAURELES,50,48,False
2303,S-583,3,583,CR 69  CL 51 APEATONAL LUIS AMIGO,6.25930509,-75.58459644,LAURELES,50,60,True
2304,S-583,4,583,CR 69  CL 51 APEATONAL LUIS AMIGO,6.25930509,-75.58459644,LAURELES,50,45,False
2305,S-583,5,583,CR 69  CL 51 APEATONAL LUIS AMIGO,6.25930509,-75.58459644,LAURELES,50,43,False
2306,S-583,6,583,CR 69  CL 51 APEATONAL LUIS AMIGO,6.25930509,-75.58459644,LAURELES,50,77,True
2307,S-583,7,583,CR 69  CL 51 APEATONAL LUIS AMIGO,6.25930509,-75.58459644,LAURELES,50,34,False
2308,S-583,8,583,CR 69  CL 51 APEATONAL LUIS AMIGO,6.25930509,-75.58459644,LAURELES,50,70,True
2309,S-583,9,583,CR 69  CL 51 APEATONAL LUIS AMIGO,6.25930509,-75.58459644,LAURELES,50,55,True
2310,S-583,10,583,CR 69  CL 51 APEATONAL LUIS AMIGO,6.25930509,-75.58459644,LAURELES,50,57,True
2311,S-596,1,596,CR 69  CL 73RINCONCITO ECUATORIANO,6.27352933,-75.57994447,ROBLEDO,50,31,False
2312,S-596,2,596,CR 69  CL 73RINCONCITO ECUATORIANO,6.27352933,-75.57994447,ROBLEDO,50,79,True
2313,S-596,3,596,CR 69  CL 73RINCONCITO ECUATORIANO,6.27352933,-75.57994447,ROBLEDO,50,35,False
2314,S-596,4,596,CR 69  CL 73RINCONCITO ECUATORIANO,6.27352933,-75.57994447,ROBLEDO,50,38,False
2315,S-596,5,596,CR 69  CL 73RINCONCITO ECUATORIANO,6.27352933,-75.57994447,ROBLEDO,50,62,True
2316,S-596,6,596,CR 69  CL 73RINCONCITO ECUATORIANO,6.27352933,-75.57994447,ROBLEDO,50,70,True
2317,S-596,7,596,CR 69  CL 73RINCONCITO ECUATORIANO,6.27352933,-75.57994447,ROBLEDO,50,54,True
2318,S-596,8,596,CR 69  CL 73RINCONCITO ECUATORIANO,6.27352933,-75.57994447,ROBLEDO,50,77,True
2319,S-596,9,596,CR 69  CL 73RINCONCITO ECUATORIANO,6.27352933,-75.57994447,ROBLEDO,50,42,False
2320,S-596,10,596,CR 69  CL 73RINCONCITO ECUATORIANO,6.27352933,-75.57994447,ROBLEDO,50,38,False
2321,S-597,1,597,TV 78  CL 79 BRap Ochoa,6.27471271,-75.57567942,CASTILLA,50,42,False
2322,S-597,2,597,TV 78  CL 79 BRap Ochoa,6.27471271,-75.57567942,CASTILLA,50,60,True
2323,S-597,3,597,TV 78  CL 79 BRap Ochoa,6.27471271,-75.57567942,CASTILLA,50,70,True
2324,S-597,4,597,TV 78  CL 79 BRap Ochoa,6.27471271,-75.57567942,CASTILLA,50,40,False
2325,S-597,5,597,TV 78  CL 79 BRap Ochoa,6.27471271,-75.57567942,CASTILLA,50,33,False
2326,S-597,6,597,TV 78  CL 79 BRap Ochoa,6.27471271,-75.57567942,CASTILLA,50,63,True
2327,S-597,7,597,TV 78  CL 79 BRap Ochoa,6.27471271,-75.57567942,CASTILLA,50,67,True
2328,S-597,8,597,TV 78  CL 79 BRap Ochoa,6.27471271,-75.57567942,CASTILLA,50,75,True
2329,S-597,9,597,TV 78  CL 79 BRap Ochoa,6.27471271,-75.57567942,CASTILLA,50,33,False
2330,S-597,10,597,TV 78  CL 79 BRap Ochoa,6.27471271,-75.57567942,CASTILLA,50,67,True
2331,S-598,1,598,CR 30 CL 7,6.20494413,-75.56112104,EL POBLADO,50,48,False
2332,S-598,2,598,CR 30 CL 7,6.20494413,-75.56112104,EL POBLADO,50,35,False
2333,S-598,3,598,CR 30 CL 7,6.20494413,-75.56112104,EL POBLADO,50,63,True
2334,S-598,4,598,CR 30 CL 7,6.20494413,-75.56112104,EL POBLADO,50,47,False
2335,S-598,5,598,CR 30 CL 7,6.20494413,-75.56112104,EL POBLADO,50,42,False
2336,S-598,6,598,CR 30 CL 7,6.20494413,-75.56112104,EL POBLADO,50,70,True
2337,S-598,7,598,CR 30 CL 7,6.20494413,-75.56112104,EL POBLADO,50,52,True
2338,S-598,8,598,CR 30 CL 7,6.20494413,-75.56112104,EL POBLADO,50,48,False
2339,S-598,9,598,CR 30 CL 7,6.20494413,-75.56112104,EL POBLADO,50,74,True
2340,S-598,10,598,CR 30 CL 7,6.20494413,-75.56112104,EL POBLADO,50,40,False
2341,S-601,1,601,CR 32 CL 1S,6.20038683,-75.56453768,EL POBLADO,50,30,False
2342,S-601,2,601,CR 32 CL 1S,6.20038683,-75.56453768,EL POBLADO,50,53,True
2343,S-601,3,601,CR 32 CL 1S,6.20038683,-75.56453768,EL POBLADO,50,36,False
2344,S-601,4,601,CR 32 CL 1S,6.20038683,-75.56453768,EL POBLADO,50,54,True
2345,S-601,5,601,CR 32 CL 1S,6.20038683,-75.56453768,EL POBLADO,50,50,False
2346,S-601,6,601,CR 32 CL 1S,6.20038683,-75.56453768,EL POBLADO,50,44,False
2347,S-601,7,601,CR 32 CL 1S,6.20038683,-75.56453768,EL POBLADO,50,30,False
2348,S-601,8,601,CR 32 CL 1S,6.20038683,-75.56453768,EL POBLADO,50,41,False
2349,S-601,9,601,CR 32 CL 1S,6.20038683,-75.56453768,EL POBLADO,50,36,False
2350,S-601,10,601,CR 32 CL 1S,6.20038683,-75.56453768,EL POBLADO,50,44,False
2351,S-602,1,602,CR 32 CL 16AS,6.18578617,-75.56996394,EL POBLADO,50,50,False
2352,S-602,2,602,CR 32 CL 16AS,6.18578617,-75.56996394,EL POBLADO,50,48,False
2353,S-602,3,602,CR 32 CL 16AS,6.18578617,-75.56996394,EL POBLADO,50,58,True
2354,S-602,4,602,CR 32 CL 16AS,6.18578617,-75.56996394,EL POBLADO,50,54,True
2355,S-602,5,602,CR 32 CL 16AS,6.18578617,-75.56996394,EL POBLADO,50,62,True
2356,S-602,6,602,CR 32 CL 16AS,6.18578617,-75.56996394,EL POBLADO,50,78,True
2357,S-602,7,602,CR 32 CL 16AS,6.18578617,-75.56996394,EL POBLADO,50,61,True
2358,S-602,8,602,CR 32 CL 16AS,6.18578617,-75.56996394,EL POBLADO,50,78,True
2359,S-602,9,602,CR 32 CL 16AS,6.18578617,-75.56996394,EL POBLADO,50,64,True
2360,S-602,10,602,CR 32 CL 16AS,6.18578617,-75.56996394,EL POBLADO,50,73,True
2361,S-603,1,603,CR 32 CL 5S,6.19605434,-75.56606981,EL POBLADO,50,67,True
2362,S-603,2,603,CR 32 CL 5S,6.19605434,-75.56606981,EL POBLADO,50,55,True
2363,S-603,3,603,CR 32 CL 5S,6.19605434,-75.56606981,EL POBLADO,50,40,False
2364,S-603,4,603,CR 32 CL 5S,6.19605434,-75.56606981,EL POBLADO,50,64,True
2365,S-603,5,603,CR 32 CL 5S,6.19605434,-75.56606981,EL POBLADO,50,37,False
2366,S-603,6,603,CR 32 CL 5S,6.19605434,-75.56606981,EL POBLADO,50,75,True
2367,S-603,7,603,CR 32 CL 5S,6.19605434,-75.56606981,EL POBLADO,50,43,False
2368,S-603,8,603,CR 32 CL 5S,6.19605434,-75.56606981,EL POBLADO,50,39,False
2369,S-603,9,603,CR 32 CL 5S,6.19605434,-75.56606981,EL POBLADO,50,31,False
2370,S-603,10,603,CR 32 CL 5S,6.19605434,-75.56606981,EL POBLADO,50,75,True
2371,S-604,1,604,CR 32 CL 9S,6.19175209,-75.56735509,EL POBLADO,50,38,False
2372,S-604,2,604,CR 32 CL 9S,6.19175209,-75.56735509,EL POBLADO,50,32,False
2373,S-604,3,604,CR 32 CL 9S,6.19175209,-75.56735509,EL POBLADO,50,50,False
2374,S-604,4,604,CR 32 CL 9S,6.19175209,-75.56735509,EL POBLADO,50,55,True
2375,S-604,5,604,CR 32 CL 9S,6.19175209,-75.56735509,EL POBLADO,50,37,False
2376,S-604,6,604,CR 32 CL 9S,6.19175209,-75.56735509,EL POBLADO,50,77,True
2377,S-604,7,604,CR 32 CL 9S,6.19175209,-75.56735509,EL POBLADO,50,31,False
2378,S-604,8,604,CR 32 CL 9S,6.19175209,-75.56735509,EL POBLADO,50,35,False
2379,S-604,9,604,CR 32 CL 9S,6.19175209,-75.56735509,EL POBLADO,50,57,True
2380,S-604,10,604,CR 32 CL 9S,6.19175209,-75.56735509,EL POBLADO,50,58,True
2381,S-605,1,605,CR 25 CL 3EL TESORO,6.19767057,-75.55699234,EL POBLADO,50,55,True
2382,S-605,2,605,CR 25 CL 3EL TESORO,6.19767057,-75.55699234,EL POBLADO,50,54,True
2383,S-605,3,605,CR 25 CL 3EL TESORO,6.19767057,-75.55699234,EL POBLADO,50,41,False
2384,S-605,4,605,CR 25 CL 3EL TESORO,6.19767057,-75.55699234,EL POBLADO,50,34,False
2385,S-605,5,605,CR 25 CL 3EL TESORO,6.19767057,-75.55699234,EL POBLADO,50,63,True
2386,S-605,6,605,CR 25 CL 3EL TESORO,6.19767057,-75.55699234,EL POBLADO,50,77,True
2387,S-605,7,605,CR 25 CL 3EL TESORO,6.19767057,-75.55699234,EL POBLADO,50,66,True
2388,S-605,8,605,CR 25 CL 3EL TESORO,6.19767057,-75.55699234,EL POBLADO,50,44,False
2389,S-605,9,605,CR 25 CL 3EL TESORO,6.19767057,-75.55699234,EL POBLADO,50,73,True
2390,S-605,10,605,CR 25 CL 3EL TESORO,6.19767057,-75.55699234,EL POBLADO,50,65,True
2391,S-606,1,606,CR 25 CL 5S,6.19225433,-75.55966521,EL POBLADO,50,44,False
2392,S-606,2,606,CR 25 CL 5S,6.19225433,-75.55966521,EL POBLADO,50,72,True
2393,S-606,3,606,CR 25 CL 5S,6.19225433,-75.55966521,EL POBLADO,50,77,True
2394,S-606,4,606,CR 25 CL 5S,6.19225433,-75.55966521,EL POBLADO,50,52,True
2395,S-606,5,606,CR 25 CL 5S,6.19225433,-75.55966521,EL POBLADO,50,35,False
2396,S-606,6,606,CR 25 CL 5S,6.19225433,-75.55966521,EL POBLADO,50,75,True
2397,S-606,7,606,CR 25 CL 5S,6.19225433,-75.55966521,EL POBLADO,50,79,True
2398,S-606,8,606,CR 25 CL 5S,6.19225433,-75.55966521,EL POBLADO,50,73,True
2399,S-606,9,606,CR 25 CL 5S,6.19225433,-75.55966521,EL POBLADO,50,72,True
2400,S-606,10,606,CR 25 CL 5S,6.19225433,-75.55966521,EL POBLADO,50,74,True
2401,S-607,1,607,CR 25 CL 12S,6.18698547,-75.56172976,EL POBLADO,50,50,False
2402,S-607,2,607,CR 25 CL 12S,6.18698547,-75.56172976,EL POBLADO,50,52,True
2403,S-607,3,607,CR 25 CL 12S,6.18698547,-75.56172976,EL POBLADO,50,72,True
2404,S-607,4,607,CR 25 CL 12S,6.18698547,-75.56172976,EL POBLADO,50,45,False
2405,S-607,5,607,CR 25 CL 12S,6.18698547,-75.56172976,EL POBLADO,50,76,True
2406,S-607,6,607,CR 25 CL 12S,6.18698547,-75.56172976,EL POBLADO,50,44,False
2407,S-607,7,607,CR 25 CL 12S,6.18698547,-75.56172976,EL POBLADO,50,54,True
2408,S-607,8,607,CR 25 CL 12S,6.18698547,-75.56172976,EL POBLADO,50,65,True
2409,S-607,9,607,CR 25 CL 12S,6.18698547,-75.56172976,EL POBLADO,50,40,False
2410,S-607,10,607,CR 25 CL 12S,6.18698547,-75.56172976,EL POBLADO,50,80,True
2411,S-608,1,608,CR 66 B  CL 34 BUNICENTRO 1,6.24175755,-75.58741762,,50,44,False
2412,S-608,2,608,CR 66 B  CL 34 BUNICENTRO 1,6.24175755,-75.58741762,,50,33,False
2413,S-608,3,608,CR 66 B  CL 34 BUNICENTRO 1,6.24175755,-75.58741762,,50,50,False
2414,S-608,4,608,CR 66 B  CL 34 BUNICENTRO 1,6.24175755,-75.58741762,,50,42,False
2415,S-608,5,608,CR 66 B  CL 34 BUNICENTRO 1,6.24175755,-75.58741762,,50,51,True
2416,S-608,6,608,CR 66 B  CL 34 BUNICENTRO 1,6.24175755,-75.58741762,,50,48,False
2417,S-608,7,608,CR 66 B  CL 34 BUNICENTRO 1,6.24175755,-75.58741762,,50,63,True
2418,S-608,8,608,CR 66 B  CL 34 BUNICENTRO 1,6.24175755,-75.58741762,,50,43,False
2419,S-608,9,608,CR 66 B  CL 34 BUNICENTRO 1,6.24175755,-75.58741762,,50,33,False
2420,S-608,10,608,CR 66 B  CL 34 BUNICENTRO 1,6.24175755,-75.58741762,,50,77,True
2421,S-609,1,609,CR 66 B  CL 34 AUNICENTRO 2,6.2411821,-75.58797266,,50,75,True
2422,S-609,2,609,CR 66 B  CL 34 AUNICENTRO 2,6.2411821,-75.58797266,,50,56,True
2423,S-609,3,609,CR 66 B  CL 34 AUNICENTRO 2,6.2411821,-75.58797266,,50,58,True
2424,S-609,4,609,CR 66 B  CL 34 AUNICENTRO 2,6.2411821,-75.58797266,,50,76,True
2425,S-609,5,609,CR 66 B  CL 34 AUNICENTRO 2,6.2411821,-75.58797266,,50,57,True
2426,S-609,6,609,CR 66 B  CL 34 AUNICENTRO 2,6.2411821,-75.58797266,,50,64,True
2427,S-609,7,609,CR 66 B  CL 34 AUNICENTRO 2,6.2411821,-75.58797266,,50,37,False
2428,S-609,8,609,CR 66 B  CL 34 AUNICENTRO 2,6.2411821,-75.58797266,,50,45,False
2429,S-609,9,609,CR 66 B  CL 34 AUNICENTRO 2,6.2411821,-75.58797266,,50,71,True
2430,S-609,10,609,CR 66 B  CL 34 AUNICENTRO 2,6.2411821,-75.58797266,,50,65,True
2431,S-58,1,58,CR 35  CL 9 S,6.19357954,-75.57180252,EL POBLADO,50,59,True
2432,S-58,2,58,CR 35  CL 9 S,6.19357954,-75.57180252,EL POBLADO,50,47,False
2433,S-58,3,58,CR 35  CL 9 S,6.19357954,-75.57180252,EL POBLADO,50,31,False
2434,S-58,4,58,CR 35  CL 9 S,6.19357954,-75.57180252,EL POBLADO,50,78,True
2435,S-58,5,58,CR 35  CL 9 S,6.19357954,-75.57180252,EL POBLADO,50,42,False
2436,S-58,6,58,CR 35  CL 9 S,6.19357954,-75.57180252,EL POBLADO,50,33,False
2437,S-58,7,58,CR 35  CL 9 S,6.19357954,-75.57180252,EL POBLADO,50,55,True
2438,S-58,8,58,CR 35  CL 9 S,6.19357954,-75.57180252,EL POBLADO,50,54,True
2439,S-58,9,58,CR 35  CL 9 S,6.19357954,-75.57180252,EL POBLADO,50,59,True
2440,S-58,10,58,CR 35  CL 9 S,6.19357954,-75.57180252,EL POBLADO,50,40,False
2441,S-398,1,398,CR 64 C  CL 60Unal,6.25928685,-75.5751941,LAURELES,50,36,False
2442,S-398,2,398,CR 64 C  CL 60Unal,6.25928685,-75.5751941,LAURELES,50,60,True
2443,S-398,3,398,CR 64 C  CL 60Unal,6.25928685,-75.5751941,LAURELES,50,73,True
2444,S-398,4,398,CR 64 C  CL 60Unal,6.25928685,-75.5751941,LAURELES,50,39,False
2445,S-398,5,398,CR 64 C  CL 60Unal,6.25928685,-75.5751941,LAURELES,50,68,True
2446,S-398,6,398,CR 64 C  CL 60Unal,6.25928685,-75.5751941,LAURELES,50,42,False
2447,S-398,7,398,CR 64 C  CL 60Unal,6.25928685,-75.5751941,LAURELES,50,60,True
2448,S-398,8,398,CR 64 C  CL 60Unal,6.25928685,-75.5751941,LAURELES,50,36,False
2449,S-398,9,398,CR 64 C  CL 60Unal,6.25928685,-75.5751941,LAURELES,50,78,True
2450,S-398,10,398,CR 64 C  CL 60Unal,6.25928685,-75.5751941,LAURELES,50,71,True
2451,S-103,1,103,CR 43 A  CL 34,6.23467506,-75.57018706,LA CANDELARIA,50,71,True
2452,S-103,2,103,CR 43 A  CL 34,6.23467506,-75.57018706,LA CANDELARIA,50,65,True
2453,S-103,3,103,CR 43 A  CL 34,6.23467506,-75.57018706,LA CANDELARIA,50,49,False
2454,S-103,4,103,CR 43 A  CL 34,6.23467506,-75.57018706,LA CANDELARIA,50,33,False
2455,S-103,5,103,CR 43 A  CL 34,6.23467506,-75.57018706,LA CANDELARIA,50,36,False
2456,S-103,6,103,CR 43 A  CL 34,6.23467506,-75.57018706,LA CANDELARIA,50,30,False
2457,S-103,7,103,CR 43 A  CL 34,6.23467506,-75.57018706,LA CANDELARIA,50,73,True
2458,S-103,8,103,CR 43 A  CL 34,6.23467506,-75.57018706,LA CANDELARIA,50,74,True
2459,S-103,9,103,CR 43 A  CL 34,6.23467506,-75.57018706,LA CANDELARIA,50,71,True
2460,S-103,10,103,CR 43 A  CL 34,6.23467506,-75.57018706,LA CANDELARIA,50,76,True
2461,S-358,1,358,CR 54  CL 46,6.2483709,-75.57258153,LA CANDELARIA,50,42,False
2462,S-358,2,358,CR 54  CL 46,6.2483709,-75.57258153,LA CANDELARIA,50,51,True
2463,S-358,3,358,CR 54  CL 46,6.2483709,-75.57258153,LA CANDELARIA,50,50,False
2464,S-358,4,358,CR 54  CL 46,6.2483709,-75.57258153,LA CANDELARIA,50,51,True
2465,S-358,5,358,CR 54  CL 46,6.2483709,-75.57258153,LA CANDELARIA,50,57,True
2466,S-358,6,358,CR 54  CL 46,6.2483709,-75.57258153,LA CANDELARIA,50,38,False
2467,S-358,7,358,CR 54  CL 46,6.2483709,-75.57258153,LA CANDELARIA,50,55,True
2468,S-358,8,358,CR 54  CL 46,6.2483709,-75.57258153,LA CANDELARIA,50,38,False
2469,S-358,9,358,CR 54  CL 46,6.2483709,-75.57258153,LA CANDELARIA,50,44,False
2470,S-358,10,358,CR 54  CL 46,6.2483709,-75.57258153,LA CANDELARIA,50,39,False
2471,S-21,1,21,CR 66B  CL 33,6.23949476,-75.59040649,LAURELES,50,53,True
2472,S-21,2,21,CR 66B  CL 33,6.23949476,-75.59040649,LAURELES,50,71,True
2473,S-21,3,21,CR 66B  CL 33,6.23949476,-75.59040649,LAURELES,50,37,False
2474,S-21,4,21,CR 66B  CL 33,6.23949476,-75.59040649,LAURELES,50,53,True
2475,S-21,5,21,CR 66B  CL 33,6.23949476,-75.59040649,LAURELES,50,45,False
2476,S-21,6,21,CR 66B  CL 33,6.23949476,-75.59040649,LAURELES,50,78,True
2477,S-21,7,21,CR 66B  CL 33,6.23949476,-75.59040649,LAURELES,50,55,True
2478,S-21,8,21,CR 66B  CL 33,6.23949476,-75.59040649,LAURELES,50,56,True
2479,S-21,9,21,CR 66B  CL 33,6.23949476,-75.59040649,LAURELES,50,66,True
2480,S-21,10,21,CR 66B  CL 33,6.23949476,-75.59040649,LAURELES,50,33,False
2481,S-19,1,19,CR 66B  CL 33,6.23974461,-75.58977003,,50,79,True
2482,S-19,2,19,CR 66B  CL 33,6.23974461,-75.58977003,,50,53,True
2483,S-19,3,19,CR 66B  CL 33,6.23974461,-75.58977003,,50,48,False
2484,S-19,4,19,CR 66B  CL 33,6.23974461,-75.58977003,,50,65,True
2485,S-19,5,19,CR 66B  CL 33,6.23974461,-75.58977003,,50,68,True
2486,S-19,6,19,CR 66B  CL 33,6.23974461,-75.58977003,,50,39,False
2487,S-19,7,19,CR 66B  CL 33,6.23974461,-75.58977003,,50,54,True
2488,S-19,8,19,CR 66B  CL 33,6.23974461,-75.58977003,,50,47,False
2489,S-19,9,19,CR 66B  CL 33,6.23974461,-75.58977003,,50,48,False
2490,S-19,10,19,CR 66B  CL 33,6.23974461,-75.58977003,,50,65,True
2491,S-20,1,20,CR 66B  CL 33,6.23930246,-75.58940364,LAURELES,50,39,False
2492,S-20,2,20,CR 66B  CL 33,6.23930246,-75.58940364,LAURELES,50,62,True
2493,S-20,3,20,CR 66B  CL 33,6.23930246,-75.58940364,LAURELES,50,79,True
2494,S-20,4,20,CR 66B  CL 33,6.23930246,-75.58940364,LAURELES,50,34,False
2495,S-20,5,20,CR 66B  CL 33,6.23930246,-75.58940364,LAURELES,50,76,True
2496,S-20,6,20,CR 66B  CL 33,6.23930246,-75.58940364,LAURELES,50,78,True
2497,S-20,7,20,CR 66B  CL 33,6.23930246,-75.58940364,LAURELES,50,64,True
2498,S-20,8,20,CR 66B  CL 33,6.23930246,-75.58940364,LAURELES,50,73,True
2499,S-20,9,20,CR 66B  CL 33,6.23930246,-75.58940364,LAURELES,50,63,True
2500,S-20,10,20,CR 66B  CL 33,6.23930246,-75.58940364,LAURELES,50,62,True
2501,S-22,1,22,CR 66B  CL 33 SUR-ORI Bulerias - AV BOLIVARIANA x CL 33 SUR-ORI,6.23902309,-75.59004472,BELEN,50,50,False
2502,S-22,2,22,CR 66B  CL 33 SUR-ORI Bulerias - AV BOLIVARIANA x CL 33 SUR-ORI,6.23902309,-75.59004472,BELEN,50,46,False
2503,S-22,3,22,CR 66B  CL 33 SUR-ORI Bulerias - AV BOLIVARIANA x CL 33 SUR-ORI,6.23902309,-75.59004472,BELEN,50,51,True
2504,S-22,4,22,CR 66B  CL 33 SUR-ORI Bulerias - AV BOLIVARIANA x CL 33 SUR-ORI,6.23902309,-75.59004472,BELEN,50,77,True
2505,S-22,5,22,CR 66B  CL 33 SUR-ORI Bulerias - AV BOLIVARIANA x CL 33 SUR-ORI,6.23902309,-75.59004472,BELEN,50,66,True
2506,S-22,6,22,CR 66B  CL 33 SUR-ORI Bulerias - AV BOLIVARIANA x CL 33 SUR-ORI,6.23902309,-75.59004472,BELEN,50,44,False
2507,S-22,7,22,CR 66B  CL 33 SUR-ORI Bulerias - AV BOLIVARIANA x CL 33 SUR-ORI,6.23902309,-75.59004472,BELEN,50,64,True
2508,S-22,8,22,CR 66B  CL 33 SUR-ORI Bulerias - AV BOLIVARIANA x CL 33 SUR-ORI,6.23902309,-75.59004472,BELEN,50,57,True
2509,S-22,9,22,CR 66B  CL 33 SUR-ORI Bulerias - AV BOLIVARIANA x CL 33 SUR-ORI,6.23902309,-75.59004472,BELEN,50,36,False
2510,S-22,10,22,CR 66B  CL 33 SUR-ORI Bulerias - AV BOLIVARIANA x CL 33 SUR-ORI,6.23902309,-75.59004472,BELEN,50,61,True
2511,S-3,1,3,AV 80  CL 33NOR-ORIE  STA. GEMA,6.23870233,-75.60268968,LAURELES,50,40,False
2512,S-3,2,3,AV 80  CL 33NOR-ORIE  STA. GEMA,6.23870233,-75.60268968,LAURELES,50,39,False
2513,S-3,3,3,AV 80  CL 33NOR-ORIE  STA. GEMA,6.23870233,-75.60268968,LAURELES,50,38,False
2514,S-3,4,3,AV 80  CL 33NOR-ORIE  STA. GEMA,6.23870233,-75.60268968,LAURELES,50,43,False
2515,S-3,5,3,AV 80  CL 33NOR-ORIE  STA. GEMA,6.23870233,-75.60268968,LAURELES,50,42,False
2516,S-3,6,3,AV 80  CL 33NOR-ORIE  STA. GEMA,6.23870233,-75.60268968,LAURELES,50,54,True
2517,S-3,7,3,AV 80  CL 33NOR-ORIE  STA. GEMA,6.23870233,-75.60268968,LAURELES,50,31,False
2518,S-3,8,3,AV 80  CL 33NOR-ORIE  STA. GEMA,6.23870233,-75.60268968,LAURELES,50,64,True
2519,S-3,9,3,AV 80  CL 33NOR-ORIE  STA. GEMA,6.23870233,-75.60268968,LAURELES,50,36,False
2520,S-3,10,3,AV 80  CL 33NOR-ORIE  STA. GEMA,6.23870233,-75.60268968,LAURELES,50,50,False
2521,S-2,1,2,AV 80  CL 33NOR-OCCI,6.23909129,-75.60309539,LAURELES,50,47,False
2522,S-2,2,2,AV 80  CL 33NOR-OCCI,6.23909129,-75.60309539,LAURELES,50,32,False
2523,S-2,3,2,AV 80  CL 33NOR-OCCI,6.23909129,-75.60309539,LAURELES,50,71,True
2524,S-2,4,2,AV 80  CL 33NOR-OCCI,6.23909129,-75.60309539,LAURELES,50,68,True
2525,S-2,5,2,AV 80  CL 33NOR-OCCI,6.23909129,-75.60309539,LAURELES,50,70,True
2526,S-2,6,2,AV 80  CL 33NOR-OCCI,6.23909129,-75.60309539,LAURELES,50,78,True
2527,S-2,7,2,AV 80  CL 33NOR-OCCI,6.23909129,-75.60309539,LAURELES,50,40,False
2528,S-2,8,2,AV 80  CL 33NOR-OCCI,6.23909129,-75.60309539,LAURELES,50,68,True
2529,S-2,9,2,AV 80  CL 33NOR-OCCI,6.23909129,-75.60309539,LAURELES,50,53,True
2530,S-2,10,2,AV 80  CL 33NOR-OCCI,6.23909129,-75.60309539,LAURELES,50,75,True
2531,S-269,1,269,CR 51 D  CL 57,6.25645481,-75.56680844,LA CANDELARIA,50,48,False
2532,S-269,2,269,CR 51 D  CL 57,6.25645481,-75.56680844,LA CANDELARIA,50,33,False
2533,S-269,3,269,CR 51 D  CL 57,6.25645481,-75.56680844,LA CANDELARIA,50,55,True
2534,S-269,4,269,CR 51 D  CL 57,6.25645481,-75.56680844,LA CANDELARIA,50,67,True
2535,S-269,5,269,CR 51 D  CL 57,6.25645481,-75.56680844,LA CANDELARIA,50,71,True
2536,S-269,6,269,CR 51 D  CL 57,6.25645481,-75.56680844,LA CANDELARIA,50,61,True
2537,S-269,7,269,CR 51 D  CL 57,6.25645481,-75.56680844,LA CANDELARIA,50,68,True
2538,S-269,8,269,CR 51 D  CL 57,6.25645481,-75.56680844,LA CANDELARIA,50,74,True
2539,S-269,9,269,CR 51 D  CL 57,6.25645481,-75.56680844,LA CANDELARIA,50,75,True
2540,S-269,10,269,CR 51 D  CL 57,6.25645481,-75.56680844,LA CANDELARIA,50,65,True
2541,S-270,1,270,CR 51 D  CL 59,6.25780985,-75.56650597,LA CANDELARIA,50,69,True
2542,S-270,2,270,CR 51 D  CL 59,6.25780985,-75.56650597,LA CANDELARIA,50,66,True
2543,S-270,3,270,CR 51 D  CL 59,6.25780985,-75.56650597,LA CANDELARIA,50,62,True
2544,S-270,4,270,CR 51 D  CL 59,6.25780985,-75.56650597,LA CANDELARIA,50,65,True
2545,S-270,5,270,CR 51 D  CL 59,6.25780985,-75.56650597,LA CANDELARIA,50,32,False
2546,S-270,6,270,CR 51 D  CL 59,6.25780985,-75.56650597,LA CANDELARIA,50,38,False
2547,S-270,7,270,CR 51 D  CL 59,6.25780985,-75.56650597,LA CANDELARIA,50,37,False
2548,S-270,8,270,CR 51 D  CL 59,6.25780985,-75.56650597,LA CANDELARIA,50,62,True
2549,S-270,9,270,CR 51 D  CL 59,6.25780985,-75.56650597,LA CANDELARIA,50,35,False
2550,S-270,10,270,CR 51 D  CL 59,6.25780985,-75.56650597,LA CANDELARIA,50,70,True
2551,S-271,1,271,CR 51 D  CL 61,6.2596206,-75.5662542,LA CANDELARIA,50,68,True
2552,S-271,2,271,CR 51 D  CL 61,6.2596206,-75.5662542,LA CANDELARIA,50,33,False
2553,S-271,3,271,CR 51 D  CL 61,6.2596206,-75.5662542,LA CANDELARIA,50,42,False
2554,S-271,4,271,CR 51 D  CL 61,6.2596206,-75.5662542,LA CANDELARIA,50,78,True
2555,S-271,5,271,CR 51 D  CL 61,6.2596206,-75.5662542,LA CANDELARIA,50,31,False
2556,S-271,6,271,CR 51 D  CL 61,6.2596206,-75.5662542,LA CANDELARIA,50,34,False
2557,S-271,7,271,CR 51 D  CL 61,6.2596206,-75.5662542,LA CANDELARIA,50,73,True
2558,S-271,8,271,CR 51 D  CL 61,6.2596206,-75.5662542,LA CANDELARIA,50,56,True
2559,S-271,9,271,CR 51 D  CL 61,6.2596206,-75.5662542,LA CANDELARIA,50,61,True
2560,S-271,10,271,CR 51 D  CL 61,6.2596206,-75.5662542,LA CANDELARIA,50,50,False
2561,S-272,1,272,CR 51  CL 52AV DE GREIFF,6.25245054,-75.56772396,LA CANDELARIA,50,37,False
2562,S-272,2,272,CR 51  CL 52AV DE GREIFF,6.25245054,-75.56772396,LA CANDELARIA,50,67,True
2563,S-272,3,272,CR 51  CL 52AV DE GREIFF,6.25245054,-75.56772396,LA CANDELARIA,50,37,False
2564,S-272,4,272,CR 51  CL 52AV DE GREIFF,6.25245054,-75.56772396,LA CANDELARIA,50,79,True
2565,S-272,5,272,CR 51  CL 52AV DE GREIFF,6.25245054,-75.56772396,LA CANDELARIA,50,32,False
2566,S-272,6,272,CR 51  CL 52AV DE GREIFF,6.25245054,-75.56772396,LA CANDELARIA,50,73,True
2567,S-272,7,272,CR 51  CL 52AV DE GREIFF,6.25245054,-75.56772396,LA CANDELARIA,50,32,False
2568,S-272,8,272,CR 51  CL 52AV DE GREIFF,6.25245054,-75.56772396,LA CANDELARIA,50,51,True
2569,S-272,9,272,CR 51  CL 52AV DE GREIFF,6.25245054,-75.56772396,LA CANDELARIA,50,35,False
2570,S-272,10,272,CR 51  CL 52AV DE GREIFF,6.25245054,-75.56772396,LA CANDELARIA,50,31,False
2571,S-273,1,273,CR 51  CL 10,6.21420338,-75.5800726,GUAYABAL,50,52,True
2572,S-273,2,273,CR 51  CL 10,6.21420338,-75.5800726,GUAYABAL,50,73,True
2573,S-273,3,273,CR 51  CL 10,6.21420338,-75.5800726,GUAYABAL,50,31,False
2574,S-273,4,273,CR 51  CL 10,6.21420338,-75.5800726,GUAYABAL,50,67,True
2575,S-273,5,273,CR 51  CL 10,6.21420338,-75.5800726,GUAYABAL,50,46,False
2576,S-273,6,273,CR 51  CL 10,6.21420338,-75.5800726,GUAYABAL,50,64,True
2577,S-273,7,273,CR 51  CL 10,6.21420338,-75.5800726,GUAYABAL,50,63,True
2578,S-273,8,273,CR 51  CL 10,6.21420338,-75.5800726,GUAYABAL,50,52,True
2579,S-273,9,273,CR 51  CL 10,6.21420338,-75.5800726,GUAYABAL,50,59,True
2580,S-273,10,273,CR 51  CL 10,6.21420338,-75.5800726,GUAYABAL,50,37,False
2581,S-275,1,275,CR 51  CL 12 S,6.1969757,-75.58768033,GUAYABAL,50,51,True
2582,S-275,2,275,CR 51  CL 12 S,6.1969757,-75.58768033,GUAYABAL,50,73,True
2583,S-275,3,275,CR 51  CL 12 S,6.1969757,-75.58768033,GUAYABAL,50,65,True
2584,S-275,4,275,CR 51  CL 12 S,6.1969757,-75.58768033,GUAYABAL,50,34,False
2585,S-275,5,275,CR 51  CL 12 S,6.1969757,-75.58768033,GUAYABAL,50,42,False
2586,S-275,6,275,CR 51  CL 12 S,6.1969757,-75.58768033,GUAYABAL,50,58,True
2587,S-275,7,275,CR 51  CL 12 S,6.1969757,-75.58768033,GUAYABAL,50,60,True
2588,S-275,8,275,CR 51  CL 12 S,6.1969757,-75.58768033,GUAYABAL,50,76,True
2589,S-275,9,275,CR 51  CL 12 S,6.1969757,-75.58768033,GUAYABAL,50,45,False
2590,S-275,10,275,CR 51  CL 12 S,6.1969757,-75.58768033,GUAYABAL,50,71,True
2591,S-406,1,406,CR 65  CL 30 A,6.23327327,-75.58273744,BELEN,50,59,True
2592,S-406,2,406,CR 65  CL 30 A,6.23327327,-75.58273744,BELEN,50,45,False
2593,S-406,3,406,CR 65  CL 30 A,6.23327327,-75.58273744,BELEN,50,41,False
2594,S-406,4,406,CR 65  CL 30 A,6.23327327,-75.58273744,BELEN,50,46,False
2595,S-406,5,406,CR 65  CL 30 A,6.23327327,-75.58273744,BELEN,50,45,False
2596,S-406,6,406,CR 65  CL 30 A,6.23327327,-75.58273744,BELEN,50,41,False
2597,S-406,7,406,CR 65  CL 30 A,6.23327327,-75.58273744,BELEN,50,37,False
2598,S-406,8,406,CR 65  CL 30 A,6.23327327,-75.58273744,BELEN,50,49,False
2599,S-406,9,406,CR 65  CL 30 A,6.23327327,-75.58273744,BELEN,50,32,False
2600,S-406,10,406,CR 65  CL 30 A,6.23327327,-75.58273744,BELEN,50,45,False
2601,S-407,1,407,CR 65  CL 33,6.23943573,-75.58309778,BELEN,50,59,True
2602,S-407,2,407,CR 65  CL 33,6.23943573,-75.58309778,BELEN,50,74,True
2603,S-407,3,407,CR 65  CL 33,6.23943573,-75.58309778,BELEN,50,52,True
2604,S-407,4,407,CR 65  CL 33,6.23943573,-75.58309778,BELEN,50,57,True
2605,S-407,5,407,CR 65  CL 33,6.23943573,-75.58309778,BELEN,50,80,True
2606,S-407,6,407,CR 65  CL 33,6.23943573,-75.58309778,BELEN,50,69,True
2607,S-407,7,407,CR 65  CL 33,6.23943573,-75.58309778,BELEN,50,34,False
2608,S-407,8,407,CR 65  CL 33,6.23943573,-75.58309778,BELEN,50,49,False
2609,S-407,9,407,CR 65  CL 33,6.23943573,-75.58309778,BELEN,50,69,True
2610,S-407,10,407,CR 65  CL 33,6.23943573,-75.58309778,BELEN,50,73,True
2611,S-409,1,409,CR 65  CL 38Cost SUR,6.24188241,-75.58319435,LAURELES,50,30,False
2612,S-409,2,409,CR 65  CL 38Cost SUR,6.24188241,-75.58319435,LAURELES,50,59,True
2613,S-409,3,409,CR 65  CL 38Cost SUR,6.24188241,-75.58319435,LAURELES,50,50,False
2614,S-409,4,409,CR 65  CL 38Cost SUR,6.24188241,-75.58319435,LAURELES,50,49,False
2615,S-409,5,409,CR 65  CL 38Cost SUR,6.24188241,-75.58319435,LAURELES,50,35,False
2616,S-409,6,409,CR 65  CL 38Cost SUR,6.24188241,-75.58319435,LAURELES,50,51,True
2617,S-409,7,409,CR 65  CL 38Cost SUR,6.24188241,-75.58319435,LAURELES,50,47,False
2618,S-409,8,409,CR 65  CL 38Cost SUR,6.24188241,-75.58319435,LAURELES,50,37,False
2619,S-409,9,409,CR 65  CL 38Cost SUR,6.24188241,-75.58319435,LAURELES,50,68,True
2620,S-409,10,409,CR 65  CL 38Cost SUR,6.24188241,-75.58319435,LAURELES,50,61,True
2621,S-399,1,399,CR 65  CR 66BCR 65 x AV BOLIVARIANA,6.2454159,-75.58373061,LAURELES,50,62,True
2622,S-399,2,399,CR 65  CR 66BCR 65 x AV BOLIVARIANA,6.2454159,-75.58373061,LAURELES,50,45,False
2623,S-399,3,399,CR 65  CR 66BCR 65 x AV BOLIVARIANA,6.2454159,-75.58373061,LAURELES,50,41,False
2624,S-399,4,399,CR 65  CR 66BCR 65 x AV BOLIVARIANA,6.2454159,-75.58373061,LAURELES,50,67,True
2625,S-399,5,399,CR 65  CR 66BCR 65 x AV BOLIVARIANA,6.2454159,-75.58373061,LAURELES,50,63,True
2626,S-399,6,399,CR 65  CR 66BCR 65 x AV BOLIVARIANA,6.2454159,-75.58373061,LAURELES,50,43,False
2627,S-399,7,399,CR 65  CR 66BCR 65 x AV BOLIVARIANA,6.2454159,-75.58373061,LAURELES,50,65,True
2628,S-399,8,399,CR 65  CR 66BCR 65 x AV BOLIVARIANA,6.2454159,-75.58373061,LAURELES,50,62,True
2629,S-399,9,399,CR 65  CR 66BCR 65 x AV BOLIVARIANA,6.2454159,-75.58373061,LAURELES,50,52,True
2630,S-399,10,399,CR 65  CR 66BCR 65 x AV BOLIVARIANA,6.2454159,-75.58373061,LAURELES,50,79,True
2631,S-410,1,410,CR 65  CL 43,6.24758221,-75.58351653,LAURELES,50,74,True
2632,S-410,2,410,CR 65  CL 43,6.24758221,-75.58351653,LAURELES,50,31,False
2633,S-410,3,410,CR 65  CL 43,6.24758221,-75.58351653,LAURELES,50,70,True
2634,S-410,4,410,CR 65  CL 43,6.24758221,-75.58351653,LAURELES,50,50,False
2635,S-410,5,410,CR 65  CL 43,6.24758221,-75.58351653,LAURELES,50,31,False
2636,S-410,6,410,CR 65  CL 43,6.24758221,-75.58351653,LAURELES,50,56,True
2637,S-410,7,410,CR 65  CL 43,6.24758221,-75.58351653,LAURELES,50,38,False
2638,S-410,8,410,CR 65  CL 43,6.24758221,-75.58351653,LAURELES,50,30,False
2639,S-410,9,410,CR 65  CL 43,6.24758221,-75.58351653,LAURELES,50,40,False
2640,S-410,10,410,CR 65  CL 43,6.24758221,-75.58351653,LAURELES,50,32,False
2641,S-411,1,411,CR 65  CL 44,6.24853764,-75.58332319,LAURELES,50,52,True
2642,S-411,2,411,CR 65  CL 44,6.24853764,-75.58332319,LAURELES,50,55,True
2643,S-411,3,411,CR 65  CL 44,6.24853764,-75.58332319,LAURELES,50,33,False
2644,S-411,4,411,CR 65  CL 44,6.24853764,-75.58332319,LAURELES,50,47,False
2645,S-411,5,411,CR 65  CL 44,6.24853764,-75.58332319,LAURELES,50,35,False
2646,S-411,6,411,CR 65  CL 44,6.24853764,-75.58332319,LAURELES,50,64,True
2647,S-411,7,411,CR 65  CL 44,6.24853764,-75.58332319,LAURELES,50,51,True
2648,S-411,8,411,CR 65  CL 44,6.24853764,-75.58332319,LAURELES,50,72,True
2649,S-411,9,411,CR 65  CL 44,6.24853764,-75.58332319,LAURELES,50,44,False
2650,S-411,10,411,CR 65  CL 44,6.24853764,-75.58332319,LAURELES,50,51,True
2651,S-571,1,571,CR 90  CL 44,6.25226553,-75.60761697,LA AMERICA,50,66,True
2652,S-571,2,571,CR 90  CL 44,6.25226553,-75.60761697,LA AMERICA,50,71,True
2653,S-571,3,571,CR 90  CL 44,6.25226553,-75.60761697,LA AMERICA,50,41,False
2654,S-571,4,571,CR 90  CL 44,6.25226553,-75.60761697,LA AMERICA,50,76,True
2655,S-571,5,571,CR 90  CL 44,6.25226553,-75.60761697,LA AMERICA,50,78,True
2656,S-571,6,571,CR 90  CL 44,6.25226553,-75.60761697,LA AMERICA,50,71,True
2657,S-571,7,571,CR 90  CL 44,6.25226553,-75.60761697,LA AMERICA,50,67,True
2658,S-571,8,571,CR 90  CL 44,6.25226553,-75.60761697,LA AMERICA,50,47,False
2659,S-571,9,571,CR 90  CL 44,6.25226553,-75.60761697,LA AMERICA,50,74,True
2660,S-571,10,571,CR 90  CL 44,6.25226553,-75.60761697,LA AMERICA,50,64,True
2661,S-573,1,573,CR 92  CL 35,6.24723746,-75.61562414,SAN JAVIER,50,59,True
2662,S-573,2,573,CR 92  CL 35,6.24723746,-75.61562414,SAN JAVIER,50,53,True
2663,S-573,3,573,CR 92  CL 35,6.24723746,-75.61562414,SAN JAVIER,50,71,True
2664,S-573,4,573,CR 92  CL 35,6.24723746,-75.61562414,SAN JAVIER,50,59,True
2665,S-573,5,573,CR 92  CL 35,6.24723746,-75.61562414,SAN JAVIER,50,43,False
2666,S-573,6,573,CR 92  CL 35,6.24723746,-75.61562414,SAN JAVIER,50,35,False
2667,S-573,7,573,CR 92  CL 35,6.24723746,-75.61562414,SAN JAVIER,50,32,False
2668,S-573,8,573,CR 92  CL 35,6.24723746,-75.61562414,SAN JAVIER,50,45,False
2669,S-573,9,573,CR 92  CL 35,6.24723746,-75.61562414,SAN JAVIER,50,36,False
2670,S-573,10,573,CR 92  CL 35,6.24723746,-75.61562414,SAN JAVIER,50,43,False
2671,S-574,1,574,CR 92  CL 44,6.25337506,-75.60927973,LA AMERICA,50,38,False
2672,S-574,2,574,CR 92  CL 44,6.25337506,-75.60927973,LA AMERICA,50,44,False
2673,S-574,3,574,CR 92  CL 44,6.25337506,-75.60927973,LA AMERICA,50,50,False
2674,S-574,4,574,CR 92  CL 44,6.25337506,-75.60927973,LA AMERICA,50,64,True
2675,S-574,5,574,CR 92  CL 44,6.25337506,-75.60927973,LA AMERICA,50,31,False
2676,S-574,6,574,CR 92  CL 44,6.25337506,-75.60927973,LA AMERICA,50,56,True
2677,S-574,7,574,CR 92  CL 44,6.25337506,-75.60927973,LA AMERICA,50,31,False
2678,S-574,8,574,CR 92  CL 44,6.25337506,-75.60927973,LA AMERICA,50,64,True
2679,S-574,9,574,CR 92  CL 44,6.25337506,-75.60927973,LA AMERICA,50,47,False
2680,S-574,10,574,CR 92  CL 44,6.25337506,-75.60927973,LA AMERICA,50,43,False
2681,S-575,1,575,CR 99  CL 44,6.25657626,-75.61516456,SAN JAVIER,50,49,False
2682,S-575,2,575,CR 99  CL 44,6.25657626,-75.61516456,SAN JAVIER,50,47,False
2683,S-575,3,575,CR 99  CL 44,6.25657626,-75.61516456,SAN JAVIER,50,39,False
2684,S-575,4,575,CR 99  CL 44,6.25657626,-75.61516456,SAN JAVIER,50,54,True
2685,S-575,5,575,CR 99  CL 44,6.25657626,-75.61516456,SAN JAVIER,50,31,False
2686,S-575,6,575,CR 99  CL 44,6.25657626,-75.61516456,SAN JAVIER,50,54,True
2687,S-575,7,575,CR 99  CL 44,6.25657626,-75.61516456,SAN JAVIER,50,62,True
2688,S-575,8,575,CR 99  CL 44,6.25657626,-75.61516456,SAN JAVIER,50,65,True
2689,S-575,9,575,CR 99  CL 44,6.25657626,-75.61516456,SAN JAVIER,50,60,True
2690,S-575,10,575,CR 99  CL 44,6.25657626,-75.61516456,SAN JAVIER,50,43,False
2691,S-576,1,576,CR 99  CL 45,6.25709849,-75.61470819,SAN JAVIER,50,30,False
2692,S-576,2,576,CR 99  CL 45,6.25709849,-75.61470819,SAN JAVIER,50,75,True
2693,S-576,3,576,CR 99  CL 45,6.25709849,-75.61470819,SAN JAVIER,50,45,False
2694,S-576,4,576,CR 99  CL 45,6.25709849,-75.61470819,SAN JAVIER,50,75,True
2695,S-576,5,576,CR 99  CL 45,6.25709849,-75.61470819,SAN JAVIER,50,32,False
2696,S-576,6,576,CR 99  CL 45,6.25709849,-75.61470819,SAN JAVIER,50,64,True
2697,S-576,7,576,CR 99  CL 45,6.25709849,-75.61470819,SAN JAVIER,50,70,True
2698,S-576,8,576,CR 99  CL 45,6.25709849,-75.61470819,SAN JAVIER,50,35,False
2699,S-576,9,576,CR 99  CL 45,6.25709849,-75.61470819,SAN JAVIER,50,54,True
2700,S-576,10,576,CR 99  CL 45,6.25709849,-75.61470819,SAN JAVIER,50,42,False
2701,S-577,1,577,CR 99  CL 47 A,6.25763704,-75.61434962,SAN JAVIER,50,63,True
2702,S-577,2,577,CR 99  CL 47 A,6.25763704,-75.61434962,SAN JAVIER,50,37,False
2703,S-577,3,577,CR 99  CL 47 A,6.25763704,-75.61434962,SAN JAVIER,50,50,False
2704,S-577,4,577,CR 99  CL 47 A,6.25763704,-75.61434962,SAN JAVIER,50,63,True
2705,S-577,5,577,CR 99  CL 47 A,6.25763704,-75.61434962,SAN JAVIER,50,33,False
2706,S-577,6,577,CR 99  CL 47 A,6.25763704,-75.61434962,SAN JAVIER,50,54,True
2707,S-577,7,577,CR 99  CL 47 A,6.25763704,-75.61434962,SAN JAVIER,50,44,False
2708,S-577,8,577,CR 99  CL 47 A,6.25763704,-75.61434962,SAN JAVIER,50,33,False
2709,S-577,9,577,CR 99  CL 47 A,6.25763704,-75.61434962,SAN JAVIER,50,74,True
2710,S-577,10,577,CR 99  CL 47 A,6.25763704,-75.61434962,SAN JAVIER,50,41,False
2711,S-4,1,4,AV 80  CL 33SUR-OCCI,6.238599,-75.60338483,LAURELES,50,61,True
2712,S-4,2,4,AV 80  CL 33SUR-OCCI,6.238599,-75.60338483,LAURELES,50,61,True
2713,S-4,3,4,AV 80  CL 33SUR-OCCI,6.238599,-75.60338483,LAURELES,50,57,True
2714,S-4,4,4,AV 80  CL 33SUR-OCCI,6.238599,-75.60338483,LAURELES,50,42,False
2715,S-4,5,4,AV 80  CL 33SUR-OCCI,6.238599,-75.60338483,LAURELES,50,60,True
2716,S-4,6,4,AV 80  CL 33SUR-OCCI,6.238599,-75.60338483,LAURELES,50,43,False
2717,S-4,7,4,AV 80  CL 33SUR-OCCI,6.238599,-75.60338483,LAURELES,50,49,False
2718,S-4,8,4,AV 80  CL 33SUR-OCCI,6.238599,-75.60338483,LAURELES,50,47,False
2719,S-4,9,4,AV 80  CL 33SUR-OCCI,6.238599,-75.60338483,LAURELES,50,58,True
2720,S-4,10,4,AV 80  CL 33SUR-OCCI,6.238599,-75.60338483,LAURELES,50,35,False
2721,S-5,1,5,AV 80  CL 33SUR-ORIE,6.23820811,-75.60298678,LAURELES,50,61,True
2722,S-5,2,5,AV 80  CL 33SUR-ORIE,6.23820811,-75.60298678,LAURELES,50,58,True
2723,S-5,3,5,AV 80  CL 33SUR-ORIE,6.23820811,-75.60298678,LAURELES,50,72,True
2724,S-5,4,5,AV 80  CL 33SUR-ORIE,6.23820811,-75.60298678,LAURELES,50,31,False
2725,S-5,5,5,AV 80  CL 33SUR-ORIE,6.23820811,-75.60298678,LAURELES,50,52,True
2726,S-5,6,5,AV 80  CL 33SUR-ORIE,6.23820811,-75.60298678,LAURELES,50,48,False
2727,S-5,7,5,AV 80  CL 33SUR-ORIE,6.23820811,-75.60298678,LAURELES,50,60,True
2728,S-5,8,5,AV 80  CL 33SUR-ORIE,6.23820811,-75.60298678,LAURELES,50,80,True
2729,S-5,9,5,AV 80  CL 33SUR-ORIE,6.23820811,-75.60298678,LAURELES,50,34,False
2730,S-5,10,5,AV 80  CL 33SUR-ORIE,6.23820811,-75.60298678,LAURELES,50,48,False
2731,S-455,1,455,CR 69 B  CL 30,6.23152223,-75.5902395,BELEN,50,63,True
2732,S-455,2,455,CR 69 B  CL 30,6.23152223,-75.5902395,BELEN,50,39,False
2733,S-455,3,455,CR 69 B  CL 30,6.23152223,-75.5902395,BELEN,50,54,True
2734,S-455,4,455,CR 69 B  CL 30,6.23152223,-75.5902395,BELEN,50,31,False
2735,S-455,5,455,CR 69 B  CL 30,6.23152223,-75.5902395,BELEN,50,40,False
2736,S-455,6,455,CR 69 B  CL 30,6.23152223,-75.5902395,BELEN,50,79,True
2737,S-455,7,455,CR 69 B  CL 30,6.23152223,-75.5902395,BELEN,50,60,True
2738,S-455,8,455,CR 69 B  CL 30,6.23152223,-75.5902395,BELEN,50,44,False
2739,S-455,9,455,CR 69 B  CL 30,6.23152223,-75.5902395,BELEN,50,38,False
2740,S-455,10,455,CR 69 B  CL 30,6.23152223,-75.5902395,BELEN,50,52,True
2741,S-88,1,88,CR 42  CL 1 S,6.20301362,-75.5705301,EL POBLADO,50,48,False
2742,S-88,2,88,CR 42  CL 1 S,6.20301362,-75.5705301,EL POBLADO,50,38,False
2743,S-88,3,88,CR 42  CL 1 S,6.20301362,-75.5705301,EL POBLADO,50,64,True
2744,S-88,4,88,CR 42  CL 1 S,6.20301362,-75.5705301,EL POBLADO,50,50,False
2745,S-88,5,88,CR 42  CL 1 S,6.20301362,-75.5705301,EL POBLADO,50,38,False
2746,S-88,6,88,CR 42  CL 1 S,6.20301362,-75.5705301,EL POBLADO,50,57,True
2747,S-88,7,88,CR 42  CL 1 S,6.20301362,-75.5705301,EL POBLADO,50,75,True
2748,S-88,8,88,CR 42  CL 1 S,6.20301362,-75.5705301,EL POBLADO,50,80,True
2749,S-88,9,88,CR 42  CL 1 S,6.20301362,-75.5705301,EL POBLADO,50,36,False
2750,S-88,10,88,CR 42  CL 1 S,6.20301362,-75.5705301,EL POBLADO,50,45,False
2751,S-98,1,98,CR 43 A  CL 2 SLa Strada,6.20214389,-75.57212453,EL POBLADO,50,45,False
2752,S-98,2,98,CR 43 A  CL 2 SLa Strada,6.20214389,-75.57212453,EL POBLADO,50,62,True
2753,S-98,3,98,CR 43 A  CL 2 SLa Strada,6.20214389,-75.57212453,EL POBLADO,50,33,False
2754,S-98,4,98,CR 43 A  CL 2 SLa Strada,6.20214389,-75.57212453,EL POBLADO,50,33,False
2755,S-98,5,98,CR 43 A  CL 2 SLa Strada,6.20214389,-75.57212453,EL POBLADO,50,68,True
2756,S-98,6,98,CR 43 A  CL 2 SLa Strada,6.20214389,-75.57212453,EL POBLADO,50,69,True
2757,S-98,7,98,CR 43 A  CL 2 SLa Strada,6.20214389,-75.57212453,EL POBLADO,50,46,False
2758,S-98,8,98,CR 43 A  CL 2 SLa Strada,6.20214389,-75.57212453,EL POBLADO,50,66,True
2759,S-98,9,98,CR 43 A  CL 2 SLa Strada,6.20214389,-75.57212453,EL POBLADO,50,68,True
2760,S-98,10,98,CR 43 A  CL 2 SLa Strada,6.20214389,-75.57212453,EL POBLADO,50,58,True
2761,S-555,1,555,CR 82 A  CL 30 ALos molinos,6.23191822,-75.60413293,BELEN,50,65,True
2762,S-555,2,555,CR 82 A  CL 30 ALos molinos,6.23191822,-75.60413293,BELEN,50,67,True
2763,S-555,3,555,CR 82 A  CL 30 ALos molinos,6.23191822,-75.60413293,BELEN,50,68,True
2764,S-555,4,555,CR 82 A  CL 30 ALos molinos,6.23191822,-75.60413293,BELEN,50,79,True
2765,S-555,5,555,CR 82 A  CL 30 ALos molinos,6.23191822,-75.60413293,BELEN,50,66,True
2766,S-555,6,555,CR 82 A  CL 30 ALos molinos,6.23191822,-75.60413293,BELEN,50,64,True
2767,S-555,7,555,CR 82 A  CL 30 ALos molinos,6.23191822,-75.60413293,BELEN,50,36,False
2768,S-555,8,555,CR 82 A  CL 30 ALos molinos,6.23191822,-75.60413293,BELEN,50,56,True
2769,S-555,9,555,CR 82 A  CL 30 ALos molinos,6.23191822,-75.60413293,BELEN,50,57,True
2770,S-555,10,555,CR 82 A  CL 30 ALos molinos,6.23191822,-75.60413293,BELEN,50,51,True
2771,S-586,1,586,CR 43 A  CL 7 SPEATONAL CC SANTAFE,6.19773155,-75.57436061,EL POBLADO,50,43,False
2772,S-586,2,586,CR 43 A  CL 7 SPEATONAL CC SANTAFE,6.19773155,-75.57436061,EL POBLADO,50,36,False
2773,S-586,3,586,CR 43 A  CL 7 SPEATONAL CC SANTAFE,6.19773155,-75.57436061,EL POBLADO,50,66,True
2774,S-586,4,586,CR 43 A  CL 7 SPEATONAL CC SANTAFE,6.19773155,-75.57436061,EL POBLADO,50,51,True
2775,S-586,5,586,CR 43 A  CL 7 SPEATONAL CC SANTAFE,6.19773155,-75.57436061,EL POBLADO,50,34,False
2776,S-586,6,586,CR 43 A  CL 7 SPEATONAL CC SANTAFE,6.19773155,-75.57436061,EL POBLADO,50,31,False
2777,S-586,7,586,CR 43 A  CL 7 SPEATONAL CC SANTAFE,6.19773155,-75.57436061,EL POBLADO,50,56,True
2778,S-586,8,586,CR 43 A  CL 7 SPEATONAL CC SANTAFE,6.19773155,-75.57436061,EL POBLADO,50,50,False
2779,S-586,9,586,CR 43 A  CL 7 SPEATONAL CC SANTAFE,6.19773155,-75.57436061,EL POBLADO,50,67,True
2780,S-586,10,586,CR 43 A  CL 7 SPEATONAL CC SANTAFE,6.19773155,-75.57436061,EL POBLADO,50,44,False
2781,S-453,1,453,CR 72  CL 73Cost Oriental Paso Peatonal,6.27362726,-75.58113261,ROBLEDO,50,50,False
2782,S-453,2,453,CR 72  CL 73Cost Oriental Paso Peatonal,6.27362726,-75.58113261,ROBLEDO,50,39,False
2783,S-453,3,453,CR 72  CL 73Cost Oriental Paso Peatonal,6.27362726,-75.58113261,ROBLEDO,50,52,True
2784,S-453,4,453,CR 72  CL 73Cost Oriental Paso Peatonal,6.27362726,-75.58113261,ROBLEDO,50,68,True
2785,S-453,5,453,CR 72  CL 73Cost Oriental Paso Peatonal,6.27362726,-75.58113261,ROBLEDO,50,34,False
2786,S-453,6,453,CR 72  CL 73Cost Oriental Paso Peatonal,6.27362726,-75.58113261,ROBLEDO,50,30,False
2787,S-453,7,453,CR 72  CL 73Cost Oriental Paso Peatonal,6.27362726,-75.58113261,ROBLEDO,50,42,False
2788,S-453,8,453,CR 72  CL 73Cost Oriental Paso Peatonal,6.27362726,-75.58113261,ROBLEDO,50,50,False
2789,S-453,9,453,CR 72  CL 73Cost Oriental Paso Peatonal,6.27362726,-75.58113261,ROBLEDO,50,55,True
2790,S-453,10,453,CR 72  CL 73Cost Oriental Paso Peatonal,6.27362726,-75.58113261,ROBLEDO,50,79,True
2791,S-452,1,452,CR 72  CL 73Entrada Pilarica,6.27363361,-75.58189177,ROBLEDO,50,74,True
2792,S-452,2,452,CR 72  CL 73Entrada Pilarica,6.27363361,-75.58189177,ROBLEDO,50,50,False
2793,S-452,3,452,CR 72  CL 73Entrada Pilarica,6.27363361,-75.58189177,ROBLEDO,50,47,False
2794,S-452,4,452,CR 72  CL 73Entrada Pilarica,6.27363361,-75.58189177,ROBLEDO,50,66,True
2795,S-452,5,452,CR 72  CL 73Entrada Pilarica,6.27363361,-75.58189177,ROBLEDO,50,74,True
2796,S-452,6,452,CR 72  CL 73Entrada Pilarica,6.27363361,-75.58189177,ROBLEDO,50,61,True
2797,S-452,7,452,CR 72  CL 73Entrada Pilarica,6.27363361,-75.58189177,ROBLEDO,50,65,True
2798,S-452,8,452,CR 72  CL 73Entrada Pilarica,6.27363361,-75.58189177,ROBLEDO,50,46,False
2799,S-452,9,452,CR 72  CL 73Entrada Pilarica,6.27363361,-75.58189177,ROBLEDO,50,64,True
2800,S-452,10,452,CR 72  CL 73Entrada Pilarica,6.27363361,-75.58189177,ROBLEDO,50,78,True
2801,S-391,1,391,CR 59  CL 44,6.24707241,-75.57762077,LA CANDELARIA,50,40,False
2802,S-391,2,391,CR 59  CL 44,6.24707241,-75.57762077,LA CANDELARIA,50,50,False
2803,S-391,3,391,CR 59  CL 44,6.24707241,-75.57762077,LA CANDELARIA,50,55,True
2804,S-391,4,391,CR 59  CL 44,6.24707241,-75.57762077,LA CANDELARIA,50,33,False
2805,S-391,5,391,CR 59  CL 44,6.24707241,-75.57762077,LA CANDELARIA,50,63,True
2806,S-391,6,391,CR 59  CL 44,6.24707241,-75.57762077,LA CANDELARIA,50,77,True
2807,S-391,7,391,CR 59  CL 44,6.24707241,-75.57762077,LA CANDELARIA,50,47,False
2808,S-391,8,391,CR 59  CL 44,6.24707241,-75.57762077,LA CANDELARIA,50,69,True
2809,S-391,9,391,CR 59  CL 44,6.24707241,-75.57762077,LA CANDELARIA,50,64,True
2810,S-391,10,391,CR 59  CL 44,6.24707241,-75.57762077,LA CANDELARIA,50,70,True
2811,S-392,1,392,CR 63 A  CL 44,6.24844046,-75.58214731,LAURELES,50,58,True
2812,S-392,2,392,CR 63 A  CL 44,6.24844046,-75.58214731,LAURELES,50,58,True
2813,S-392,3,392,CR 63 A  CL 44,6.24844046,-75.58214731,LAURELES,50,67,True
2814,S-392,4,392,CR 63 A  CL 44,6.24844046,-75.58214731,LAURELES,50,71,True
2815,S-392,5,392,CR 63 A  CL 44,6.24844046,-75.58214731,LAURELES,50,50,False
2816,S-392,6,392,CR 63 A  CL 44,6.24844046,-75.58214731,LAURELES,50,71,True
2817,S-392,7,392,CR 63 A  CL 44,6.24844046,-75.58214731,LAURELES,50,42,False
2818,S-392,8,392,CR 63 A  CL 44,6.24844046,-75.58214731,LAURELES,50,78,True
2819,S-392,9,392,CR 63 A  CL 44,6.24844046,-75.58214731,LAURELES,50,70,True
2820,S-392,10,392,CR 63 A  CL 44,6.24844046,-75.58214731,LAURELES,50,46,False
2821,S-600,1,600,CR 30 CL 12-12A,6.214125,-75.5603376,EL POBLADO,50,38,False
2822,S-600,2,600,CR 30 CL 12-12A,6.214125,-75.5603376,EL POBLADO,50,70,True
2823,S-600,3,600,CR 30 CL 12-12A,6.214125,-75.5603376,EL POBLADO,50,30,False
2824,S-600,4,600,CR 30 CL 12-12A,6.214125,-75.5603376,EL POBLADO,50,31,False
2825,S-600,5,600,CR 30 CL 12-12A,6.214125,-75.5603376,EL POBLADO,50,77,True
2826,S-600,6,600,CR 30 CL 12-12A,6.214125,-75.5603376,EL POBLADO,50,58,True
2827,S-600,7,600,CR 30 CL 12-12A,6.214125,-75.5603376,EL POBLADO,50,62,True
2828,S-600,8,600,CR 30 CL 12-12A,6.214125,-75.5603376,EL POBLADO,50,39,False
2829,S-600,9,600,CR 30 CL 12-12A,6.214125,-75.5603376,EL POBLADO,50,79,True
2830,S-600,10,600,CR 30 CL 12-12A,6.214125,-75.5603376,EL POBLADO,50,69,True
2831,S-599,1,599,CR 30 CL 12-12A,6.21351132,-75.55992291,EL POBLADO,50,50,False
2832,S-599,2,599,CR 30 CL 12-12A,6.21351132,-75.55992291,EL POBLADO,50,57,True
2833,S-599,3,599,CR 30 CL 12-12A,6.21351132,-75.55992291,EL POBLADO,50,40,False
2834,S-599,4,599,CR 30 CL 12-12A,6.21351132,-75.55992291,EL POBLADO,50,63,True
2835,S-599,5,599,CR 30 CL 12-12A,6.21351132,-75.55992291,EL POBLADO,50,37,False
2836,S-599,6,599,CR 30 CL 12-12A,6.21351132,-75.55992291,EL POBLADO,50,51,True
2837,S-599,7,599,CR 30 CL 12-12A,6.21351132,-75.55992291,EL POBLADO,50,37,False
2838,S-599,8,599,CR 30 CL 12-12A,6.21351132,-75.55992291,EL POBLADO,50,78,True
2839,S-599,9,599,CR 30 CL 12-12A,6.21351132,-75.55992291,EL POBLADO,50,44,False
2840,S-599,10,599,CR 30 CL 12-12A,6.21351132,-75.55992291,EL POBLADO,50,46,False
2841,S-513,1,513,CR 78  CL 30,6.23133743,-75.5981373,BELEN,50,52,True
2842,S-513,2,513,CR 78  CL 30,6.23133743,-75.5981373,BELEN,50,53,True
2843,S-513,3,513,CR 78  CL 30,6.23133743,-75.5981373,BELEN,50,74,True
2844,S-513,4,513,CR 78  CL 30,6.23133743,-75.5981373,BELEN,50,48,False
2845,S-513,5,513,CR 78  CL 30,6.23133743,-75.5981373,BELEN,50,34,False
2846,S-513,6,513,CR 78  CL 30,6.23133743,-75.5981373,BELEN,50,61,True
2847,S-513,7,513,CR 78  CL 30,6.23133743,-75.5981373,BELEN,50,73,True
2848,S-513,8,513,CR 78  CL 30,6.23133743,-75.5981373,BELEN,50,30,False
2849,S-513,9,513,CR 78  CL 30,6.23133743,-75.5981373,BELEN,50,52,True
2850,S-513,10,513,CR 78  CL 30,6.23133743,-75.5981373,BELEN,50,66,True
2851,S-589,1,589,CR 52  CL 5PASO SEGURO NOEL,6.21132068,-75.58391247,GUAYABAL,50,37,False
2852,S-589,2,589,CR 52  CL 5PASO SEGURO NOEL,6.21132068,-75.58391247,GUAYABAL,50,42,False
2853,S-589,3,589,CR 52  CL 5PASO SEGURO NOEL,6.21132068,-75.58391247,GUAYABAL,50,37,False
2854,S-589,4,589,CR 52  CL 5PASO SEGURO NOEL,6.21132068,-75.58391247,GUAYABAL,50,52,True
2855,S-589,5,589,CR 52  CL 5PASO SEGURO NOEL,6.21132068,-75.58391247,GUAYABAL,50,72,True
2856,S-589,6,589,CR 52  CL 5PASO SEGURO NOEL,6.21132068,-75.58391247,GUAYABAL,50,30,False
2857,S-589,7,589,CR 52  CL 5PASO SEGURO NOEL,6.21132068,-75.58391247,GUAYABAL,50,74,True
2858,S-589,8,589,CR 52  CL 5PASO SEGURO NOEL,6.21132068,-75.58391247,GUAYABAL,50,80,True
2859,S-589,9,589,CR 52  CL 5PASO SEGURO NOEL,6.21132068,-75.58391247,GUAYABAL,50,53,True
2860,S-589,10,589,CR 52  CL 5PASO SEGURO NOEL,6.21132068,-75.58391247,GUAYABAL,50,64,True
2861,S-590,1,590,CR 48  CL 7 DPASO SEGURO POLITECNICO,6.20981041,-75.57655462,EL POBLADO,50,53,True
2862,S-590,2,590,CR 48  CL 7 DPASO SEGURO POLITECNICO,6.20981041,-75.57655462,EL POBLADO,50,46,False
2863,S-590,3,590,CR 48  CL 7 DPASO SEGURO POLITECNICO,6.20981041,-75.57655462,EL POBLADO,50,34,False
2864,S-590,4,590,CR 48  CL 7 DPASO SEGURO POLITECNICO,6.20981041,-75.57655462,EL POBLADO,50,49,False
2865,S-590,5,590,CR 48  CL 7 DPASO SEGURO POLITECNICO,6.20981041,-75.57655462,EL POBLADO,50,50,False
2866,S-590,6,590,CR 48  CL 7 DPASO SEGURO POLITECNICO,6.20981041,-75.57655462,EL POBLADO,50,69,True
2867,S-590,7,590,CR 48  CL 7 DPASO SEGURO POLITECNICO,6.20981041,-75.57655462,EL POBLADO,50,60,True
2868,S-590,8,590,CR 48  CL 7 DPASO SEGURO POLITECNICO,6.20981041,-75.57655462,EL POBLADO,50,75,True
2869,S-590,9,590,CR 48  CL 7 DPASO SEGURO POLITECNICO,6.20981041,-75.57655462,EL POBLADO,50,65,True
2870,S-590,10,590,CR 48  CL 7 DPASO SEGURO POLITECNICO,6.20981041,-75.57655462,EL POBLADO,50,40,False
2871,S-9,1,9,AV 80  CL 35ORIENTAL,6.24319012,-75.60235217,LAURELES,50,44,False
2872,S-9,2,9,AV 80  CL 35ORIENTAL,6.24319012,-75.60235217,LAURELES,50,48,False
2873,S-9,3,9,AV 80  CL 35ORIENTAL,6.24319012,-75.60235217,LAURELES,50,36,False
2874,S-9,4,9,AV 80  CL 35ORIENTAL,6.24319012,-75.60235217,LAURELES,50,80,True
2875,S-9,5,9,AV 80  CL 35ORIENTAL,6.24319012,-75.60235217,LAURELES,50,57,True
2876,S-9,6,9,AV 80  CL 35ORIENTAL,6.24319012,-75.60235217,LAURELES,50,80,True
2877,S-9,7,9,AV 80  CL 35ORIENTAL,6.24319012,-75.60235217,LAURELES,50,72,True
2878,S-9,8,9,AV 80  CL 35ORIENTAL,6.24319012,-75.60235217,LAURELES,50,34,False
2879,S-9,9,9,AV 80  CL 35ORIENTAL,6.24319012,-75.60235217,LAURELES,50,34,False
2880,S-9,10,9,AV 80  CL 35ORIENTAL,6.24319012,-75.60235217,LAURELES,50,59,True
2881,S-449,1,449,CR 68 A  CL 47 D,6.25295079,-75.58650432,LAURELES,50,61,True
2882,S-449,2,449,CR 68 A  CL 47 D,6.25295079,-75.58650432,LAURELES,50,37,False
2883,S-449,3,449,CR 68 A  CL 47 D,6.25295079,-75.58650432,LAURELES,50,39,False
2884,S-449,4,449,CR 68 A  CL 47 D,6.25295079,-75.58650432,LAURELES,50,67,True
2885,S-449,5,449,CR 68 A  CL 47 D,6.25295079,-75.58650432,LAURELES,50,76,True
2886,S-449,6,449,CR 68 A  CL 47 D,6.25295079,-75.58650432,LAURELES,50,61,True
2887,S-449,7,449,CR 68 A  CL 47 D,6.25295079,-75.58650432,LAURELES,50,77,True
2888,S-449,8,449,CR 68 A  CL 47 D,6.25295079,-75.58650432,LAURELES,50,57,True
2889,S-449,9,449,CR 68 A  CL 47 D,6.25295079,-75.58650432,LAURELES,50,46,False
2890,S-449,10,449,CR 68 A  CL 47 D,6.25295079,-75.58650432,LAURELES,50,60,True
2891,S-450,1,450,CR 68 A  CL 48,6.25371183,-75.58598981,LAURELES,50,37,False
2892,S-450,2,450,CR 68 A  CL 48,6.25371183,-75.58598981,LAURELES,50,69,True
2893,S-450,3,450,CR 68 A  CL 48,6.25371183,-75.58598981,LAURELES,50,54,True
2894,S-450,4,450,CR 68 A  CL 48,6.25371183,-75.58598981,LAURELES,50,38,False
2895,S-450,5,450,CR 68 A  CL 48,6.25371183,-75.58598981,LAURELES,50,31,False
2896,S-450,6,450,CR 68 A  CL 48,6.25371183,-75.58598981,LAURELES,50,44,False
2897,S-450,7,450,CR 68 A  CL 48,6.25371183,-75.58598981,LAURELES,50,79,True
2898,S-450,8,450,CR 68 A  CL 48,6.25371183,-75.58598981,LAURELES,50,32,False
2899,S-450,9,450,CR 68 A  CL 48,6.25371183,-75.58598981,LAURELES,50,78,True
2900,S-450,10,450,CR 68 A  CL 48,6.25371183,-75.58598981,LAURELES,50,65,True
2901,S-476,1,476,CR 70  CL 9,6.21635479,-75.5932313,BELEN,50,33,False
2902,S-476,2,476,CR 70  CL 9,6.21635479,-75.5932313,BELEN,50,43,False
2903,S-476,3,476,CR 70  CL 9,6.21635479,-75.5932313,BELEN,50,70,True
2904,S-476,4,476,CR 70  CL 9,6.21635479,-75.5932313,BELEN,50,70,True
2905,S-476,5,476,CR 70  CL 9,6.21635479,-75.5932313,BELEN,50,54,True
2906,S-476,6,476,CR 70  CL 9,6.21635479,-75.5932313,BELEN,50,79,True
2907,S-476,7,476,CR 70  CL 9,6.21635479,-75.5932313,BELEN,50,39,False
2908,S-476,8,476,CR 70  CL 9,6.21635479,-75.5932313,BELEN,50,50,False
2909,S-476,9,476,CR 70  CL 9,6.21635479,-75.5932313,BELEN,50,65,True
2910,S-476,10,476,CR 70  CL 9,6.21635479,-75.5932313,BELEN,50,41,False
2911,S-456,1,456,CR 70  CL 14,6.22041813,-75.5924491,BELEN,50,56,True
2912,S-456,2,456,CR 70  CL 14,6.22041813,-75.5924491,BELEN,50,69,True
2913,S-456,3,456,CR 70  CL 14,6.22041813,-75.5924491,BELEN,50,31,False
2914,S-456,4,456,CR 70  CL 14,6.22041813,-75.5924491,BELEN,50,42,False
2915,S-456,5,456,CR 70  CL 14,6.22041813,-75.5924491,BELEN,50,61,True
2916,S-456,6,456,CR 70  CL 14,6.22041813,-75.5924491,BELEN,50,60,True
2917,S-456,7,456,CR 70  CL 14,6.22041813,-75.5924491,BELEN,50,45,False
2918,S-456,8,456,CR 70  CL 14,6.22041813,-75.5924491,BELEN,50,61,True
2919,S-456,9,456,CR 70  CL 14,6.22041813,-75.5924491,BELEN,50,61,True
2920,S-456,10,456,CR 70  CL 14,6.22041813,-75.5924491,BELEN,50,63,True
2921,S-457,1,457,CR 70  CL 16,6.2213483,-75.59225355,BELEN,50,40,False
2922,S-457,2,457,CR 70  CL 16,6.2213483,-75.59225355,BELEN,50,39,False
2923,S-457,3,457,CR 70  CL 16,6.2213483,-75.59225355,BELEN,50,44,False
2924,S-457,4,457,CR 70  CL 16,6.2213483,-75.59225355,BELEN,50,46,False
2925,S-457,5,457,CR 70  CL 16,6.2213483,-75.59225355,BELEN,50,69,True
2926,S-457,6,457,CR 70  CL 16,6.2213483,-75.59225355,BELEN,50,47,False
2927,S-457,7,457,CR 70  CL 16,6.2213483,-75.59225355,BELEN,50,38,False
2928,S-457,8,457,CR 70  CL 16,6.2213483,-75.59225355,BELEN,50,54,True
2929,S-457,9,457,CR 70  CL 16,6.2213483,-75.59225355,BELEN,50,69,True
2930,S-457,10,457,CR 70  CL 16,6.2213483,-75.59225355,BELEN,50,43,False
2931,S-458,1,458,CR 70  CL 19,6.22276419,-75.59200262,BELEN,50,54,True
2932,S-458,2,458,CR 70  CL 19,6.22276419,-75.59200262,BELEN,50,79,True
2933,S-458,3,458,CR 70  CL 19,6.22276419,-75.59200262,BELEN,50,51,True
2934,S-458,4,458,CR 70  CL 19,6.22276419,-75.59200262,BELEN,50,59,True
2935,S-458,5,458,CR 70  CL 19,6.22276419,-75.59200262,BELEN,50,49,False
2936,S-458,6,458,CR 70  CL 19,6.22276419,-75.59200262,BELEN,50,50,False
2937,S-458,7,458,CR 70  CL 19,6.22276419,-75.59200262,BELEN,50,73,True
2938,S-458,8,458,CR 70  CL 19,6.22276419,-75.59200262,BELEN,50,61,True
2939,S-458,9,458,CR 70  CL 19,6.22276419,-75.59200262,BELEN,50,80,True
2940,S-458,10,458,CR 70  CL 19,6.22276419,-75.59200262,BELEN,50,75,True
2941,S-459,1,459,CR 70  CL 24,6.22441237,-75.59169299,BELEN,50,78,True
2942,S-459,2,459,CR 70  CL 24,6.22441237,-75.59169299,BELEN,50,50,False
2943,S-459,3,459,CR 70  CL 24,6.22441237,-75.59169299,BELEN,50,64,True
2944,S-459,4,459,CR 70  CL 24,6.22441237,-75.59169299,BELEN,50,61,True
2945,S-459,5,459,CR 70  CL 24,6.22441237,-75.59169299,BELEN,50,59,True
2946,S-459,6,459,CR 70  CL 24,6.22441237,-75.59169299,BELEN,50,68,True
2947,S-459,7,459,CR 70  CL 24,6.22441237,-75.59169299,BELEN,50,78,True
2948,S-459,8,459,CR 70  CL 24,6.22441237,-75.59169299,BELEN,50,41,False
2949,S-459,9,459,CR 70  CL 24,6.22441237,-75.59169299,BELEN,50,70,True
2950,S-459,10,459,CR 70  CL 24,6.22441237,-75.59169299,BELEN,50,76,True
2951,S-461,1,461,CR 70  CL 27,6.22925871,-75.59138381,BELEN,50,47,False
2952,S-461,2,461,CR 70  CL 27,6.22925871,-75.59138381,BELEN,50,50,False
2953,S-461,3,461,CR 70  CL 27,6.22925871,-75.59138381,BELEN,50,42,False
2954,S-461,4,461,CR 70  CL 27,6.22925871,-75.59138381,BELEN,50,50,False
2955,S-461,5,461,CR 70  CL 27,6.22925871,-75.59138381,BELEN,50,37,False
2956,S-461,6,461,CR 70  CL 27,6.22925871,-75.59138381,BELEN,50,75,True
2957,S-461,7,461,CR 70  CL 27,6.22925871,-75.59138381,BELEN,50,69,True
2958,S-461,8,461,CR 70  CL 27,6.22925871,-75.59138381,BELEN,50,75,True
2959,S-461,9,461,CR 70  CL 27,6.22925871,-75.59138381,BELEN,50,36,False
2960,S-461,10,461,CR 70  CL 27,6.22925871,-75.59138381,BELEN,50,52,True
2961,S-462,1,462,CR 70  CL 29,6.23049613,-75.59143406,BELEN,50,73,True
2962,S-462,2,462,CR 70  CL 29,6.23049613,-75.59143406,BELEN,50,61,True
2963,S-462,3,462,CR 70  CL 29,6.23049613,-75.59143406,BELEN,50,40,False
2964,S-462,4,462,CR 70  CL 29,6.23049613,-75.59143406,BELEN,50,51,True
2965,S-462,5,462,CR 70  CL 29,6.23049613,-75.59143406,BELEN,50,51,True
2966,S-462,6,462,CR 70  CL 29,6.23049613,-75.59143406,BELEN,50,72,True
2967,S-462,7,462,CR 70  CL 29,6.23049613,-75.59143406,BELEN,50,54,True
2968,S-462,8,462,CR 70  CL 29,6.23049613,-75.59143406,BELEN,50,51,True
2969,S-462,9,462,CR 70  CL 29,6.23049613,-75.59143406,BELEN,50,57,True
2970,S-462,10,462,CR 70  CL 29,6.23049613,-75.59143406,BELEN,50,58,True
2971,S-463,1,463,CR 70  CL 30,6.23152455,-75.59147269,BELEN,50,42,False
2972,S-463,2,463,CR 70  CL 30,6.23152455,-75.59147269,BELEN,50,47,False
2973,S-463,3,463,CR 70  CL 30,6.23152455,-75.59147269,BELEN,50,31,False
2974,S-463,4,463,CR 70  CL 30,6.23152455,-75.59147269,BELEN,50,58,True
2975,S-463,5,463,CR 70  CL 30,6.23152455,-75.59147269,BELEN,50,50,False
2976,S-463,6,463,CR 70  CL 30,6.23152455,-75.59147269,BELEN,50,44,False
2977,S-463,7,463,CR 70  CL 30,6.23152455,-75.59147269,BELEN,50,56,True
2978,S-463,8,463,CR 70  CL 30,6.23152455,-75.59147269,BELEN,50,79,True
2979,S-463,9,463,CR 70  CL 30,6.23152455,-75.59147269,BELEN,50,60,True
2980,S-463,10,463,CR 70  CL 30,6.23152455,-75.59147269,BELEN,50,44,False
2981,S-464,1,464,CR 70  CL 30 A,6.23224256,-75.59152162,BELEN,50,80,True
2982,S-464,2,464,CR 70  CL 30 A,6.23224256,-75.59152162,BELEN,50,52,True
2983,S-464,3,464,CR 70  CL 30 A,6.23224256,-75.59152162,BELEN,50,53,True
2984,S-464,4,464,CR 70  CL 30 A,6.23224256,-75.59152162,BELEN,50,73,True
2985,S-464,5,464,CR 70  CL 30 A,6.23224256,-75.59152162,BELEN,50,42,False
2986,S-464,6,464,CR 70  CL 30 A,6.23224256,-75.59152162,BELEN,50,51,True
2987,S-464,7,464,CR 70  CL 30 A,6.23224256,-75.59152162,BELEN,50,72,True
2988,S-464,8,464,CR 70  CL 30 A,6.23224256,-75.59152162,BELEN,50,66,True
2989,S-464,9,464,CR 70  CL 30 A,6.23224256,-75.59152162,BELEN,50,62,True
2990,S-464,10,464,CR 70  CL 30 A,6.23224256,-75.59152162,BELEN,50,32,False
2991,S-465,1,465,CR 70  CL 32 ARosales,6.23514996,-75.59162827,BELEN,50,48,False
2992,S-465,2,465,CR 70  CL 32 ARosales,6.23514996,-75.59162827,BELEN,50,52,True
2993,S-465,3,465,CR 70  CL 32 ARosales,6.23514996,-75.59162827,BELEN,50,58,True
2994,S-465,4,465,CR 70  CL 32 ARosales,6.23514996,-75.59162827,BELEN,50,59,True
2995,S-465,5,465,CR 70  CL 32 ARosales,6.23514996,-75.59162827,BELEN,50,68,True
2996,S-465,6,465,CR 70  CL 32 ARosales,6.23514996,-75.59162827,BELEN,50,73,True
2997,S-465,7,465,CR 70  CL 32 ARosales,6.23514996,-75.59162827,BELEN,50,76,True
2998,S-465,8,465,CR 70  CL 32 ARosales,6.23514996,-75.59162827,BELEN,50,54,True
2999,S-465,9,465,CR 70  CL 32 ARosales,6.23514996,-75.59162827,BELEN,50,66,True
3000,S-465,10,465,CR 70  CL 32 ARosales,6.23514996,-75.59162827,BELEN,50,76,True
3001,S-466,1,466,CR 70  CL 43,6.24843595,-75.58889137,LAURELES,50,37,False
3002,S-466,2,466,CR 70  CL 43,6.24843595,-75.58889137,LAURELES,50,71,True
3003,S-466,3,466,CR 70  CL 43,6.24843595,-75.58889137,LAURELES,50,45,False
3004,S-466,4,466,CR 70  CL 43,6.24843595,-75.58889137,LAURELES,50,37,False
3005,S-466,5,466,CR 70  CL 43,6.24843595,-75.58889137,LAURELES,50,30,False
3006,S-466,6,466,CR 70  CL 43,6.24843595,-75.58889137,LAURELES,50,73,True
3007,S-466,7,466,CR 70  CL 43,6.24843595,-75.58889137,LAURELES,50,34,False
3008,S-466,8,466,CR 70  CL 43,6.24843595,-75.58889137,LAURELES,50,32,False
3009,S-466,9,466,CR 70  CL 43,6.24843595,-75.58889137,LAURELES,50,30,False
3010,S-466,10,466,CR 70  CL 43,6.24843595,-75.58889137,LAURELES,50,33,False
3011,S-467,1,467,CR 70  CL 44,6.24921924,-75.58876099,LAURELES,50,69,True
3012,S-467,2,467,CR 70  CL 44,6.24921924,-75.58876099,LAURELES,50,64,True
3013,S-467,3,467,CR 70  CL 44,6.24921924,-75.58876099,LAURELES,50,61,True
3014,S-467,4,467,CR 70  CL 44,6.24921924,-75.58876099,LAURELES,50,71,True
3015,S-467,5,467,CR 70  CL 44,6.24921924,-75.58876099,LAURELES,50,63,True
3016,S-467,6,467,CR 70  CL 44,6.24921924,-75.58876099,LAURELES,50,72,True
3017,S-467,7,467,CR 70  CL 44,6.24921924,-75.58876099,LAURELES,50,54,True
3018,S-467,8,467,CR 70  CL 44,6.24921924,-75.58876099,LAURELES,50,39,False
3019,S-467,9,467,CR 70  CL 44,6.24921924,-75.58876099,LAURELES,50,50,False
3020,S-467,10,467,CR 70  CL 44,6.24921924,-75.58876099,LAURELES,50,75,True
3021,S-468,1,468,CR 70  CL 44 A,6.24985566,-75.58871212,LAURELES,50,68,True
3022,S-468,2,468,CR 70  CL 44 A,6.24985566,-75.58871212,LAURELES,50,56,True
3023,S-468,3,468,CR 70  CL 44 A,6.24985566,-75.58871212,LAURELES,50,56,True
3024,S-468,4,468,CR 70  CL 44 A,6.24985566,-75.58871212,LAURELES,50,31,False
3025,S-468,5,468,CR 70  CL 44 A,6.24985566,-75.58871212,LAURELES,50,70,True
3026,S-468,6,468,CR 70  CL 44 A,6.24985566,-75.58871212,LAURELES,50,77,True
3027,S-468,7,468,CR 70  CL 44 A,6.24985566,-75.58871212,LAURELES,50,42,False
3028,S-468,8,468,CR 70  CL 44 A,6.24985566,-75.58871212,LAURELES,50,38,False
3029,S-468,9,468,CR 70  CL 44 A,6.24985566,-75.58871212,LAURELES,50,65,True
3030,S-468,10,468,CR 70  CL 44 A,6.24985566,-75.58871212,LAURELES,50,51,True
3031,S-469,1,469,CR 70  CL 47 D,6.25331522,-75.58783201,,50,71,True
3032,S-469,2,469,CR 70  CL 47 D,6.25331522,-75.58783201,,50,55,True
3033,S-469,3,469,CR 70  CL 47 D,6.25331522,-75.58783201,,50,41,False
3034,S-469,4,469,CR 70  CL 47 D,6.25331522,-75.58783201,,50,46,False
3035,S-469,5,469,CR 70  CL 47 D,6.25331522,-75.58783201,,50,43,False
3036,S-469,6,469,CR 70  CL 47 D,6.25331522,-75.58783201,,50,43,False
3037,S-469,7,469,CR 70  CL 47 D,6.25331522,-75.58783201,,50,63,True
3038,S-469,8,469,CR 70  CL 47 D,6.25331522,-75.58783201,,50,49,False
3039,S-469,9,469,CR 70  CL 47 D,6.25331522,-75.58783201,,50,40,False
3040,S-469,10,469,CR 70  CL 47 D,6.25331522,-75.58783201,,50,45,False
3041,S-470,1,470,CR 70  CL 48,6.25408218,-75.58796245,LAURELES,50,80,True
3042,S-470,2,470,CR 70  CL 48,6.25408218,-75.58796245,LAURELES,50,60,True
3043,S-470,3,470,CR 70  CL 48,6.25408218,-75.58796245,LAURELES,50,35,False
3044,S-470,4,470,CR 70  CL 48,6.25408218,-75.58796245,LAURELES,50,48,False
3045,S-470,5,470,CR 70  CL 48,6.25408218,-75.58796245,LAURELES,50,66,True
3046,S-470,6,470,CR 70  CL 48,6.25408218,-75.58796245,LAURELES,50,33,False
3047,S-470,7,470,CR 70  CL 48,6.25408218,-75.58796245,LAURELES,50,76,True
3048,S-470,8,470,CR 70  CL 48,6.25408218,-75.58796245,LAURELES,50,33,False
3049,S-470,9,470,CR 70  CL 48,6.25408218,-75.58796245,LAURELES,50,49,False
3050,S-470,10,470,CR 70  CL 48,6.25408218,-75.58796245,LAURELES,50,39,False
3051,S-472,1,472,CR 70  CL 50,6.2584559,-75.58614702,,50,53,True
3052,S-472,2,472,CR 70  CL 50,6.2584559,-75.58614702,,50,64,True
3053,S-472,3,472,CR 70  CL 50,6.2584559,-75.58614702,,50,55,True
3054,S-472,4,472,CR 70  CL 50,6.2584559,-75.58614702,,50,66,True
3055,S-472,5,472,CR 70  CL 50,6.2584559,-75.58614702,,50,67,True
3056,S-472,6,472,CR 70  CL 50,6.2584559,-75.58614702,,50,50,False
3057,S-472,7,472,CR 70  CL 50,6.2584559,-75.58614702,,50,69,True
3058,S-472,8,472,CR 70  CL 50,6.2584559,-75.58614702,,50,68,True
3059,S-472,9,472,CR 70  CL 50,6.2584559,-75.58614702,,50,50,False
3060,S-472,10,472,CR 70  CL 50,6.2584559,-75.58614702,,50,39,False
3061,S-473,1,473,CR 70  CL 51,6.25901652,-75.58588477,LAURELES,50,67,True
3062,S-473,2,473,CR 70  CL 51,6.25901652,-75.58588477,LAURELES,50,75,True
3063,S-473,3,473,CR 70  CL 51,6.25901652,-75.58588477,LAURELES,50,33,False
3064,S-473,4,473,CR 70  CL 51,6.25901652,-75.58588477,LAURELES,50,74,True
3065,S-473,5,473,CR 70  CL 51,6.25901652,-75.58588477,LAURELES,50,49,False
3066,S-473,6,473,CR 70  CL 51,6.25901652,-75.58588477,LAURELES,50,46,False
3067,S-473,7,473,CR 70  CL 51,6.25901652,-75.58588477,LAURELES,50,36,False
3068,S-473,8,473,CR 70  CL 51,6.25901652,-75.58588477,LAURELES,50,33,False
3069,S-473,9,473,CR 70  CL 51,6.25901652,-75.58588477,LAURELES,50,58,True
3070,S-473,10,473,CR 70  CL 51,6.25901652,-75.58588477,LAURELES,50,43,False
3071,S-474,1,474,CR 70  CL 53,6.26040115,-75.58510033,LAURELES,50,32,False
3072,S-474,2,474,CR 70  CL 53,6.26040115,-75.58510033,LAURELES,50,53,True
3073,S-474,3,474,CR 70  CL 53,6.26040115,-75.58510033,LAURELES,50,66,True
3074,S-474,4,474,CR 70  CL 53,6.26040115,-75.58510033,LAURELES,50,45,False
3075,S-474,5,474,CR 70  CL 53,6.26040115,-75.58510033,LAURELES,50,33,False
3076,S-474,6,474,CR 70  CL 53,6.26040115,-75.58510033,LAURELES,50,53,True
3077,S-474,7,474,CR 70  CL 53,6.26040115,-75.58510033,LAURELES,50,63,True
3078,S-474,8,474,CR 70  CL 53,6.26040115,-75.58510033,LAURELES,50,59,True
3079,S-474,9,474,CR 70  CL 53,6.26040115,-75.58510033,LAURELES,50,47,False
3080,S-474,10,474,CR 70  CL 53,6.26040115,-75.58510033,LAURELES,50,48,False
3081,S-475,1,475,CR 70  CL 55,6.26121812,-75.58466068,LAURELES,50,60,True
3082,S-475,2,475,CR 70  CL 55,6.26121812,-75.58466068,LAURELES,50,48,False
3083,S-475,3,475,CR 70  CL 55,6.26121812,-75.58466068,LAURELES,50,78,True
3084,S-475,4,475,CR 70  CL 55,6.26121812,-75.58466068,LAURELES,50,75,True
3085,S-475,5,475,CR 70  CL 55,6.26121812,-75.58466068,LAURELES,50,48,False
3086,S-475,6,475,CR 70  CL 55,6.26121812,-75.58466068,LAURELES,50,51,True
3087,S-475,7,475,CR 70  CL 55,6.26121812,-75.58466068,LAURELES,50,53,True
3088,S-475,8,475,CR 70  CL 55,6.26121812,-75.58466068,LAURELES,50,74,True
3089,S-475,9,475,CR 70  CL 55,6.26121812,-75.58466068,LAURELES,50,41,False
3090,S-475,10,475,CR 70  CL 55,6.26121812,-75.58466068,LAURELES,50,59,True
3091,S-477,1,477,CR 70  CQLAR 1,6.24451569,-75.58940931,,50,67,True
3092,S-477,2,477,CR 70  CQLAR 1,6.24451569,-75.58940931,,50,60,True
3093,S-477,3,477,CR 70  CQLAR 1,6.24451569,-75.58940931,,50,65,True
3094,S-477,4,477,CR 70  CQLAR 1,6.24451569,-75.58940931,,50,48,False
3095,S-477,5,477,CR 70  CQLAR 1,6.24451569,-75.58940931,,50,77,True
3096,S-477,6,477,CR 70  CQLAR 1,6.24451569,-75.58940931,,50,74,True
3097,S-477,7,477,CR 70  CQLAR 1,6.24451569,-75.58940931,,50,65,True
3098,S-477,8,477,CR 70  CQLAR 1,6.24451569,-75.58940931,,50,59,True
3099,S-477,9,477,CR 70  CQLAR 1,6.24451569,-75.58940931,,50,78,True
3100,S-477,10,477,CR 70  CQLAR 1,6.24451569,-75.58940931,,50,62,True
3101,S-479,1,479,CR 72  CL 33COOMEVA,6.23906627,-75.59347569,BELEN,50,47,False
3102,S-479,2,479,CR 72  CL 33COOMEVA,6.23906627,-75.59347569,BELEN,50,78,True
3103,S-479,3,479,CR 72  CL 33COOMEVA,6.23906627,-75.59347569,BELEN,50,57,True
3104,S-479,4,479,CR 72  CL 33COOMEVA,6.23906627,-75.59347569,BELEN,50,76,True
3105,S-479,5,479,CR 72  CL 33COOMEVA,6.23906627,-75.59347569,BELEN,50,40,False
3106,S-479,6,479,CR 72  CL 33COOMEVA,6.23906627,-75.59347569,BELEN,50,74,True
3107,S-479,7,479,CR 72  CL 33COOMEVA,6.23906627,-75.59347569,BELEN,50,62,True
3108,S-479,8,479,CR 72  CL 33COOMEVA,6.23906627,-75.59347569,BELEN,50,46,False
3109,S-479,9,479,CR 72  CL 33COOMEVA,6.23906627,-75.59347569,BELEN,50,35,False
3110,S-479,10,479,CR 72  CL 33COOMEVA,6.23906627,-75.59347569,BELEN,50,33,False
3111,S-478,1,478,CR 72 A  CL 78 B,6.27714963,-75.58138144,ROBLEDO,50,49,False
3112,S-478,2,478,CR 72 A  CL 78 B,6.27714963,-75.58138144,ROBLEDO,50,77,True
3113,S-478,3,478,CR 72 A  CL 78 B,6.27714963,-75.58138144,ROBLEDO,50,76,True
3114,S-478,4,478,CR 72 A  CL 78 B,6.27714963,-75.58138144,ROBLEDO,50,56,True
3115,S-478,5,478,CR 72 A  CL 78 B,6.27714963,-75.58138144,ROBLEDO,50,44,False
3116,S-478,6,478,CR 72 A  CL 78 B,6.27714963,-75.58138144,ROBLEDO,50,35,False
3117,S-478,7,478,CR 72 A  CL 78 B,6.27714963,-75.58138144,ROBLEDO,50,76,True
3118,S-478,8,478,CR 72 A  CL 78 B,6.27714963,-75.58138144,ROBLEDO,50,43,False
3119,S-478,9,478,CR 72 A  CL 78 B,6.27714963,-75.58138144,ROBLEDO,50,40,False
3120,S-478,10,478,CR 72 A  CL 78 B,6.27714963,-75.58138144,ROBLEDO,50,68,True
3121,S-480,1,480,CR 73  CL 43,6.24882744,-75.59238778,LAURELES,50,38,False
3122,S-480,2,480,CR 73  CL 43,6.24882744,-75.59238778,LAURELES,50,55,True
3123,S-480,3,480,CR 73  CL 43,6.24882744,-75.59238778,LAURELES,50,45,False
3124,S-480,4,480,CR 73  CL 43,6.24882744,-75.59238778,LAURELES,50,34,False
3125,S-480,5,480,CR 73  CL 43,6.24882744,-75.59238778,LAURELES,50,39,False
3126,S-480,6,480,CR 73  CL 43,6.24882744,-75.59238778,LAURELES,50,79,True
3127,S-480,7,480,CR 73  CL 43,6.24882744,-75.59238778,LAURELES,50,32,False
3128,S-480,8,480,CR 73  CL 43,6.24882744,-75.59238778,LAURELES,50,42,False
3129,S-480,9,480,CR 73  CL 43,6.24882744,-75.59238778,LAURELES,50,72,True
3130,S-480,10,480,CR 73  CL 43,6.24882744,-75.59238778,LAURELES,50,78,True
3131,S-481,1,481,CR 73  CL 44,6.24962705,-75.59227371,LAURELES,50,59,True
3132,S-481,2,481,CR 73  CL 44,6.24962705,-75.59227371,LAURELES,50,74,True
3133,S-481,3,481,CR 73  CL 44,6.24962705,-75.59227371,LAURELES,50,35,False
3134,S-481,4,481,CR 73  CL 44,6.24962705,-75.59227371,LAURELES,50,46,False
3135,S-481,5,481,CR 73  CL 44,6.24962705,-75.59227371,LAURELES,50,74,True
3136,S-481,6,481,CR 73  CL 44,6.24962705,-75.59227371,LAURELES,50,80,True
3137,S-481,7,481,CR 73  CL 44,6.24962705,-75.59227371,LAURELES,50,48,False
3138,S-481,8,481,CR 73  CL 44,6.24962705,-75.59227371,LAURELES,50,71,True
3139,S-481,9,481,CR 73  CL 44,6.24962705,-75.59227371,LAURELES,50,64,True
3140,S-481,10,481,CR 73  CL 44,6.24962705,-75.59227371,LAURELES,50,75,True
3141,S-482,1,482,CR 73  CL 47 D,6.25393516,-75.59177681,,50,55,True
3142,S-482,2,482,CR 73  CL 47 D,6.25393516,-75.59177681,,50,80,True
3143,S-482,3,482,CR 73  CL 47 D,6.25393516,-75.59177681,,50,34,False
3144,S-482,4,482,CR 73  CL 47 D,6.25393516,-75.59177681,,50,58,True
3145,S-482,5,482,CR 73  CL 47 D,6.25393516,-75.59177681,,50,66,True
3146,S-482,6,482,CR 73  CL 47 D,6.25393516,-75.59177681,,50,49,False
3147,S-482,7,482,CR 73  CL 47 D,6.25393516,-75.59177681,,50,78,True
3148,S-482,8,482,CR 73  CL 47 D,6.25393516,-75.59177681,,50,50,False
3149,S-482,9,482,CR 73  CL 47 D,6.25393516,-75.59177681,,50,39,False
3150,S-482,10,482,CR 73  CL 47 D,6.25393516,-75.59177681,,50,34,False
3151,S-483,1,483,CR 73  CQLAR 4,6.24558006,-75.59233873,LAURELES,50,65,True
3152,S-483,2,483,CR 73  CQLAR 4,6.24558006,-75.59233873,LAURELES,50,35,False
3153,S-483,3,483,CR 73  CQLAR 4,6.24558006,-75.59233873,LAURELES,50,55,True
3154,S-483,4,483,CR 73  CQLAR 4,6.24558006,-75.59233873,LAURELES,50,33,False
3155,S-483,5,483,CR 73  CQLAR 4,6.24558006,-75.59233873,LAURELES,50,68,True
3156,S-483,6,483,CR 73  CQLAR 4,6.24558006,-75.59233873,LAURELES,50,68,True
3157,S-483,7,483,CR 73  CQLAR 4,6.24558006,-75.59233873,LAURELES,50,79,True
3158,S-483,8,483,CR 73  CQLAR 4,6.24558006,-75.59233873,LAURELES,50,64,True
3159,S-483,9,483,CR 73  CQLAR 4,6.24558006,-75.59233873,LAURELES,50,30,False
3160,S-483,10,483,CR 73  CQLAR 4,6.24558006,-75.59233873,LAURELES,50,53,True
3161,S-484,1,484,CR 74  CL 33COOMEVA,6.23904347,-75.59424467,LAURELES,50,65,True
3162,S-484,2,484,CR 74  CL 33COOMEVA,6.23904347,-75.59424467,LAURELES,50,35,False
3163,S-484,3,484,CR 74  CL 33COOMEVA,6.23904347,-75.59424467,LAURELES,50,70,True
3164,S-484,4,484,CR 74  CL 33COOMEVA,6.23904347,-75.59424467,LAURELES,50,75,True
3165,S-484,5,484,CR 74  CL 33COOMEVA,6.23904347,-75.59424467,LAURELES,50,73,True
3166,S-484,6,484,CR 74  CL 33COOMEVA,6.23904347,-75.59424467,LAURELES,50,60,True
3167,S-484,7,484,CR 74  CL 33COOMEVA,6.23904347,-75.59424467,LAURELES,50,49,False
3168,S-484,8,484,CR 74  CL 33COOMEVA,6.23904347,-75.59424467,LAURELES,50,53,True
3169,S-484,9,484,CR 74  CL 33COOMEVA,6.23904347,-75.59424467,LAURELES,50,54,True
3170,S-484,10,484,CR 74  CL 33COOMEVA,6.23904347,-75.59424467,LAURELES,50,65,True
3171,S-485,1,485,CR 74  CL 44,6.24975611,-75.59349835,LAURELES,50,50,False
3172,S-485,2,485,CR 74  CL 44,6.24975611,-75.59349835,LAURELES,50,59,True
3173,S-485,3,485,CR 74  CL 44,6.24975611,-75.59349835,LAURELES,50,53,True
3174,S-485,4,485,CR 74  CL 44,6.24975611,-75.59349835,LAURELES,50,73,True
3175,S-485,5,485,CR 74  CL 44,6.24975611,-75.59349835,LAURELES,50,71,True
3176,S-485,6,485,CR 74  CL 44,6.24975611,-75.59349835,LAURELES,50,59,True
3177,S-485,7,485,CR 74  CL 44,6.24975611,-75.59349835,LAURELES,50,51,True
3178,S-485,8,485,CR 74  CL 44,6.24975611,-75.59349835,LAURELES,50,57,True
3179,S-485,9,485,CR 74  CL 44,6.24975611,-75.59349835,LAURELES,50,36,False
3180,S-485,10,485,CR 74  CL 44,6.24975611,-75.59349835,LAURELES,50,64,True
3181,S-486,1,486,CR 74  CL 50,6.2603667,-75.59013679,LAURELES,50,57,True
3182,S-486,2,486,CR 74  CL 50,6.2603667,-75.59013679,LAURELES,50,43,False
3183,S-486,3,486,CR 74  CL 50,6.2603667,-75.59013679,LAURELES,50,39,False
3184,S-486,4,486,CR 74  CL 50,6.2603667,-75.59013679,LAURELES,50,45,False
3185,S-486,5,486,CR 74  CL 50,6.2603667,-75.59013679,LAURELES,50,45,False
3186,S-486,6,486,CR 74  CL 50,6.2603667,-75.59013679,LAURELES,50,60,True
3187,S-486,7,486,CR 74  CL 50,6.2603667,-75.59013679,LAURELES,50,71,True
3188,S-486,8,486,CR 74  CL 50,6.2603667,-75.59013679,LAURELES,50,54,True
3189,S-486,9,486,CR 74  CL 50,6.2603667,-75.59013679,LAURELES,50,42,False
3190,S-486,10,486,CR 74  CL 50,6.2603667,-75.59013679,LAURELES,50,35,False
3191,S-487,1,487,CR 74  CL 55,6.26473111,-75.58758413,LAURELES,50,73,True
3192,S-487,2,487,CR 74  CL 55,6.26473111,-75.58758413,LAURELES,50,38,False
3193,S-487,3,487,CR 74  CL 55,6.26473111,-75.58758413,LAURELES,50,74,True
3194,S-487,4,487,CR 74  CL 55,6.26473111,-75.58758413,LAURELES,50,65,True
3195,S-487,5,487,CR 74  CL 55,6.26473111,-75.58758413,LAURELES,50,72,True
3196,S-487,6,487,CR 74  CL 55,6.26473111,-75.58758413,LAURELES,50,49,False
3197,S-487,7,487,CR 74  CL 55,6.26473111,-75.58758413,LAURELES,50,47,False
3198,S-487,8,487,CR 74  CL 55,6.26473111,-75.58758413,LAURELES,50,72,True
3199,S-487,9,487,CR 74  CL 55,6.26473111,-75.58758413,LAURELES,50,50,False
3200,S-487,10,487,CR 74  CL 55,6.26473111,-75.58758413,LAURELES,50,33,False
3201,S-488,1,488,CR 74  CL 60,6.26556337,-75.58717664,ROBLEDO,50,79,True
3202,S-488,2,488,CR 74  CL 60,6.26556337,-75.58717664,ROBLEDO,50,62,True
3203,S-488,3,488,CR 74  CL 60,6.26556337,-75.58717664,ROBLEDO,50,56,True
3204,S-488,4,488,CR 74  CL 60,6.26556337,-75.58717664,ROBLEDO,50,36,False
3205,S-488,5,488,CR 74  CL 60,6.26556337,-75.58717664,ROBLEDO,50,35,False
3206,S-488,6,488,CR 74  CL 60,6.26556337,-75.58717664,ROBLEDO,50,44,False
3207,S-488,7,488,CR 74  CL 60,6.26556337,-75.58717664,ROBLEDO,50,47,False
3208,S-488,8,488,CR 74  CL 60,6.26556337,-75.58717664,ROBLEDO,50,61,True
3209,S-488,9,488,CR 74  CL 60,6.26556337,-75.58717664,ROBLEDO,50,40,False
3210,S-488,10,488,CR 74  CL 60,6.26556337,-75.58717664,ROBLEDO,50,49,False
3211,S-492,1,492,CR 76  CL 11,6.22023687,-75.59862827,BELEN,50,53,True
3212,S-492,2,492,CR 76  CL 11,6.22023687,-75.59862827,BELEN,50,44,False
3213,S-492,3,492,CR 76  CL 11,6.22023687,-75.59862827,BELEN,50,77,True
3214,S-492,4,492,CR 76  CL 11,6.22023687,-75.59862827,BELEN,50,36,False
3215,S-492,5,492,CR 76  CL 11,6.22023687,-75.59862827,BELEN,50,50,False
3216,S-492,6,492,CR 76  CL 11,6.22023687,-75.59862827,BELEN,50,71,True
3217,S-492,7,492,CR 76  CL 11,6.22023687,-75.59862827,BELEN,50,55,True
3218,S-492,8,492,CR 76  CL 11,6.22023687,-75.59862827,BELEN,50,73,True
3219,S-492,9,492,CR 76  CL 11,6.22023687,-75.59862827,BELEN,50,43,False
3220,S-492,10,492,CR 76  CL 11,6.22023687,-75.59862827,BELEN,50,66,True
3221,S-493,1,493,CR 76  CL 13,6.2212536,-75.59839858,BELEN,50,50,False
3222,S-493,2,493,CR 76  CL 13,6.2212536,-75.59839858,BELEN,50,47,False
3223,S-493,3,493,CR 76  CL 13,6.2212536,-75.59839858,BELEN,50,34,False
3224,S-493,4,493,CR 76  CL 13,6.2212536,-75.59839858,BELEN,50,32,False
3225,S-493,5,493,CR 76  CL 13,6.2212536,-75.59839858,BELEN,50,52,True
3226,S-493,6,493,CR 76  CL 13,6.2212536,-75.59839858,BELEN,50,55,True
3227,S-493,7,493,CR 76  CL 13,6.2212536,-75.59839858,BELEN,50,66,True
3228,S-493,8,493,CR 76  CL 13,6.2212536,-75.59839858,BELEN,50,53,True
3229,S-493,9,493,CR 76  CL 13,6.2212536,-75.59839858,BELEN,50,78,True
3230,S-493,10,493,CR 76  CL 13,6.2212536,-75.59839858,BELEN,50,48,False
3231,S-494,1,494,CR 76  CL 16,6.22242872,-75.59786841,BELEN,50,80,True
3232,S-494,2,494,CR 76  CL 16,6.22242872,-75.59786841,BELEN,50,54,True
3233,S-494,3,494,CR 76  CL 16,6.22242872,-75.59786841,BELEN,50,50,False
3234,S-494,4,494,CR 76  CL 16,6.22242872,-75.59786841,BELEN,50,41,False
3235,S-494,5,494,CR 76  CL 16,6.22242872,-75.59786841,BELEN,50,70,True
3236,S-494,6,494,CR 76  CL 16,6.22242872,-75.59786841,BELEN,50,62,True
3237,S-494,7,494,CR 76  CL 16,6.22242872,-75.59786841,BELEN,50,79,True
3238,S-494,8,494,CR 76  CL 16,6.22242872,-75.59786841,BELEN,50,33,False
3239,S-494,9,494,CR 76  CL 16,6.22242872,-75.59786841,BELEN,50,71,True
3240,S-494,10,494,CR 76  CL 16,6.22242872,-75.59786841,BELEN,50,36,False
3241,S-495,1,495,CR 76  CL 20 A,6.22482489,-75.59723022,BELEN,50,51,True
3242,S-495,2,495,CR 76  CL 20 A,6.22482489,-75.59723022,BELEN,50,62,True
3243,S-495,3,495,CR 76  CL 20 A,6.22482489,-75.59723022,BELEN,50,46,False
3244,S-495,4,495,CR 76  CL 20 A,6.22482489,-75.59723022,BELEN,50,53,True
3245,S-495,5,495,CR 76  CL 20 A,6.22482489,-75.59723022,BELEN,50,63,True
3246,S-495,6,495,CR 76  CL 20 A,6.22482489,-75.59723022,BELEN,50,57,True
3247,S-495,7,495,CR 76  CL 20 A,6.22482489,-75.59723022,BELEN,50,72,True
3248,S-495,8,495,CR 76  CL 20 A,6.22482489,-75.59723022,BELEN,50,70,True
3249,S-495,9,495,CR 76  CL 20 A,6.22482489,-75.59723022,BELEN,50,68,True
3250,S-495,10,495,CR 76  CL 20 A,6.22482489,-75.59723022,BELEN,50,51,True
3251,S-496,1,496,CR 76  CL 25,6.2272433,-75.59662475,BELEN,50,78,True
3252,S-496,2,496,CR 76  CL 25,6.2272433,-75.59662475,BELEN,50,46,False
3253,S-496,3,496,CR 76  CL 25,6.2272433,-75.59662475,BELEN,50,63,True
3254,S-496,4,496,CR 76  CL 25,6.2272433,-75.59662475,BELEN,50,35,False
3255,S-496,5,496,CR 76  CL 25,6.2272433,-75.59662475,BELEN,50,75,True
3256,S-496,6,496,CR 76  CL 25,6.2272433,-75.59662475,BELEN,50,35,False
3257,S-496,7,496,CR 76  CL 25,6.2272433,-75.59662475,BELEN,50,63,True
3258,S-496,8,496,CR 76  CL 25,6.2272433,-75.59662475,BELEN,50,30,False
3259,S-496,9,496,CR 76  CL 25,6.2272433,-75.59662475,BELEN,50,39,False
3260,S-496,10,496,CR 76  CL 25,6.2272433,-75.59662475,BELEN,50,50,False
3261,S-497,1,497,CR 76  CL 27,6.22896923,-75.59619861,BELEN,50,34,False
3262,S-497,2,497,CR 76  CL 27,6.22896923,-75.59619861,BELEN,50,31,False
3263,S-497,3,497,CR 76  CL 27,6.22896923,-75.59619861,BELEN,50,51,True
3264,S-497,4,497,CR 76  CL 27,6.22896923,-75.59619861,BELEN,50,77,True
3265,S-497,5,497,CR 76  CL 27,6.22896923,-75.59619861,BELEN,50,31,False
3266,S-497,6,497,CR 76  CL 27,6.22896923,-75.59619861,BELEN,50,39,False
3267,S-497,7,497,CR 76  CL 27,6.22896923,-75.59619861,BELEN,50,63,True
3268,S-497,8,497,CR 76  CL 27,6.22896923,-75.59619861,BELEN,50,45,False
3269,S-497,9,497,CR 76  CL 27,6.22896923,-75.59619861,BELEN,50,77,True
3270,S-497,10,497,CR 76  CL 27,6.22896923,-75.59619861,BELEN,50,80,True
3271,S-500,1,500,CR 76  CL 30,6.23134481,-75.59619968,BELEN,50,68,True
3272,S-500,2,500,CR 76  CL 30,6.23134481,-75.59619968,BELEN,50,51,True
3273,S-500,3,500,CR 76  CL 30,6.23134481,-75.59619968,BELEN,50,41,False
3274,S-500,4,500,CR 76  CL 30,6.23134481,-75.59619968,BELEN,50,53,True
3275,S-500,5,500,CR 76  CL 30,6.23134481,-75.59619968,BELEN,50,76,True
3276,S-500,6,500,CR 76  CL 30,6.23134481,-75.59619968,BELEN,50,69,True
3277,S-500,7,500,CR 76  CL 30,6.23134481,-75.59619968,BELEN,50,67,True
3278,S-500,8,500,CR 76  CL 30,6.23134481,-75.59619968,BELEN,50,39,False
3279,S-500,9,500,CR 76  CL 30,6.23134481,-75.59619968,BELEN,50,64,True
3280,S-500,10,500,CR 76  CL 30,6.23134481,-75.59619968,BELEN,50,80,True
3281,S-501,1,501,CR 76  CL 30 A,6.2321281,-75.59629753,BELEN,50,78,True
3282,S-501,2,501,CR 76  CL 30 A,6.2321281,-75.59629753,BELEN,50,61,True
3283,S-501,3,501,CR 76  CL 30 A,6.2321281,-75.59629753,BELEN,50,36,False
3284,S-501,4,501,CR 76  CL 30 A,6.2321281,-75.59629753,BELEN,50,50,False
3285,S-501,5,501,CR 76  CL 30 A,6.2321281,-75.59629753,BELEN,50,49,False
3286,S-501,6,501,CR 76  CL 30 A,6.2321281,-75.59629753,BELEN,50,55,True
3287,S-501,7,501,CR 76  CL 30 A,6.2321281,-75.59629753,BELEN,50,33,False
3288,S-501,8,501,CR 76  CL 30 A,6.2321281,-75.59629753,BELEN,50,75,True
3289,S-501,9,501,CR 76  CL 30 A,6.2321281,-75.59629753,BELEN,50,51,True
3290,S-501,10,501,CR 76  CL 30 A,6.2321281,-75.59629753,BELEN,50,44,False
3291,S-502,1,502,CR 76  CL 31,6.23284611,-75.59628126,BELEN,50,69,True
3292,S-502,2,502,CR 76  CL 31,6.23284611,-75.59628126,BELEN,50,50,False
3293,S-502,3,502,CR 76  CL 31,6.23284611,-75.59628126,BELEN,50,44,False
3294,S-502,4,502,CR 76  CL 31,6.23284611,-75.59628126,BELEN,50,51,True
3295,S-502,5,502,CR 76  CL 31,6.23284611,-75.59628126,BELEN,50,57,True
3296,S-502,6,502,CR 76  CL 31,6.23284611,-75.59628126,BELEN,50,43,False
3297,S-502,7,502,CR 76  CL 31,6.23284611,-75.59628126,BELEN,50,56,True
3298,S-502,8,502,CR 76  CL 31,6.23284611,-75.59628126,BELEN,50,70,True
3299,S-502,9,502,CR 76  CL 31,6.23284611,-75.59628126,BELEN,50,69,True
3300,S-502,10,502,CR 76  CL 31,6.23284611,-75.59628126,BELEN,50,57,True
3301,S-505,1,505,CR 76  CL 32 F,6.23836307,-75.59664173,BELEN,50,55,True
3302,S-505,2,505,CR 76  CL 32 F,6.23836307,-75.59664173,BELEN,50,78,True
3303,S-505,3,505,CR 76  CL 32 F,6.23836307,-75.59664173,BELEN,50,31,False
3304,S-505,4,505,CR 76  CL 32 F,6.23836307,-75.59664173,BELEN,50,54,True
3305,S-505,5,505,CR 76  CL 32 F,6.23836307,-75.59664173,BELEN,50,32,False
3306,S-505,6,505,CR 76  CL 32 F,6.23836307,-75.59664173,BELEN,50,37,False
3307,S-505,7,505,CR 76  CL 32 F,6.23836307,-75.59664173,BELEN,50,73,True
3308,S-505,8,505,CR 76  CL 32 F,6.23836307,-75.59664173,BELEN,50,62,True
3309,S-505,9,505,CR 76  CL 32 F,6.23836307,-75.59664173,BELEN,50,71,True
3310,S-505,10,505,CR 76  CL 32 F,6.23836307,-75.59664173,BELEN,50,64,True
3311,S-506,1,506,CR 76  CL 33,6.23894053,-75.59670187,BELEN,50,35,False
3312,S-506,2,506,CR 76  CL 33,6.23894053,-75.59670187,BELEN,50,68,True
3313,S-506,3,506,CR 76  CL 33,6.23894053,-75.59670187,BELEN,50,52,True
3314,S-506,4,506,CR 76  CL 33,6.23894053,-75.59670187,BELEN,50,54,True
3315,S-506,5,506,CR 76  CL 33,6.23894053,-75.59670187,BELEN,50,79,True
3316,S-506,6,506,CR 76  CL 33,6.23894053,-75.59670187,BELEN,50,72,True
3317,S-506,7,506,CR 76  CL 33,6.23894053,-75.59670187,BELEN,50,48,False
3318,S-506,8,506,CR 76  CL 33,6.23894053,-75.59670187,BELEN,50,34,False
3319,S-506,9,506,CR 76  CL 33,6.23894053,-75.59670187,BELEN,50,80,True
3320,S-506,10,506,CR 76  CL 33,6.23894053,-75.59670187,BELEN,50,40,False
3321,S-507,1,507,CR 76  CL 33 A,6.2395552,-75.59676726,LAURELES,50,41,False
3322,S-507,2,507,CR 76  CL 33 A,6.2395552,-75.59676726,LAURELES,50,39,False
3323,S-507,3,507,CR 76  CL 33 A,6.2395552,-75.59676726,LAURELES,50,37,False
3324,S-507,4,507,CR 76  CL 33 A,6.2395552,-75.59676726,LAURELES,50,53,True
3325,S-507,5,507,CR 76  CL 33 A,6.2395552,-75.59676726,LAURELES,50,57,True
3326,S-507,6,507,CR 76  CL 33 A,6.2395552,-75.59676726,LAURELES,50,70,True
3327,S-507,7,507,CR 76  CL 33 A,6.2395552,-75.59676726,LAURELES,50,65,True
3328,S-507,8,507,CR 76  CL 33 A,6.2395552,-75.59676726,LAURELES,50,66,True
3329,S-507,9,507,CR 76  CL 33 A,6.2395552,-75.59676726,LAURELES,50,50,False
3330,S-507,10,507,CR 76  CL 33 A,6.2395552,-75.59676726,LAURELES,50,37,False
3331,S-508,1,508,CR 76  CL 34,6.24071924,-75.59684867,LAURELES,50,38,False
3332,S-508,2,508,CR 76  CL 34,6.24071924,-75.59684867,LAURELES,50,76,True
3333,S-508,3,508,CR 76  CL 34,6.24071924,-75.59684867,LAURELES,50,44,False
3334,S-508,4,508,CR 76  CL 34,6.24071924,-75.59684867,LAURELES,50,77,True
3335,S-508,5,508,CR 76  CL 34,6.24071924,-75.59684867,LAURELES,50,75,True
3336,S-508,6,508,CR 76  CL 34,6.24071924,-75.59684867,LAURELES,50,69,True
3337,S-508,7,508,CR 76  CL 34,6.24071924,-75.59684867,LAURELES,50,47,False
3338,S-508,8,508,CR 76  CL 34,6.24071924,-75.59684867,LAURELES,50,71,True
3339,S-508,9,508,CR 76  CL 34,6.24071924,-75.59684867,LAURELES,50,49,False
3340,S-508,10,508,CR 76  CL 34,6.24071924,-75.59684867,LAURELES,50,35,False
3341,S-509,1,509,CR 76  CL 35,6.24248164,-75.59693027,LAURELES,50,41,False
3342,S-509,2,509,CR 76  CL 35,6.24248164,-75.59693027,LAURELES,50,31,False
3343,S-509,3,509,CR 76  CL 35,6.24248164,-75.59693027,LAURELES,50,36,False
3344,S-509,4,509,CR 76  CL 35,6.24248164,-75.59693027,LAURELES,50,45,False
3345,S-509,5,509,CR 76  CL 35,6.24248164,-75.59693027,LAURELES,50,32,False
3346,S-509,6,509,CR 76  CL 35,6.24248164,-75.59693027,LAURELES,50,74,True
3347,S-509,7,509,CR 76  CL 35,6.24248164,-75.59693027,LAURELES,50,32,False
3348,S-509,8,509,CR 76  CL 35,6.24248164,-75.59693027,LAURELES,50,56,True
3349,S-509,9,509,CR 76  CL 35,6.24248164,-75.59693027,LAURELES,50,79,True
3350,S-509,10,509,CR 76  CL 35,6.24248164,-75.59693027,LAURELES,50,72,True
3351,S-504,1,504,CR 76  CL 32 BBPicacha Norte,6.23563776,-75.59642009,BELEN,50,69,True
3352,S-504,2,504,CR 76  CL 32 BBPicacha Norte,6.23563776,-75.59642009,BELEN,50,67,True
3353,S-504,3,504,CR 76  CL 32 BBPicacha Norte,6.23563776,-75.59642009,BELEN,50,62,True
3354,S-504,4,504,CR 76  CL 32 BBPicacha Norte,6.23563776,-75.59642009,BELEN,50,57,True
3355,S-504,5,504,CR 76  CL 32 BBPicacha Norte,6.23563776,-75.59642009,BELEN,50,30,False
3356,S-504,6,504,CR 76  CL 32 BBPicacha Norte,6.23563776,-75.59642009,BELEN,50,37,False
3357,S-504,7,504,CR 76  CL 32 BBPicacha Norte,6.23563776,-75.59642009,BELEN,50,66,True
3358,S-504,8,504,CR 76  CL 32 BBPicacha Norte,6.23563776,-75.59642009,BELEN,50,61,True
3359,S-504,9,504,CR 76  CL 32 BBPicacha Norte,6.23563776,-75.59642009,BELEN,50,77,True
3360,S-504,10,504,CR 76  CL 32 BBPicacha Norte,6.23563776,-75.59642009,BELEN,50,72,True
3361,S-503,1,503,CR 76  CL 32 BPicacha Sur,6.23508293,-75.59640376,BELEN,50,66,True
3362,S-503,2,503,CR 76  CL 32 BPicacha Sur,6.23508293,-75.59640376,BELEN,50,33,False
3363,S-503,3,503,CR 76  CL 32 BPicacha Sur,6.23508293,-75.59640376,BELEN,50,59,True
3364,S-503,4,503,CR 76  CL 32 BPicacha Sur,6.23508293,-75.59640376,BELEN,50,35,False
3365,S-503,5,503,CR 76  CL 32 BPicacha Sur,6.23508293,-75.59640376,BELEN,50,75,True
3366,S-503,6,503,CR 76  CL 32 BPicacha Sur,6.23508293,-75.59640376,BELEN,50,48,False
3367,S-503,7,503,CR 76  CL 32 BPicacha Sur,6.23508293,-75.59640376,BELEN,50,61,True
3368,S-503,8,503,CR 76  CL 32 BPicacha Sur,6.23508293,-75.59640376,BELEN,50,38,False
3369,S-503,9,503,CR 76  CL 32 BPicacha Sur,6.23508293,-75.59640376,BELEN,50,41,False
3370,S-503,10,503,CR 76  CL 32 BPicacha Sur,6.23508293,-75.59640376,BELEN,50,40,False
3371,S-510,1,510,CR 77  CL 30,6.23132845,-75.59707988,BELEN,50,75,True
3372,S-510,2,510,CR 77  CL 30,6.23132845,-75.59707988,BELEN,50,45,False
3373,S-510,3,510,CR 77  CL 30,6.23132845,-75.59707988,BELEN,50,30,False
3374,S-510,4,510,CR 77  CL 30,6.23132845,-75.59707988,BELEN,50,74,True
3375,S-510,5,510,CR 77  CL 30,6.23132845,-75.59707988,BELEN,50,50,False
3376,S-510,6,510,CR 77  CL 30,6.23132845,-75.59707988,BELEN,50,59,True
3377,S-510,7,510,CR 77  CL 30,6.23132845,-75.59707988,BELEN,50,42,False
3378,S-510,8,510,CR 77  CL 30,6.23132845,-75.59707988,BELEN,50,63,True
3379,S-510,9,510,CR 77  CL 30,6.23132845,-75.59707988,BELEN,50,33,False
3380,S-510,10,510,CR 77  CL 30,6.23132845,-75.59707988,BELEN,50,57,True
3381,S-511,1,511,CR 77  CL 30 A,6.23208378,-75.59711176,BELEN,50,67,True
3382,S-511,2,511,CR 77  CL 30 A,6.23208378,-75.59711176,BELEN,50,60,True
3383,S-511,3,511,CR 77  CL 30 A,6.23208378,-75.59711176,BELEN,50,56,True
3384,S-511,4,511,CR 77  CL 30 A,6.23208378,-75.59711176,BELEN,50,34,False
3385,S-511,5,511,CR 77  CL 30 A,6.23208378,-75.59711176,BELEN,50,54,True
3386,S-511,6,511,CR 77  CL 30 A,6.23208378,-75.59711176,BELEN,50,32,False
3387,S-511,7,511,CR 77  CL 30 A,6.23208378,-75.59711176,BELEN,50,62,True
3388,S-511,8,511,CR 77  CL 30 A,6.23208378,-75.59711176,BELEN,50,33,False
3389,S-511,9,511,CR 77  CL 30 A,6.23208378,-75.59711176,BELEN,50,54,True
3390,S-511,10,511,CR 77  CL 30 A,6.23208378,-75.59711176,BELEN,50,49,False
3391,S-514,1,514,CR 78  CL 30 A,6.2320673,-75.59823368,BELEN,50,63,True
3392,S-514,2,514,CR 78  CL 30 A,6.2320673,-75.59823368,BELEN,50,55,True
3393,S-514,3,514,CR 78  CL 30 A,6.2320673,-75.59823368,BELEN,50,34,False
3394,S-514,4,514,CR 78  CL 30 A,6.2320673,-75.59823368,BELEN,50,64,True
3395,S-514,5,514,CR 78  CL 30 A,6.2320673,-75.59823368,BELEN,50,57,True
3396,S-514,6,514,CR 78  CL 30 A,6.2320673,-75.59823368,BELEN,50,58,True
3397,S-514,7,514,CR 78  CL 30 A,6.2320673,-75.59823368,BELEN,50,38,False
3398,S-514,8,514,CR 78  CL 30 A,6.2320673,-75.59823368,BELEN,50,67,True
3399,S-514,9,514,CR 78  CL 30 A,6.2320673,-75.59823368,BELEN,50,79,True
3400,S-514,10,514,CR 78  CL 30 A,6.2320673,-75.59823368,BELEN,50,35,False
3401,S-666,1,666,CR 34  CL 49,6.24242887,-75.55588324,BUENOS AIRES,50,48,False
3402,S-666,2,666,CR 34  CL 49,6.24242887,-75.55588324,BUENOS AIRES,50,73,True
3403,S-666,3,666,CR 34  CL 49,6.24242887,-75.55588324,BUENOS AIRES,50,40,False
3404,S-666,4,666,CR 34  CL 49,6.24242887,-75.55588324,BUENOS AIRES,50,31,False
3405,S-666,5,666,CR 34  CL 49,6.24242887,-75.55588324,BUENOS AIRES,50,76,True
3406,S-666,6,666,CR 34  CL 49,6.24242887,-75.55588324,BUENOS AIRES,50,73,True
3407,S-666,7,666,CR 34  CL 49,6.24242887,-75.55588324,BUENOS AIRES,50,73,True
3408,S-666,8,666,CR 34  CL 49,6.24242887,-75.55588324,BUENOS AIRES,50,38,False
3409,S-666,9,666,CR 34  CL 49,6.24242887,-75.55588324,BUENOS AIRES,50,50,False
3410,S-666,10,666,CR 34  CL 49,6.24242887,-75.55588324,BUENOS AIRES,50,53,True
3411,S-667,1,667,CR 33  CL 49,6.24203075,-75.55510543,BUENOS AIRES,50,63,True
3412,S-667,2,667,CR 33  CL 49,6.24203075,-75.55510543,BUENOS AIRES,50,51,True
3413,S-667,3,667,CR 33  CL 49,6.24203075,-75.55510543,BUENOS AIRES,50,32,False
3414,S-667,4,667,CR 33  CL 49,6.24203075,-75.55510543,BUENOS AIRES,50,41,False
3415,S-667,5,667,CR 33  CL 49,6.24203075,-75.55510543,BUENOS AIRES,50,57,True
3416,S-667,6,667,CR 33  CL 49,6.24203075,-75.55510543,BUENOS AIRES,50,59,True
3417,S-667,7,667,CR 33  CL 49,6.24203075,-75.55510543,BUENOS AIRES,50,55,True
3418,S-667,8,667,CR 33  CL 49,6.24203075,-75.55510543,BUENOS AIRES,50,77,True
3419,S-667,9,667,CR 33  CL 49,6.24203075,-75.55510543,BUENOS AIRES,50,50,False
3420,S-667,10,667,CR 33  CL 49,6.24203075,-75.55510543,BUENOS AIRES,50,57,True
3421,S-668,1,668,CR 31  CL 49,6.24121261,-75.55354157,BUENOS AIRES,50,55,True
3422,S-668,2,668,CR 31  CL 49,6.24121261,-75.55354157,BUENOS AIRES,50,62,True
3423,S-668,3,668,CR 31  CL 49,6.24121261,-75.55354157,BUENOS AIRES,50,50,False
3424,S-668,4,668,CR 31  CL 49,6.24121261,-75.55354157,BUENOS AIRES,50,64,True
3425,S-668,5,668,CR 31  CL 49,6.24121261,-75.55354157,BUENOS AIRES,50,63,True
3426,S-668,6,668,CR 31  CL 49,6.24121261,-75.55354157,BUENOS AIRES,50,70,True
3427,S-668,7,668,CR 31  CL 49,6.24121261,-75.55354157,BUENOS AIRES,50,80,True
3428,S-668,8,668,CR 31  CL 49,6.24121261,-75.55354157,BUENOS AIRES,50,76,True
3429,S-668,9,668,CR 31  CL 49,6.24121261,-75.55354157,BUENOS AIRES,50,47,False
3430,S-668,10,668,CR 31  CL 49,6.24121261,-75.55354157,BUENOS AIRES,50,40,False
3431,S-669,1,669,CR 50  CL 29,6.24106829,-75.55165703,BUENOS AIRES,50,52,True
3432,S-669,2,669,CR 50  CL 29,6.24106829,-75.55165703,BUENOS AIRES,50,77,True
3433,S-669,3,669,CR 50  CL 29,6.24106829,-75.55165703,BUENOS AIRES,50,51,True
3434,S-669,4,669,CR 50  CL 29,6.24106829,-75.55165703,BUENOS AIRES,50,46,False
3435,S-669,5,669,CR 50  CL 29,6.24106829,-75.55165703,BUENOS AIRES,50,34,False
3436,S-669,6,669,CR 50  CL 29,6.24106829,-75.55165703,BUENOS AIRES,50,73,True
3437,S-669,7,669,CR 50  CL 29,6.24106829,-75.55165703,BUENOS AIRES,50,40,False
3438,S-669,8,669,CR 50  CL 29,6.24106829,-75.55165703,BUENOS AIRES,50,59,True
3439,S-669,9,669,CR 50  CL 29,6.24106829,-75.55165703,BUENOS AIRES,50,44,False
3440,S-669,10,669,CR 50  CL 29,6.24106829,-75.55165703,BUENOS AIRES,50,56,True
3441,S-670,1,670,CR 29  CL 51,6.24173634,-75.55131969,BUENOS AIRES,50,64,True
3442,S-670,2,670,CR 29  CL 51,6.24173634,-75.55131969,BUENOS AIRES,50,62,True
3443,S-670,3,670,CR 29  CL 51,6.24173634,-75.55131969,BUENOS AIRES,50,49,False
3444,S-670,4,670,CR 29  CL 51,6.24173634,-75.55131969,BUENOS AIRES,50,45,False
3445,S-670,5,670,CR 29  CL 51,6.24173634,-75.55131969,BUENOS AIRES,50,63,True
3446,S-670,6,670,CR 29  CL 51,6.24173634,-75.55131969,BUENOS AIRES,50,31,False
3447,S-670,7,670,CR 29  CL 51,6.24173634,-75.55131969,BUENOS AIRES,50,64,True
3448,S-670,8,670,CR 29  CL 51,6.24173634,-75.55131969,BUENOS AIRES,50,69,True
3449,S-670,9,670,CR 29  CL 51,6.24173634,-75.55131969,BUENOS AIRES,50,57,True
3450,S-670,10,670,CR 29  CL 51,6.24173634,-75.55131969,BUENOS AIRES,50,76,True
3451,S-671,1,671,CR 28  CL 51A,6.24204534,-75.55031449,BUENOS AIRES,50,68,True
3452,S-671,2,671,CR 28  CL 51A,6.24204534,-75.55031449,BUENOS AIRES,50,35,False
3453,S-671,3,671,CR 28  CL 51A,6.24204534,-75.55031449,BUENOS AIRES,50,38,False
3454,S-671,4,671,CR 28  CL 51A,6.24204534,-75.55031449,BUENOS AIRES,50,49,False
3455,S-671,5,671,CR 28  CL 51A,6.24204534,-75.55031449,BUENOS AIRES,50,30,False
3456,S-671,6,671,CR 28  CL 51A,6.24204534,-75.55031449,BUENOS AIRES,50,37,False
3457,S-671,7,671,CR 28  CL 51A,6.24204534,-75.55031449,BUENOS AIRES,50,52,True
3458,S-671,8,671,CR 28  CL 51A,6.24204534,-75.55031449,BUENOS AIRES,50,32,False
3459,S-671,9,671,CR 28  CL 51A,6.24204534,-75.55031449,BUENOS AIRES,50,33,False
3460,S-671,10,671,CR 28  CL 51A,6.24204534,-75.55031449,BUENOS AIRES,50,54,True
3461,S-672,1,672,CR 17  CL 51 A,6.23634653,-75.54326193,BUENOS AIRES,50,76,True
3462,S-672,2,672,CR 17  CL 51 A,6.23634653,-75.54326193,BUENOS AIRES,50,67,True
3463,S-672,3,672,CR 17  CL 51 A,6.23634653,-75.54326193,BUENOS AIRES,50,44,False
3464,S-672,4,672,CR 17  CL 51 A,6.23634653,-75.54326193,BUENOS AIRES,50,50,False
3465,S-672,5,672,CR 17  CL 51 A,6.23634653,-75.54326193,BUENOS AIRES,50,64,True
3466,S-672,6,672,CR 17  CL 51 A,6.23634653,-75.54326193,BUENOS AIRES,50,75,True
3467,S-672,7,672,CR 17  CL 51 A,6.23634653,-75.54326193,BUENOS AIRES,50,43,False
3468,S-672,8,672,CR 17  CL 51 A,6.23634653,-75.54326193,BUENOS AIRES,50,65,True
3469,S-672,9,672,CR 17  CL 51 A,6.23634653,-75.54326193,BUENOS AIRES,50,41,False
3470,S-672,10,672,CR 17  CL 51 A,6.23634653,-75.54326193,BUENOS AIRES,50,46,False
3471,S-673,1,673,CR 16 A  CL 50 A,6.23584129,-75.54230429,BUENOS AIRES,50,68,True
3472,S-673,2,673,CR 16 A  CL 50 A,6.23584129,-75.54230429,BUENOS AIRES,50,38,False
3473,S-673,3,673,CR 16 A  CL 50 A,6.23584129,-75.54230429,BUENOS AIRES,50,64,True
3474,S-673,4,673,CR 16 A  CL 50 A,6.23584129,-75.54230429,BUENOS AIRES,50,42,False
3475,S-673,5,673,CR 16 A  CL 50 A,6.23584129,-75.54230429,BUENOS AIRES,50,44,False
3476,S-673,6,673,CR 16 A  CL 50 A,6.23584129,-75.54230429,BUENOS AIRES,50,47,False
3477,S-673,7,673,CR 16 A  CL 50 A,6.23584129,-75.54230429,BUENOS AIRES,50,80,True
3478,S-673,8,673,CR 16 A  CL 50 A,6.23584129,-75.54230429,BUENOS AIRES,50,62,True
3479,S-673,9,673,CR 16 A  CL 50 A,6.23584129,-75.54230429,BUENOS AIRES,50,35,False
3480,S-673,10,673,CR 16 A  CL 50 A,6.23584129,-75.54230429,BUENOS AIRES,50,56,True
3481,S-674,1,674,CR 14 A  CL 50,6.23386931,-75.54107249,BUENOS AIRES,50,52,True
3482,S-674,2,674,CR 14 A  CL 50,6.23386931,-75.54107249,BUENOS AIRES,50,56,True
3483,S-674,3,674,CR 14 A  CL 50,6.23386931,-75.54107249,BUENOS AIRES,50,63,True
3484,S-674,4,674,CR 14 A  CL 50,6.23386931,-75.54107249,BUENOS AIRES,50,75,True
3485,S-674,5,674,CR 14 A  CL 50,6.23386931,-75.54107249,BUENOS AIRES,50,67,True
3486,S-674,6,674,CR 14 A  CL 50,6.23386931,-75.54107249,BUENOS AIRES,50,43,False
3487,S-674,7,674,CR 14 A  CL 50,6.23386931,-75.54107249,BUENOS AIRES,50,65,True
3488,S-674,8,674,CR 14 A  CL 50,6.23386931,-75.54107249,BUENOS AIRES,50,37,False
3489,S-674,9,674,CR 14 A  CL 50,6.23386931,-75.54107249,BUENOS AIRES,50,64,True
3490,S-674,10,674,CR 14 A  CL 50,6.23386931,-75.54107249,BUENOS AIRES,50,48,False
3491,S-675,1,675,CR 72A  CL 79,6.27850882,-75.58030062,ROBLEDO,50,59,True
3492,S-675,2,675,CR 72A  CL 79,6.27850882,-75.58030062,ROBLEDO,50,43,False
3493,S-675,3,675,CR 72A  CL 79,6.27850882,-75.58030062,ROBLEDO,50,49,False
3494,S-675,4,675,CR 72A  CL 79,6.27850882,-75.58030062,ROBLEDO,50,78,True
3495,S-675,5,675,CR 72A  CL 79,6.27850882,-75.58030062,ROBLEDO,50,54,True
3496,S-675,6,675,CR 72A  CL 79,6.27850882,-75.58030062,ROBLEDO,50,69,True
3497,S-675,7,675,CR 72A  CL 79,6.27850882,-75.58030062,ROBLEDO,50,53,True
3498,S-675,8,675,CR 72A  CL 79,6.27850882,-75.58030062,ROBLEDO,50,43,False
3499,S-675,9,675,CR 72A  CL 79,6.27850882,-75.58030062,ROBLEDO,50,55,True
3500,S-675,10,675,CR 72A  CL 79,6.27850882,-75.58030062,ROBLEDO,50,67,True
3501,S-676,1,676,CR 41  CL 10,6.20995999,-75.56878246,EL POBLADO,50,52,True
3502,S-676,2,676,CR 41  CL 10,6.20995999,-75.56878246,EL POBLADO,50,51,True
3503,S-676,3,676,CR 41  CL 10,6.20995999,-75.56878246,EL POBLADO,50,77,True
3504,S-676,4,676,CR 41  CL 10,6.20995999,-75.56878246,EL POBLADO,50,48,False
3505,S-676,5,676,CR 41  CL 10,6.20995999,-75.56878246,EL POBLADO,50,75,True
3506,S-676,6,676,CR 41  CL 10,6.20995999,-75.56878246,EL POBLADO,50,80,True
3507,S-676,7,676,CR 41  CL 10,6.20995999,-75.56878246,EL POBLADO,50,32,False
3508,S-676,8,676,CR 41  CL 10,6.20995999,-75.56878246,EL POBLADO,50,71,True
3509,S-676,9,676,CR 41  CL 10,6.20995999,-75.56878246,EL POBLADO,50,48,False
3510,S-676,10,676,CR 41  CL 10,6.20995999,-75.56878246,EL POBLADO,50,38,False
3511,S-677,1,677,CR 25  CL 10,6.20796079,-75.55490114,EL POBLADO,50,57,True
3512,S-677,2,677,CR 25  CL 10,6.20796079,-75.55490114,EL POBLADO,50,49,False
3513,S-677,3,677,CR 25  CL 10,6.20796079,-75.55490114,EL POBLADO,50,74,True
3514,S-677,4,677,CR 25  CL 10,6.20796079,-75.55490114,EL POBLADO,50,36,False
3515,S-677,5,677,CR 25  CL 10,6.20796079,-75.55490114,EL POBLADO,50,43,False
3516,S-677,6,677,CR 25  CL 10,6.20796079,-75.55490114,EL POBLADO,50,38,False
3517,S-677,7,677,CR 25  CL 10,6.20796079,-75.55490114,EL POBLADO,50,48,False
3518,S-677,8,677,CR 25  CL 10,6.20796079,-75.55490114,EL POBLADO,50,76,True
3519,S-677,9,677,CR 25  CL 10,6.20796079,-75.55490114,EL POBLADO,50,43,False
3520,S-677,10,677,CR 25  CL 10,6.20796079,-75.55490114,EL POBLADO,50,67,True
3521,S-678,1,678,"CR 60  CL 92Asfaltadora, Madre Laura",6.28419313,-75.56577539,ARANJUEZ,50,65,True
3522,S-678,2,678,"CR 60  CL 92Asfaltadora, Madre Laura",6.28419313,-75.56577539,ARANJUEZ,50,69,True
3523,S-678,3,678,"CR 60  CL 92Asfaltadora, Madre Laura",6.28419313,-75.56577539,ARANJUEZ,50,46,False
3524,S-678,4,678,"CR 60  CL 92Asfaltadora, Madre Laura",6.28419313,-75.56577539,ARANJUEZ,50,59,True
3525,S-678,5,678,"CR 60  CL 92Asfaltadora, Madre Laura",6.28419313,-75.56577539,ARANJUEZ,50,38,False
3526,S-678,6,678,"CR 60  CL 92Asfaltadora, Madre Laura",6.28419313,-75.56577539,ARANJUEZ,50,62,True
3527,S-678,7,678,"CR 60  CL 92Asfaltadora, Madre Laura",6.28419313,-75.56577539,ARANJUEZ,50,54,True
3528,S-678,8,678,"CR 60  CL 92Asfaltadora, Madre Laura",6.28419313,-75.56577539,ARANJUEZ,50,43,False
3529,S-678,9,678,"CR 60  CL 92Asfaltadora, Madre Laura",6.28419313,-75.56577539,ARANJUEZ,50,40,False
3530,S-678,10,678,"CR 60  CL 92Asfaltadora, Madre Laura",6.28419313,-75.56577539,ARANJUEZ,50,64,True
3531,S-679,1,679,"CR 62  CL 90CURVA DE LA Virgen, Madre Laura",6.2829196,-75.56793332,ARANJUEZ,50,70,True
3532,S-679,2,679,"CR 62  CL 90CURVA DE LA Virgen, Madre Laura",6.2829196,-75.56793332,ARANJUEZ,50,43,False
3533,S-679,3,679,"CR 62  CL 90CURVA DE LA Virgen, Madre Laura",6.2829196,-75.56793332,ARANJUEZ,50,59,True
3534,S-679,4,679,"CR 62  CL 90CURVA DE LA Virgen, Madre Laura",6.2829196,-75.56793332,ARANJUEZ,50,70,True
3535,S-679,5,679,"CR 62  CL 90CURVA DE LA Virgen, Madre Laura",6.2829196,-75.56793332,ARANJUEZ,50,33,False
3536,S-679,6,679,"CR 62  CL 90CURVA DE LA Virgen, Madre Laura",6.2829196,-75.56793332,ARANJUEZ,50,33,False
3537,S-679,7,679,"CR 62  CL 90CURVA DE LA Virgen, Madre Laura",6.2829196,-75.56793332,ARANJUEZ,50,57,True
3538,S-679,8,679,"CR 62  CL 90CURVA DE LA Virgen, Madre Laura",6.2829196,-75.56793332,ARANJUEZ,50,37,False
3539,S-679,9,679,"CR 62  CL 90CURVA DE LA Virgen, Madre Laura",6.2829196,-75.56793332,ARANJUEZ,50,31,False
3540,S-679,10,679,"CR 62  CL 90CURVA DE LA Virgen, Madre Laura",6.2829196,-75.56793332,ARANJUEZ,50,70,True
3541,S-680,1,680,CR 63 AA  CL 42 CPaso peatonal parques del rio,6.24477895,-75.58012958,LAURELES,50,75,True
3542,S-680,2,680,CR 63 AA  CL 42 CPaso peatonal parques del rio,6.24477895,-75.58012958,LAURELES,50,51,True
3543,S-680,3,680,CR 63 AA  CL 42 CPaso peatonal parques del rio,6.24477895,-75.58012958,LAURELES,50,70,True
3544,S-680,4,680,CR 63 AA  CL 42 CPaso peatonal parques del rio,6.24477895,-75.58012958,LAURELES,50,45,False
3545,S-680,5,680,CR 63 AA  CL 42 CPaso peatonal parques del rio,6.24477895,-75.58012958,LAURELES,50,58,True
3546,S-680,6,680,CR 63 AA  CL 42 CPaso peatonal parques del rio,6.24477895,-75.58012958,LAURELES,50,78,True
3547,S-680,7,680,CR 63 AA  CL 42 CPaso peatonal parques del rio,6.24477895,-75.58012958,LAURELES,50,77,True
3548,S-680,8,680,CR 63 AA  CL 42 CPaso peatonal parques del rio,6.24477895,-75.58012958,LAURELES,50,59,True
3549,S-680,9,680,CR 63 AA  CL 42 CPaso peatonal parques del rio,6.24477895,-75.58012958,LAURELES,50,41,False
3550,S-680,10,680,CR 63 AA  CL 42 CPaso peatonal parques del rio,6.24477895,-75.58012958,LAURELES,50,64,True
3551,S-683,1,683,CR 55  CL 93Glorieta madre Laura cost. Noroccidental,6.2858957,-75.56459473,ARANJUEZ,50,40,False
3552,S-683,2,683,CR 55  CL 93Glorieta madre Laura cost. Noroccidental,6.2858957,-75.56459473,ARANJUEZ,50,75,True
3553,S-683,3,683,CR 55  CL 93Glorieta madre Laura cost. Noroccidental,6.2858957,-75.56459473,ARANJUEZ,50,79,True
3554,S-683,4,683,CR 55  CL 93Glorieta madre Laura cost. Noroccidental,6.2858957,-75.56459473,ARANJUEZ,50,50,False
3555,S-683,5,683,CR 55  CL 93Glorieta madre Laura cost. Noroccidental,6.2858957,-75.56459473,ARANJUEZ,50,50,False
3556,S-683,6,683,CR 55  CL 93Glorieta madre Laura cost. Noroccidental,6.2858957,-75.56459473,ARANJUEZ,50,34,False
3557,S-683,7,683,CR 55  CL 93Glorieta madre Laura cost. Noroccidental,6.2858957,-75.56459473,ARANJUEZ,50,77,True
3558,S-683,8,683,CR 55  CL 93Glorieta madre Laura cost. Noroccidental,6.2858957,-75.56459473,ARANJUEZ,50,49,False
3559,S-683,9,683,CR 55  CL 93Glorieta madre Laura cost. Noroccidental,6.2858957,-75.56459473,ARANJUEZ,50,66,True
3560,S-683,10,683,CR 55  CL 93Glorieta madre Laura cost. Noroccidental,6.2858957,-75.56459473,ARANJUEZ,50,32,False
3561,S-684,1,684,CR 55  CL 93Glorieta madre Laura cost. Nororiental,6.28587445,-75.56433093,ARANJUEZ,50,73,True
3562,S-684,2,684,CR 55  CL 93Glorieta madre Laura cost. Nororiental,6.28587445,-75.56433093,ARANJUEZ,50,62,True
3563,S-684,3,684,CR 55  CL 93Glorieta madre Laura cost. Nororiental,6.28587445,-75.56433093,ARANJUEZ,50,38,False
3564,S-684,4,684,CR 55  CL 93Glorieta madre Laura cost. Nororiental,6.28587445,-75.56433093,ARANJUEZ,50,38,False
3565,S-684,5,684,CR 55  CL 93Glorieta madre Laura cost. Nororiental,6.28587445,-75.56433093,ARANJUEZ,50,33,False
3566,S-684,6,684,CR 55  CL 93Glorieta madre Laura cost. Nororiental,6.28587445,-75.56433093,ARANJUEZ,50,64,True
3567,S-684,7,684,CR 55  CL 93Glorieta madre Laura cost. Nororiental,6.28587445,-75.56433093,ARANJUEZ,50,46,False
3568,S-684,8,684,CR 55  CL 93Glorieta madre Laura cost. Nororiental,6.28587445,-75.56433093,ARANJUEZ,50,63,True
3569,S-684,9,684,CR 55  CL 93Glorieta madre Laura cost. Nororiental,6.28587445,-75.56433093,ARANJUEZ,50,53,True
3570,S-684,10,684,CR 55  CL 93Glorieta madre Laura cost. Nororiental,6.28587445,-75.56433093,ARANJUEZ,50,61,True
3571,S-682,1,682,CR 55  CL 93Glorieta madre Laura cost. Suroccidental,6.28547471,-75.56445608,ARANJUEZ,50,30,False
3572,S-682,2,682,CR 55  CL 93Glorieta madre Laura cost. Suroccidental,6.28547471,-75.56445608,ARANJUEZ,50,37,False
3573,S-682,3,682,CR 55  CL 93Glorieta madre Laura cost. Suroccidental,6.28547471,-75.56445608,ARANJUEZ,50,74,True
3574,S-682,4,682,CR 55  CL 93Glorieta madre Laura cost. Suroccidental,6.28547471,-75.56445608,ARANJUEZ,50,52,True
3575,S-682,5,682,CR 55  CL 93Glorieta madre Laura cost. Suroccidental,6.28547471,-75.56445608,ARANJUEZ,50,76,True
3576,S-682,6,682,CR 55  CL 93Glorieta madre Laura cost. Suroccidental,6.28547471,-75.56445608,ARANJUEZ,50,69,True
3577,S-682,7,682,CR 55  CL 93Glorieta madre Laura cost. Suroccidental,6.28547471,-75.56445608,ARANJUEZ,50,41,False
3578,S-682,8,682,CR 55  CL 93Glorieta madre Laura cost. Suroccidental,6.28547471,-75.56445608,ARANJUEZ,50,41,False
3579,S-682,9,682,CR 55  CL 93Glorieta madre Laura cost. Suroccidental,6.28547471,-75.56445608,ARANJUEZ,50,75,True
3580,S-682,10,682,CR 55  CL 93Glorieta madre Laura cost. Suroccidental,6.28547471,-75.56445608,ARANJUEZ,50,76,True
3581,S-685,1,685,CR 32  CL 50,6.24240771,-75.55391024,BUENOS AIRES,50,44,False
3582,S-685,2,685,CR 32  CL 50,6.24240771,-75.55391024,BUENOS AIRES,50,70,True
3583,S-685,3,685,CR 32  CL 50,6.24240771,-75.55391024,BUENOS AIRES,50,48,False
3584,S-685,4,685,CR 32  CL 50,6.24240771,-75.55391024,BUENOS AIRES,50,55,True
3585,S-685,5,685,CR 32  CL 50,6.24240771,-75.55391024,BUENOS AIRES,50,58,True
3586,S-685,6,685,CR 32  CL 50,6.24240771,-75.55391024,BUENOS AIRES,50,51,True
3587,S-685,7,685,CR 32  CL 50,6.24240771,-75.55391024,BUENOS AIRES,50,69,True
3588,S-685,8,685,CR 32  CL 50,6.24240771,-75.55391024,BUENOS AIRES,50,50,False
3589,S-685,9,685,CR 32  CL 50,6.24240771,-75.55391024,BUENOS AIRES,50,80,True
3590,S-685,10,685,CR 32  CL 50,6.24240771,-75.55391024,BUENOS AIRES,50,67,True
3591,S-681,1,681,CR 52  CL 29 CEST METROPLUS INDUSTRIALES,6.23185517,-75.57737915,GUAYABAL,50,49,False
3592,S-681,2,681,CR 52  CL 29 CEST METROPLUS INDUSTRIALES,6.23185517,-75.57737915,GUAYABAL,50,58,True
3593,S-681,3,681,CR 52  CL 29 CEST METROPLUS INDUSTRIALES,6.23185517,-75.57737915,GUAYABAL,50,80,True
3594,S-681,4,681,CR 52  CL 29 CEST METROPLUS INDUSTRIALES,6.23185517,-75.57737915,GUAYABAL,50,33,False
3595,S-681,5,681,CR 52  CL 29 CEST METROPLUS INDUSTRIALES,6.23185517,-75.57737915,GUAYABAL,50,36,False
3596,S-681,6,681,CR 52  CL 29 CEST METROPLUS INDUSTRIALES,6.23185517,-75.57737915,GUAYABAL,50,57,True
3597,S-681,7,681,CR 52  CL 29 CEST METROPLUS INDUSTRIALES,6.23185517,-75.57737915,GUAYABAL,50,57,True
3598,S-681,8,681,CR 52  CL 29 CEST METROPLUS INDUSTRIALES,6.23185517,-75.57737915,GUAYABAL,50,33,False
3599,S-681,9,681,CR 52  CL 29 CEST METROPLUS INDUSTRIALES,6.23185517,-75.57737915,GUAYABAL,50,51,True
3600,S-681,10,681,CR 52  CL 29 CEST METROPLUS INDUSTRIALES,6.23185517,-75.57737915,GUAYABAL,50,41,False
3601,S-687,1,687,CR 43  CL 66F,6.26269694,-75.55356139,MANRIQUE,50,74,True
3602,S-687,2,687,CR 43  CL 66F,6.26269694,-75.55356139,MANRIQUE,50,32,False
3603,S-687,3,687,CR 43  CL 66F,6.26269694,-75.55356139,MANRIQUE,50,51,True
3604,S-687,4,687,CR 43  CL 66F,6.26269694,-75.55356139,MANRIQUE,50,73,True
3605,S-687,5,687,CR 43  CL 66F,6.26269694,-75.55356139,MANRIQUE,50,31,False
3606,S-687,6,687,CR 43  CL 66F,6.26269694,-75.55356139,MANRIQUE,50,53,True
3607,S-687,7,687,CR 43  CL 66F,6.26269694,-75.55356139,MANRIQUE,50,63,True
3608,S-687,8,687,CR 43  CL 66F,6.26269694,-75.55356139,MANRIQUE,50,56,True
3609,S-687,9,687,CR 43  CL 66F,6.26269694,-75.55356139,MANRIQUE,50,70,True
3610,S-687,10,687,CR 43  CL 66F,6.26269694,-75.55356139,MANRIQUE,50,30,False
3611,S-688,1,688,CR 43  CL 67,6.26293703,-75.55333231,MANRIQUE,50,37,False
3612,S-688,2,688,CR 43  CL 67,6.26293703,-75.55333231,MANRIQUE,50,52,True
3613,S-688,3,688,CR 43  CL 67,6.26293703,-75.55333231,MANRIQUE,50,67,True
3614,S-688,4,688,CR 43  CL 67,6.26293703,-75.55333231,MANRIQUE,50,35,False
3615,S-688,5,688,CR 43  CL 67,6.26293703,-75.55333231,MANRIQUE,50,51,True
3616,S-688,6,688,CR 43  CL 67,6.26293703,-75.55333231,MANRIQUE,50,54,True
3617,S-688,7,688,CR 43  CL 67,6.26293703,-75.55333231,MANRIQUE,50,47,False
3618,S-688,8,688,CR 43  CL 67,6.26293703,-75.55333231,MANRIQUE,50,46,False
3619,S-688,9,688,CR 43  CL 67,6.26293703,-75.55333231,MANRIQUE,50,41,False
3620,S-688,10,688,CR 43  CL 67,6.26293703,-75.55333231,MANRIQUE,50,35,False
3621,S-689,1,689,CR 51  CL 78,6.27249425,-75.56239916,ARANJUEZ,50,55,True
3622,S-689,2,689,CR 51  CL 78,6.27249425,-75.56239916,ARANJUEZ,50,56,True
3623,S-689,3,689,CR 51  CL 78,6.27249425,-75.56239916,ARANJUEZ,50,37,False
3624,S-689,4,689,CR 51  CL 78,6.27249425,-75.56239916,ARANJUEZ,50,48,False
3625,S-689,5,689,CR 51  CL 78,6.27249425,-75.56239916,ARANJUEZ,50,71,True
3626,S-689,6,689,CR 51  CL 78,6.27249425,-75.56239916,ARANJUEZ,50,30,False
3627,S-689,7,689,CR 51  CL 78,6.27249425,-75.56239916,ARANJUEZ,50,58,True
3628,S-689,8,689,CR 51  CL 78,6.27249425,-75.56239916,ARANJUEZ,50,74,True
3629,S-689,9,689,CR 51  CL 78,6.27249425,-75.56239916,ARANJUEZ,50,78,True
3630,S-689,10,689,CR 51  CL 78,6.27249425,-75.56239916,ARANJUEZ,50,64,True
3631,S-690,1,690,CR 37  CL 58,6.24971499,-75.55499329,LA CANDELARIA,50,69,True
3632,S-690,2,690,CR 37  CL 58,6.24971499,-75.55499329,LA CANDELARIA,50,43,False
3633,S-690,3,690,CR 37  CL 58,6.24971499,-75.55499329,LA CANDELARIA,50,64,True
3634,S-690,4,690,CR 37  CL 58,6.24971499,-75.55499329,LA CANDELARIA,50,77,True
3635,S-690,5,690,CR 37  CL 58,6.24971499,-75.55499329,LA CANDELARIA,50,74,True
3636,S-690,6,690,CR 37  CL 58,6.24971499,-75.55499329,LA CANDELARIA,50,49,False
3637,S-690,7,690,CR 37  CL 58,6.24971499,-75.55499329,LA CANDELARIA,50,78,True
3638,S-690,8,690,CR 37  CL 58,6.24971499,-75.55499329,LA CANDELARIA,50,42,False
3639,S-690,9,690,CR 37  CL 58,6.24971499,-75.55499329,LA CANDELARIA,50,67,True
3640,S-690,10,690,CR 37  CL 58,6.24971499,-75.55499329,LA CANDELARIA,50,78,True
3641,S-686,1,686,CR 39  CL 56,6.24930869,-75.55733983,LA CANDELARIA,50,75,True
3642,S-686,2,686,CR 39  CL 56,6.24930869,-75.55733983,LA CANDELARIA,50,78,True
3643,S-686,3,686,CR 39  CL 56,6.24930869,-75.55733983,LA CANDELARIA,50,37,False
3644,S-686,4,686,CR 39  CL 56,6.24930869,-75.55733983,LA CANDELARIA,50,72,True
3645,S-686,5,686,CR 39  CL 56,6.24930869,-75.55733983,LA CANDELARIA,50,49,False
3646,S-686,6,686,CR 39  CL 56,6.24930869,-75.55733983,LA CANDELARIA,50,62,True
3647,S-686,7,686,CR 39  CL 56,6.24930869,-75.55733983,LA CANDELARIA,50,55,True
3648,S-686,8,686,CR 39  CL 56,6.24930869,-75.55733983,LA CANDELARIA,50,68,True
3649,S-686,9,686,CR 39  CL 56,6.24930869,-75.55733983,LA CANDELARIA,50,50,False
3650,S-686,10,686,CR 39  CL 56,6.24930869,-75.55733983,LA CANDELARIA,50,78,True
3651,S-692,1,692,CR 20 B  CL 49,6.23816323,-75.54762214,BUENOS AIRES,50,71,True
3652,S-692,2,692,CR 20 B  CL 49,6.23816323,-75.54762214,BUENOS AIRES,50,72,True
3653,S-692,3,692,CR 20 B  CL 49,6.23816323,-75.54762214,BUENOS AIRES,50,70,True
3654,S-692,4,692,CR 20 B  CL 49,6.23816323,-75.54762214,BUENOS AIRES,50,38,False
3655,S-692,5,692,CR 20 B  CL 49,6.23816323,-75.54762214,BUENOS AIRES,50,53,True
3656,S-692,6,692,CR 20 B  CL 49,6.23816323,-75.54762214,BUENOS AIRES,50,66,True
3657,S-692,7,692,CR 20 B  CL 49,6.23816323,-75.54762214,BUENOS AIRES,50,78,True
3658,S-692,8,692,CR 20 B  CL 49,6.23816323,-75.54762214,BUENOS AIRES,50,70,True
3659,S-692,9,692,CR 20 B  CL 49,6.23816323,-75.54762214,BUENOS AIRES,50,46,False
3660,S-692,10,692,CR 20 B  CL 49,6.23816323,-75.54762214,BUENOS AIRES,50,53,True
3661,S-693,1,693,CR 25  CL 49,6.23860858,-75.54851198,BUENOS AIRES,50,50,False
3662,S-693,2,693,CR 25  CL 49,6.23860858,-75.54851198,BUENOS AIRES,50,80,True
3663,S-693,3,693,CR 25  CL 49,6.23860858,-75.54851198,BUENOS AIRES,50,68,True
3664,S-693,4,693,CR 25  CL 49,6.23860858,-75.54851198,BUENOS AIRES,50,70,True
3665,S-693,5,693,CR 25  CL 49,6.23860858,-75.54851198,BUENOS AIRES,50,68,True
3666,S-693,6,693,CR 25  CL 49,6.23860858,-75.54851198,BUENOS AIRES,50,42,False
3667,S-693,7,693,CR 25  CL 49,6.23860858,-75.54851198,BUENOS AIRES,50,40,False
3668,S-693,8,693,CR 25  CL 49,6.23860858,-75.54851198,BUENOS AIRES,50,75,True
3669,S-693,9,693,CR 25  CL 49,6.23860858,-75.54851198,BUENOS AIRES,50,48,False
3670,S-693,10,693,CR 25  CL 49,6.23860858,-75.54851198,BUENOS AIRES,50,40,False
3671,S-694,1,694,CR 26  CL 49,6.23935428,-75.54991484,BUENOS AIRES,50,42,False
3672,S-694,2,694,CR 26  CL 49,6.23935428,-75.54991484,BUENOS AIRES,50,75,True
3673,S-694,3,694,CR 26  CL 49,6.23935428,-75.54991484,BUENOS AIRES,50,74,True
3674,S-694,4,694,CR 26  CL 49,6.23935428,-75.54991484,BUENOS AIRES,50,30,False
3675,S-694,5,694,CR 26  CL 49,6.23935428,-75.54991484,BUENOS AIRES,50,69,True
3676,S-694,6,694,CR 26  CL 49,6.23935428,-75.54991484,BUENOS AIRES,50,73,True
3677,S-694,7,694,CR 26  CL 49,6.23935428,-75.54991484,BUENOS AIRES,50,48,False
3678,S-694,8,694,CR 26  CL 49,6.23935428,-75.54991484,BUENOS AIRES,50,41,False
3679,S-694,9,694,CR 26  CL 49,6.23935428,-75.54991484,BUENOS AIRES,50,37,False
3680,S-694,10,694,CR 26  CL 49,6.23935428,-75.54991484,BUENOS AIRES,50,37,False
3681,S-695,1,695,CR 52  CL 29A,6.22864608,-75.57726634,GUAYABAL,50,74,True
3682,S-695,2,695,CR 52  CL 29A,6.22864608,-75.57726634,GUAYABAL,50,41,False
3683,S-695,3,695,CR 52  CL 29A,6.22864608,-75.57726634,GUAYABAL,50,77,True
3684,S-695,4,695,CR 52  CL 29A,6.22864608,-75.57726634,GUAYABAL,50,62,True
3685,S-695,5,695,CR 52  CL 29A,6.22864608,-75.57726634,GUAYABAL,50,74,True
3686,S-695,6,695,CR 52  CL 29A,6.22864608,-75.57726634,GUAYABAL,50,55,True
3687,S-695,7,695,CR 52  CL 29A,6.22864608,-75.57726634,GUAYABAL,50,68,True
3688,S-695,8,695,CR 52  CL 29A,6.22864608,-75.57726634,GUAYABAL,50,57,True
3689,S-695,9,695,CR 52  CL 29A,6.22864608,-75.57726634,GUAYABAL,50,34,False
3690,S-695,10,695,CR 52  CL 29A,6.22864608,-75.57726634,GUAYABAL,50,37,False
3691,S-691,1,691,CR 37 B  CL 1 SLoma de los Parras,6.20228016,-75.56887374,EL POBLADO,50,54,True
3692,S-691,2,691,CR 37 B  CL 1 SLoma de los Parras,6.20228016,-75.56887374,EL POBLADO,50,56,True
3693,S-691,3,691,CR 37 B  CL 1 SLoma de los Parras,6.20228016,-75.56887374,EL POBLADO,50,75,True
3694,S-691,4,691,CR 37 B  CL 1 SLoma de los Parras,6.20228016,-75.56887374,EL POBLADO,50,52,True
3695,S-691,5,691,CR 37 B  CL 1 SLoma de los Parras,6.20228016,-75.56887374,EL POBLADO,50,59,True
3696,S-691,6,691,CR 37 B  CL 1 SLoma de los Parras,6.20228016,-75.56887374,EL POBLADO,50,74,True
3697,S-691,7,691,CR 37 B  CL 1 SLoma de los Parras,6.20228016,-75.56887374,EL POBLADO,50,76,True
3698,S-691,8,691,CR 37 B  CL 1 SLoma de los Parras,6.20228016,-75.56887374,EL POBLADO,50,52,True
3699,S-691,9,691,CR 37 B  CL 1 SLoma de los Parras,6.20228016,-75.56887374,EL POBLADO,50,78,True
3700,S-691,10,691,CR 37 B  CL 1 SLoma de los Parras,6.20228016,-75.56887374,EL POBLADO,50,76,True
3701,S-696,1,696,CR 50  CL 45,6.24554061,-75.56937137,LA CANDELARIA,50,49,False
3702,S-696,2,696,CR 50  CL 45,6.24554061,-75.56937137,LA CANDELARIA,50,47,False
3703,S-696,3,696,CR 50  CL 45,6.24554061,-75.56937137,LA CANDELARIA,50,47,False
3704,S-696,4,696,CR 50  CL 45,6.24554061,-75.56937137,LA CANDELARIA,50,31,False
3705,S-696,5,696,CR 50  CL 45,6.24554061,-75.56937137,LA CANDELARIA,50,33,False
3706,S-696,6,696,CR 50  CL 45,6.24554061,-75.56937137,LA CANDELARIA,50,59,True
3707,S-696,7,696,CR 50  CL 45,6.24554061,-75.56937137,LA CANDELARIA,50,62,True
3708,S-696,8,696,CR 50  CL 45,6.24554061,-75.56937137,LA CANDELARIA,50,65,True
3709,S-696,9,696,CR 50  CL 45,6.24554061,-75.56937137,LA CANDELARIA,50,47,False
3710,S-696,10,696,CR 50  CL 45,6.24554061,-75.56937137,LA CANDELARIA,50,66,True
3711,S-697,1,697,CR 49  CL 45,6.24544983,-75.56912934,LA CANDELARIA,50,48,False
3712,S-697,2,697,CR 49  CL 45,6.24544983,-75.56912934,LA CANDELARIA,50,76,True
3713,S-697,3,697,CR 49  CL 45,6.24544983,-75.56912934,LA CANDELARIA,50,57,True
3714,S-697,4,697,CR 49  CL 45,6.24544983,-75.56912934,LA CANDELARIA,50,69,True
3715,S-697,5,697,CR 49  CL 45,6.24544983,-75.56912934,LA CANDELARIA,50,49,False
3716,S-697,6,697,CR 49  CL 45,6.24544983,-75.56912934,LA CANDELARIA,50,78,True
3717,S-697,7,697,CR 49  CL 45,6.24544983,-75.56912934,LA CANDELARIA,50,62,True
3718,S-697,8,697,CR 49  CL 45,6.24544983,-75.56912934,LA CANDELARIA,50,41,False
3719,S-697,9,697,CR 49  CL 45,6.24544983,-75.56912934,LA CANDELARIA,50,80,True
3720,S-697,10,697,CR 49  CL 45,6.24544983,-75.56912934,LA CANDELARIA,50,44,False
3721,S-698,1,698,CR 52  CL 13 S,6.19543384,-75.59074698,GUAYABAL,50,70,True
3722,S-698,2,698,CR 52  CL 13 S,6.19543384,-75.59074698,GUAYABAL,50,68,True
3723,S-698,3,698,CR 52  CL 13 S,6.19543384,-75.59074698,GUAYABAL,50,31,False
3724,S-698,4,698,CR 52  CL 13 S,6.19543384,-75.59074698,GUAYABAL,50,58,True
3725,S-698,5,698,CR 52  CL 13 S,6.19543384,-75.59074698,GUAYABAL,50,70,True
3726,S-698,6,698,CR 52  CL 13 S,6.19543384,-75.59074698,GUAYABAL,50,39,False
3727,S-698,7,698,CR 52  CL 13 S,6.19543384,-75.59074698,GUAYABAL,50,31,False
3728,S-698,8,698,CR 52  CL 13 S,6.19543384,-75.59074698,GUAYABAL,50,80,True
3729,S-698,9,698,CR 52  CL 13 S,6.19543384,-75.59074698,GUAYABAL,50,40,False
3730,S-698,10,698,CR 52  CL 13 S,6.19543384,-75.59074698,GUAYABAL,50,42,False
3731,S-699,1,699,CR 17 B  CL 49,6.23599004,-75.54395471,BUENOS AIRES,50,39,False
3732,S-699,2,699,CR 17 B  CL 49,6.23599004,-75.54395471,BUENOS AIRES,50,43,False
3733,S-699,3,699,CR 17 B  CL 49,6.23599004,-75.54395471,BUENOS AIRES,50,47,False
3734,S-699,4,699,CR 17 B  CL 49,6.23599004,-75.54395471,BUENOS AIRES,50,80,True
3735,S-699,5,699,CR 17 B  CL 49,6.23599004,-75.54395471,BUENOS AIRES,50,38,False
3736,S-699,6,699,CR 17 B  CL 49,6.23599004,-75.54395471,BUENOS AIRES,50,68,True
3737,S-699,7,699,CR 17 B  CL 49,6.23599004,-75.54395471,BUENOS AIRES,50,57,True
3738,S-699,8,699,CR 17 B  CL 49,6.23599004,-75.54395471,BUENOS AIRES,50,32,False
3739,S-699,9,699,CR 17 B  CL 49,6.23599004,-75.54395471,BUENOS AIRES,50,49,False
3740,S-699,10,699,CR 17 B  CL 49,6.23599004,-75.54395471,BUENOS AIRES,50,35,False
3741,S-700,1,700,TV 39 B  CQ 1PEATONAL UPB,6.2411483,-75.59167573,LAURELES,50,56,True
3742,S-700,2,700,TV 39 B  CQ 1PEATONAL UPB,6.2411483,-75.59167573,LAURELES,50,31,False
3743,S-700,3,700,TV 39 B  CQ 1PEATONAL UPB,6.2411483,-75.59167573,LAURELES,50,58,True
3744,S-700,4,700,TV 39 B  CQ 1PEATONAL UPB,6.2411483,-75.59167573,LAURELES,50,67,True
3745,S-700,5,700,TV 39 B  CQ 1PEATONAL UPB,6.2411483,-75.59167573,LAURELES,50,32,False
3746,S-700,6,700,TV 39 B  CQ 1PEATONAL UPB,6.2411483,-75.59167573,LAURELES,50,45,False
3747,S-700,7,700,TV 39 B  CQ 1PEATONAL UPB,6.2411483,-75.59167573,LAURELES,50,59,True
3748,S-700,8,700,TV 39 B  CQ 1PEATONAL UPB,6.2411483,-75.59167573,LAURELES,50,69,True
3749,S-700,9,700,TV 39 B  CQ 1PEATONAL UPB,6.2411483,-75.59167573,LAURELES,50,31,False
3750,S-700,10,700,TV 39 B  CQ 1PEATONAL UPB,6.2411483,-75.59167573,LAURELES,50,46,False
3751,S-524,1,524,CR 80 C  CL 33 ,6.2387629,-75.60229906,LAURELES,50,70,True
3752,S-524,2,524,CR 80 C  CL 33 ,6.2387629,-75.60229906,LAURELES,50,41,False
3753,S-524,3,524,CR 80 C  CL 33 ,6.2387629,-75.60229906,LAURELES,50,64,True
3754,S-524,4,524,CR 80 C  CL 33 ,6.2387629,-75.60229906,LAURELES,50,72,True
3755,S-524,5,524,CR 80 C  CL 33 ,6.2387629,-75.60229906,LAURELES,50,30,False
3756,S-524,6,524,CR 80 C  CL 33 ,6.2387629,-75.60229906,LAURELES,50,74,True
3757,S-524,7,524,CR 80 C  CL 33 ,6.2387629,-75.60229906,LAURELES,50,44,False
3758,S-524,8,524,CR 80 C  CL 33 ,6.2387629,-75.60229906,LAURELES,50,55,True
3759,S-524,9,524,CR 80 C  CL 33 ,6.2387629,-75.60229906,LAURELES,50,66,True
3760,S-524,10,524,CR 80 C  CL 33 ,6.2387629,-75.60229906,LAURELES,50,50,False
3761,S-701,1,701,CR 52  CL 10,6.2148979,-75.58170394,GUAYABAL,50,78,True
3762,S-701,2,701,CR 52  CL 10,6.2148979,-75.58170394,GUAYABAL,50,60,True
3763,S-701,3,701,CR 52  CL 10,6.2148979,-75.58170394,GUAYABAL,50,54,True
3764,S-701,4,701,CR 52  CL 10,6.2148979,-75.58170394,GUAYABAL,50,52,True
3765,S-701,5,701,CR 52  CL 10,6.2148979,-75.58170394,GUAYABAL,50,53,True
3766,S-701,6,701,CR 52  CL 10,6.2148979,-75.58170394,GUAYABAL,50,67,True
3767,S-701,7,701,CR 52  CL 10,6.2148979,-75.58170394,GUAYABAL,50,57,True
3768,S-701,8,701,CR 52  CL 10,6.2148979,-75.58170394,GUAYABAL,50,50,False
3769,S-701,9,701,CR 52  CL 10,6.2148979,-75.58170394,GUAYABAL,50,72,True
3770,S-701,10,701,CR 52  CL 10,6.2148979,-75.58170394,GUAYABAL,50,47,False
3771,S-702,1,702,CR 43 A  CL 11 B,6.21282863,-75.56999231,EL POBLADO,50,65,True
3772,S-702,2,702,CR 43 A  CL 11 B,6.21282863,-75.56999231,EL POBLADO,50,64,True
3773,S-702,3,702,CR 43 A  CL 11 B,6.21282863,-75.56999231,EL POBLADO,50,74,True
3774,S-702,4,702,CR 43 A  CL 11 B,6.21282863,-75.56999231,EL POBLADO,50,38,False
3775,S-702,5,702,CR 43 A  CL 11 B,6.21282863,-75.56999231,EL POBLADO,50,67,True
3776,S-702,6,702,CR 43 A  CL 11 B,6.21282863,-75.56999231,EL POBLADO,50,59,True
3777,S-702,7,702,CR 43 A  CL 11 B,6.21282863,-75.56999231,EL POBLADO,50,73,True
3778,S-702,8,702,CR 43 A  CL 11 B,6.21282863,-75.56999231,EL POBLADO,50,63,True
3779,S-702,9,702,CR 43 A  CL 11 B,6.21282863,-75.56999231,EL POBLADO,50,61,True
3780,S-702,10,702,CR 43 A  CL 11 B,6.21282863,-75.56999231,EL POBLADO,50,32,False
3781,S-703,1,703,CR 40  CL 52,6.24780174,-75.55972993,LA CANDELARIA,50,32,False
3782,S-703,2,703,CR 40  CL 52,6.24780174,-75.55972993,LA CANDELARIA,50,57,True
3783,S-703,3,703,CR 40  CL 52,6.24780174,-75.55972993,LA CANDELARIA,50,73,True
3784,S-703,4,703,CR 40  CL 52,6.24780174,-75.55972993,LA CANDELARIA,50,44,False
3785,S-703,5,703,CR 40  CL 52,6.24780174,-75.55972993,LA CANDELARIA,50,70,True
3786,S-703,6,703,CR 40  CL 52,6.24780174,-75.55972993,LA CANDELARIA,50,52,True
3787,S-703,7,703,CR 40  CL 52,6.24780174,-75.55972993,LA CANDELARIA,50,69,True
3788,S-703,8,703,CR 40  CL 52,6.24780174,-75.55972993,LA CANDELARIA,50,40,False
3789,S-703,9,703,CR 40  CL 52,6.24780174,-75.55972993,LA CANDELARIA,50,77,True
3790,S-703,10,703,CR 40  CL 52,6.24780174,-75.55972993,LA CANDELARIA,50,61,True
3791,S-704,1,704,CR 40  CL 50,6.24596717,-75.56049278,LA CANDELARIA,50,65,True
3792,S-704,2,704,CR 40  CL 50,6.24596717,-75.56049278,LA CANDELARIA,50,62,True
3793,S-704,3,704,CR 40  CL 50,6.24596717,-75.56049278,LA CANDELARIA,50,53,True
3794,S-704,4,704,CR 40  CL 50,6.24596717,-75.56049278,LA CANDELARIA,50,68,True
3795,S-704,5,704,CR 40  CL 50,6.24596717,-75.56049278,LA CANDELARIA,50,63,True
3796,S-704,6,704,CR 40  CL 50,6.24596717,-75.56049278,LA CANDELARIA,50,57,True
3797,S-704,7,704,CR 40  CL 50,6.24596717,-75.56049278,LA CANDELARIA,50,66,True
3798,S-704,8,704,CR 40  CL 50,6.24596717,-75.56049278,LA CANDELARIA,50,36,False
3799,S-704,9,704,CR 40  CL 50,6.24596717,-75.56049278,LA CANDELARIA,50,33,False
3800,S-704,10,704,CR 40  CL 50,6.24596717,-75.56049278,LA CANDELARIA,50,66,True
3801,S-706,1,706,CR 42  CL 50,6.246856,-75.56209624,LA CANDELARIA,50,30,False
3802,S-706,2,706,CR 42  CL 50,6.246856,-75.56209624,LA CANDELARIA,50,30,False
3803,S-706,3,706,CR 42  CL 50,6.246856,-75.56209624,LA CANDELARIA,50,76,True
3804,S-706,4,706,CR 42  CL 50,6.246856,-75.56209624,LA CANDELARIA,50,49,False
3805,S-706,5,706,CR 42  CL 50,6.246856,-75.56209624,LA CANDELARIA,50,48,False
3806,S-706,6,706,CR 42  CL 50,6.246856,-75.56209624,LA CANDELARIA,50,58,True
3807,S-706,7,706,CR 42  CL 50,6.246856,-75.56209624,LA CANDELARIA,50,39,False
3808,S-706,8,706,CR 42  CL 50,6.246856,-75.56209624,LA CANDELARIA,50,47,False
3809,S-706,9,706,CR 42  CL 50,6.246856,-75.56209624,LA CANDELARIA,50,57,True
3810,S-706,10,706,CR 42  CL 50,6.246856,-75.56209624,LA CANDELARIA,50,64,True
3811,S-708,1,708,CR 65  CL 59A,6.25973658,-75.57978581,ROBLEDO,50,72,True
3812,S-708,2,708,CR 65  CL 59A,6.25973658,-75.57978581,ROBLEDO,50,76,True
3813,S-708,3,708,CR 65  CL 59A,6.25973658,-75.57978581,ROBLEDO,50,60,True
3814,S-708,4,708,CR 65  CL 59A,6.25973658,-75.57978581,ROBLEDO,50,56,True
3815,S-708,5,708,CR 65  CL 59A,6.25973658,-75.57978581,ROBLEDO,50,40,False
3816,S-708,6,708,CR 65  CL 59A,6.25973658,-75.57978581,ROBLEDO,50,78,True
3817,S-708,7,708,CR 65  CL 59A,6.25973658,-75.57978581,ROBLEDO,50,78,True
3818,S-708,8,708,CR 65  CL 59A,6.25973658,-75.57978581,ROBLEDO,50,67,True
3819,S-708,9,708,CR 65  CL 59A,6.25973658,-75.57978581,ROBLEDO,50,34,False
3820,S-708,10,708,CR 65  CL 59A,6.25973658,-75.57978581,ROBLEDO,50,37,False
3821,S-705,1,705,CR 29  CL 45,6.23718952,-75.55369552,BUENOS AIRES,50,63,True
3822,S-705,2,705,CR 29  CL 45,6.23718952,-75.55369552,BUENOS AIRES,50,77,True
3823,S-705,3,705,CR 29  CL 45,6.23718952,-75.55369552,BUENOS AIRES,50,41,False
3824,S-705,4,705,CR 29  CL 45,6.23718952,-75.55369552,BUENOS AIRES,50,67,True
3825,S-705,5,705,CR 29  CL 45,6.23718952,-75.55369552,BUENOS AIRES,50,30,False
3826,S-705,6,705,CR 29  CL 45,6.23718952,-75.55369552,BUENOS AIRES,50,60,True
3827,S-705,7,705,CR 29  CL 45,6.23718952,-75.55369552,BUENOS AIRES,50,33,False
3828,S-705,8,705,CR 29  CL 45,6.23718952,-75.55369552,BUENOS AIRES,50,78,True
3829,S-705,9,705,CR 29  CL 45,6.23718952,-75.55369552,BUENOS AIRES,50,74,True
3830,S-705,10,705,CR 29  CL 45,6.23718952,-75.55369552,BUENOS AIRES,50,79,True
3831,S-707,1,707,CR 30  CL 41,6.235382,-75.55580974,BUENOS AIRES,50,34,False
3832,S-707,2,707,CR 30  CL 41,6.235382,-75.55580974,BUENOS AIRES,50,59,True
3833,S-707,3,707,CR 30  CL 41,6.235382,-75.55580974,BUENOS AIRES,50,53,True
3834,S-707,4,707,CR 30  CL 41,6.235382,-75.55580974,BUENOS AIRES,50,32,False
3835,S-707,5,707,CR 30  CL 41,6.235382,-75.55580974,BUENOS AIRES,50,40,False
3836,S-707,6,707,CR 30  CL 41,6.235382,-75.55580974,BUENOS AIRES,50,74,True
3837,S-707,7,707,CR 30  CL 41,6.235382,-75.55580974,BUENOS AIRES,50,33,False
3838,S-707,8,707,CR 30  CL 41,6.235382,-75.55580974,BUENOS AIRES,50,55,True
3839,S-707,9,707,CR 30  CL 41,6.235382,-75.55580974,BUENOS AIRES,50,56,True
3840,S-707,10,707,CR 30  CL 41,6.235382,-75.55580974,BUENOS AIRES,50,75,True
3841,S-197,1,197,CR 47  CL 57,6.25396755,-75.5629068,LA CANDELARIA,50,72,True
3842,S-197,2,197,CR 47  CL 57,6.25396755,-75.5629068,LA CANDELARIA,50,56,True
3843,S-197,3,197,CR 47  CL 57,6.25396755,-75.5629068,LA CANDELARIA,50,71,True
3844,S-197,4,197,CR 47  CL 57,6.25396755,-75.5629068,LA CANDELARIA,50,80,True
3845,S-197,5,197,CR 47  CL 57,6.25396755,-75.5629068,LA CANDELARIA,50,79,True
3846,S-197,6,197,CR 47  CL 57,6.25396755,-75.5629068,LA CANDELARIA,50,35,False
3847,S-197,7,197,CR 47  CL 57,6.25396755,-75.5629068,LA CANDELARIA,50,44,False
3848,S-197,8,197,CR 47  CL 57,6.25396755,-75.5629068,LA CANDELARIA,50,59,True
3849,S-197,9,197,CR 47  CL 57,6.25396755,-75.5629068,LA CANDELARIA,50,71,True
3850,S-197,10,197,CR 47  CL 57,6.25396755,-75.5629068,LA CANDELARIA,50,66,True
3851,S-198,1,198,CR 47  CL 58,6.25447649,-75.56242245,LA CANDELARIA,50,66,True
3852,S-198,2,198,CR 47  CL 58,6.25447649,-75.56242245,LA CANDELARIA,50,71,True
3853,S-198,3,198,CR 47  CL 58,6.25447649,-75.56242245,LA CANDELARIA,50,66,True
3854,S-198,4,198,CR 47  CL 58,6.25447649,-75.56242245,LA CANDELARIA,50,64,True
3855,S-198,5,198,CR 47  CL 58,6.25447649,-75.56242245,LA CANDELARIA,50,52,True
3856,S-198,6,198,CR 47  CL 58,6.25447649,-75.56242245,LA CANDELARIA,50,35,False
3857,S-198,7,198,CR 47  CL 58,6.25447649,-75.56242245,LA CANDELARIA,50,33,False
3858,S-198,8,198,CR 47  CL 58,6.25447649,-75.56242245,LA CANDELARIA,50,47,False
3859,S-198,9,198,CR 47  CL 58,6.25447649,-75.56242245,LA CANDELARIA,50,38,False
3860,S-198,10,198,CR 47  CL 58,6.25447649,-75.56242245,LA CANDELARIA,50,78,True
3861,S-199,1,199,CR 47  CL 59,6.25528933,-75.56170053,LA CANDELARIA,50,58,True
3862,S-199,2,199,CR 47  CL 59,6.25528933,-75.56170053,LA CANDELARIA,50,42,False
3863,S-199,3,199,CR 47  CL 59,6.25528933,-75.56170053,LA CANDELARIA,50,76,True
3864,S-199,4,199,CR 47  CL 59,6.25528933,-75.56170053,LA CANDELARIA,50,46,False
3865,S-199,5,199,CR 47  CL 59,6.25528933,-75.56170053,LA CANDELARIA,50,74,True
3866,S-199,6,199,CR 47  CL 59,6.25528933,-75.56170053,LA CANDELARIA,50,61,True
3867,S-199,7,199,CR 47  CL 59,6.25528933,-75.56170053,LA CANDELARIA,50,77,True
3868,S-199,8,199,CR 47  CL 59,6.25528933,-75.56170053,LA CANDELARIA,50,51,True
3869,S-199,9,199,CR 47  CL 59,6.25528933,-75.56170053,LA CANDELARIA,50,33,False
3870,S-199,10,199,CR 47  CL 59,6.25528933,-75.56170053,LA CANDELARIA,50,34,False
3871,S-200,1,200,CR 47  CL 61,6.25679062,-75.56088547,LA CANDELARIA,50,66,True
3872,S-200,2,200,CR 47  CL 61,6.25679062,-75.56088547,LA CANDELARIA,50,70,True
3873,S-200,3,200,CR 47  CL 61,6.25679062,-75.56088547,LA CANDELARIA,50,78,True
3874,S-200,4,200,CR 47  CL 61,6.25679062,-75.56088547,LA CANDELARIA,50,42,False
3875,S-200,5,200,CR 47  CL 61,6.25679062,-75.56088547,LA CANDELARIA,50,63,True
3876,S-200,6,200,CR 47  CL 61,6.25679062,-75.56088547,LA CANDELARIA,50,74,True
3877,S-200,7,200,CR 47  CL 61,6.25679062,-75.56088547,LA CANDELARIA,50,51,True
3878,S-200,8,200,CR 47  CL 61,6.25679062,-75.56088547,LA CANDELARIA,50,52,True
3879,S-200,9,200,CR 47  CL 61,6.25679062,-75.56088547,LA CANDELARIA,50,80,True
3880,S-200,10,200,CR 47  CL 61,6.25679062,-75.56088547,LA CANDELARIA,50,32,False
3881,S-201,1,201,CR 47  CL 62,6.25754127,-75.56039644,LA CANDELARIA,50,71,True
3882,S-201,2,201,CR 47  CL 62,6.25754127,-75.56039644,LA CANDELARIA,50,63,True
3883,S-201,3,201,CR 47  CL 62,6.25754127,-75.56039644,LA CANDELARIA,50,61,True
3884,S-201,4,201,CR 47  CL 62,6.25754127,-75.56039644,LA CANDELARIA,50,74,True
3885,S-201,5,201,CR 47  CL 62,6.25754127,-75.56039644,LA CANDELARIA,50,80,True
3886,S-201,6,201,CR 47  CL 62,6.25754127,-75.56039644,LA CANDELARIA,50,78,True
3887,S-201,7,201,CR 47  CL 62,6.25754127,-75.56039644,LA CANDELARIA,50,50,False
3888,S-201,8,201,CR 47  CL 62,6.25754127,-75.56039644,LA CANDELARIA,50,75,True
3889,S-201,9,201,CR 47  CL 62,6.25754127,-75.56039644,LA CANDELARIA,50,73,True
3890,S-201,10,201,CR 47  CL 62,6.25754127,-75.56039644,LA CANDELARIA,50,50,False
3891,S-202,1,202,CR 47  CL 67,6.26321879,-75.55656245,ARANJUEZ,50,73,True
3892,S-202,2,202,CR 47  CL 67,6.26321879,-75.55656245,ARANJUEZ,50,40,False
3893,S-202,3,202,CR 47  CL 67,6.26321879,-75.55656245,ARANJUEZ,50,68,True
3894,S-202,4,202,CR 47  CL 67,6.26321879,-75.55656245,ARANJUEZ,50,33,False
3895,S-202,5,202,CR 47  CL 67,6.26321879,-75.55656245,ARANJUEZ,50,80,True
3896,S-202,6,202,CR 47  CL 67,6.26321879,-75.55656245,ARANJUEZ,50,30,False
3897,S-202,7,202,CR 47  CL 67,6.26321879,-75.55656245,ARANJUEZ,50,57,True
3898,S-202,8,202,CR 47  CL 67,6.26321879,-75.55656245,ARANJUEZ,50,53,True
3899,S-202,9,202,CR 47  CL 67,6.26321879,-75.55656245,ARANJUEZ,50,64,True
3900,S-202,10,202,CR 47  CL 67,6.26321879,-75.55656245,ARANJUEZ,50,42,False
3901,S-207,1,207,CR 48  CL 10Cost NORTE,6.21386209,-75.57614813,EL POBLADO,50,76,True
3902,S-207,2,207,CR 48  CL 10Cost NORTE,6.21386209,-75.57614813,EL POBLADO,50,63,True
3903,S-207,3,207,CR 48  CL 10Cost NORTE,6.21386209,-75.57614813,EL POBLADO,50,40,False
3904,S-207,4,207,CR 48  CL 10Cost NORTE,6.21386209,-75.57614813,EL POBLADO,50,65,True
3905,S-207,5,207,CR 48  CL 10Cost NORTE,6.21386209,-75.57614813,EL POBLADO,50,80,True
3906,S-207,6,207,CR 48  CL 10Cost NORTE,6.21386209,-75.57614813,EL POBLADO,50,46,False
3907,S-207,7,207,CR 48  CL 10Cost NORTE,6.21386209,-75.57614813,EL POBLADO,50,64,True
3908,S-207,8,207,CR 48  CL 10Cost NORTE,6.21386209,-75.57614813,EL POBLADO,50,47,False
3909,S-207,9,207,CR 48  CL 10Cost NORTE,6.21386209,-75.57614813,EL POBLADO,50,69,True
3910,S-207,10,207,CR 48  CL 10Cost NORTE,6.21386209,-75.57614813,EL POBLADO,50,51,True
3911,S-208,1,208,CR 48  CL 10Cost SUR,6.21279681,-75.57630629,EL POBLADO,50,53,True
3912,S-208,2,208,CR 48  CL 10Cost SUR,6.21279681,-75.57630629,EL POBLADO,50,48,False
3913,S-208,3,208,CR 48  CL 10Cost SUR,6.21279681,-75.57630629,EL POBLADO,50,66,True
3914,S-208,4,208,CR 48  CL 10Cost SUR,6.21279681,-75.57630629,EL POBLADO,50,68,True
3915,S-208,5,208,CR 48  CL 10Cost SUR,6.21279681,-75.57630629,EL POBLADO,50,50,False
3916,S-208,6,208,CR 48  CL 10Cost SUR,6.21279681,-75.57630629,EL POBLADO,50,37,False
3917,S-208,7,208,CR 48  CL 10Cost SUR,6.21279681,-75.57630629,EL POBLADO,50,57,True
3918,S-208,8,208,CR 48  CL 10Cost SUR,6.21279681,-75.57630629,EL POBLADO,50,34,False
3919,S-208,9,208,CR 48  CL 10Cost SUR,6.21279681,-75.57630629,EL POBLADO,50,46,False
3920,S-208,10,208,CR 48  CL 10Cost SUR,6.21279681,-75.57630629,EL POBLADO,50,66,True
3921,S-209,1,209,CR 48  CL 14,6.21496023,-75.57603512,EL POBLADO,50,65,True
3922,S-209,2,209,CR 48  CL 14,6.21496023,-75.57603512,EL POBLADO,50,48,False
3923,S-209,3,209,CR 48  CL 14,6.21496023,-75.57603512,EL POBLADO,50,56,True
3924,S-209,4,209,CR 48  CL 14,6.21496023,-75.57603512,EL POBLADO,50,63,True
3925,S-209,5,209,CR 48  CL 14,6.21496023,-75.57603512,EL POBLADO,50,40,False
3926,S-209,6,209,CR 48  CL 14,6.21496023,-75.57603512,EL POBLADO,50,74,True
3927,S-209,7,209,CR 48  CL 14,6.21496023,-75.57603512,EL POBLADO,50,76,True
3928,S-209,8,209,CR 48  CL 14,6.21496023,-75.57603512,EL POBLADO,50,41,False
3929,S-209,9,209,CR 48  CL 14,6.21496023,-75.57603512,EL POBLADO,50,50,False
3930,S-209,10,209,CR 48  CL 14,6.21496023,-75.57603512,EL POBLADO,50,40,False
3931,S-210,1,210,CR 48  CL 16 A,6.21803069,-75.57569202,EL POBLADO,50,68,True
3932,S-210,2,210,CR 48  CL 16 A,6.21803069,-75.57569202,EL POBLADO,50,57,True
3933,S-210,3,210,CR 48  CL 16 A,6.21803069,-75.57569202,EL POBLADO,50,34,False
3934,S-210,4,210,CR 48  CL 16 A,6.21803069,-75.57569202,EL POBLADO,50,46,False
3935,S-210,5,210,CR 48  CL 16 A,6.21803069,-75.57569202,EL POBLADO,50,49,False
3936,S-210,6,210,CR 48  CL 16 A,6.21803069,-75.57569202,EL POBLADO,50,70,True
3937,S-210,7,210,CR 48  CL 16 A,6.21803069,-75.57569202,EL POBLADO,50,75,True
3938,S-210,8,210,CR 48  CL 16 A,6.21803069,-75.57569202,EL POBLADO,50,41,False
3939,S-210,9,210,CR 48  CL 16 A,6.21803069,-75.57569202,EL POBLADO,50,35,False
3940,S-210,10,210,CR 48  CL 16 A,6.21803069,-75.57569202,EL POBLADO,50,46,False
3941,S-211,1,211,CR 48  CL 16 A S,6.19032692,-75.58043063,EL POBLADO,50,80,True
3942,S-211,2,211,CR 48  CL 16 A S,6.19032692,-75.58043063,EL POBLADO,50,48,False
3943,S-211,3,211,CR 48  CL 16 A S,6.19032692,-75.58043063,EL POBLADO,50,55,True
3944,S-211,4,211,CR 48  CL 16 A S,6.19032692,-75.58043063,EL POBLADO,50,77,True
3945,S-211,5,211,CR 48  CL 16 A S,6.19032692,-75.58043063,EL POBLADO,50,73,True
3946,S-211,6,211,CR 48  CL 16 A S,6.19032692,-75.58043063,EL POBLADO,50,73,True
3947,S-211,7,211,CR 48  CL 16 A S,6.19032692,-75.58043063,EL POBLADO,50,61,True
3948,S-211,8,211,CR 48  CL 16 A S,6.19032692,-75.58043063,EL POBLADO,50,35,False
3949,S-211,9,211,CR 48  CL 16 A S,6.19032692,-75.58043063,EL POBLADO,50,65,True
3950,S-211,10,211,CR 48  CL 16 A S,6.19032692,-75.58043063,EL POBLADO,50,67,True
3951,S-212,1,212,CR 48  CL 17,6.21861043,-75.57560624,EL POBLADO,50,40,False
3952,S-212,2,212,CR 48  CL 17,6.21861043,-75.57560624,EL POBLADO,50,62,True
3953,S-212,3,212,CR 48  CL 17,6.21861043,-75.57560624,EL POBLADO,50,53,True
3954,S-212,4,212,CR 48  CL 17,6.21861043,-75.57560624,EL POBLADO,50,52,True
3955,S-212,5,212,CR 48  CL 17,6.21861043,-75.57560624,EL POBLADO,50,44,False
3956,S-212,6,212,CR 48  CL 17,6.21861043,-75.57560624,EL POBLADO,50,56,True
3957,S-212,7,212,CR 48  CL 17,6.21861043,-75.57560624,EL POBLADO,50,40,False
3958,S-212,8,212,CR 48  CL 17,6.21861043,-75.57560624,EL POBLADO,50,80,True
3959,S-212,9,212,CR 48  CL 17,6.21861043,-75.57560624,EL POBLADO,50,79,True
3960,S-212,10,212,CR 48  CL 17,6.21861043,-75.57560624,EL POBLADO,50,46,False
3961,S-204,1,204,CR 48  CL 4 SCost norte,6.20341069,-75.57724397,EL POBLADO,50,80,True
3962,S-204,2,204,CR 48  CL 4 SCost norte,6.20341069,-75.57724397,EL POBLADO,50,43,False
3963,S-204,3,204,CR 48  CL 4 SCost norte,6.20341069,-75.57724397,EL POBLADO,50,56,True
3964,S-204,4,204,CR 48  CL 4 SCost norte,6.20341069,-75.57724397,EL POBLADO,50,47,False
3965,S-204,5,204,CR 48  CL 4 SCost norte,6.20341069,-75.57724397,EL POBLADO,50,57,True
3966,S-204,6,204,CR 48  CL 4 SCost norte,6.20341069,-75.57724397,EL POBLADO,50,80,True
3967,S-204,7,204,CR 48  CL 4 SCost norte,6.20341069,-75.57724397,EL POBLADO,50,76,True
3968,S-204,8,204,CR 48  CL 4 SCost norte,6.20341069,-75.57724397,EL POBLADO,50,76,True
3969,S-204,9,204,CR 48  CL 4 SCost norte,6.20341069,-75.57724397,EL POBLADO,50,33,False
3970,S-204,10,204,CR 48  CL 4 SCost norte,6.20341069,-75.57724397,EL POBLADO,50,36,False
3971,S-214,1,214,CR 48  CL 24,6.2255458,-75.57502726,EL POBLADO,50,74,True
3972,S-214,2,214,CR 48  CL 24,6.2255458,-75.57502726,EL POBLADO,50,64,True
3973,S-214,3,214,CR 48  CL 24,6.2255458,-75.57502726,EL POBLADO,50,77,True
3974,S-214,4,214,CR 48  CL 24,6.2255458,-75.57502726,EL POBLADO,50,38,False
3975,S-214,5,214,CR 48  CL 24,6.2255458,-75.57502726,EL POBLADO,50,37,False
3976,S-214,6,214,CR 48  CL 24,6.2255458,-75.57502726,EL POBLADO,50,74,True
3977,S-214,7,214,CR 48  CL 24,6.2255458,-75.57502726,EL POBLADO,50,46,False
3978,S-214,8,214,CR 48  CL 24,6.2255458,-75.57502726,EL POBLADO,50,46,False
3979,S-214,9,214,CR 48  CL 24,6.2255458,-75.57502726,EL POBLADO,50,78,True
3980,S-214,10,214,CR 48  CL 24,6.2255458,-75.57502726,EL POBLADO,50,62,True
3981,S-216,1,216,CR 48  CL 30,6.23165816,-75.57442193,LA CANDELARIA,50,61,True
3982,S-216,2,216,CR 48  CL 30,6.23165816,-75.57442193,LA CANDELARIA,50,37,False
3983,S-216,3,216,CR 48  CL 30,6.23165816,-75.57442193,LA CANDELARIA,50,48,False
3984,S-216,4,216,CR 48  CL 30,6.23165816,-75.57442193,LA CANDELARIA,50,67,True
3985,S-216,5,216,CR 48  CL 30,6.23165816,-75.57442193,LA CANDELARIA,50,32,False
3986,S-216,6,216,CR 48  CL 30,6.23165816,-75.57442193,LA CANDELARIA,50,34,False
3987,S-216,7,216,CR 48  CL 30,6.23165816,-75.57442193,LA CANDELARIA,50,42,False
3988,S-216,8,216,CR 48  CL 30,6.23165816,-75.57442193,LA CANDELARIA,50,76,True
3989,S-216,9,216,CR 48  CL 30,6.23165816,-75.57442193,LA CANDELARIA,50,75,True
3990,S-216,10,216,CR 48  CL 30,6.23165816,-75.57442193,LA CANDELARIA,50,60,True
3991,S-218,1,218,CR 48  CL 34,6.23521444,-75.57276963,LA CANDELARIA,50,45,False
3992,S-218,2,218,CR 48  CL 34,6.23521444,-75.57276963,LA CANDELARIA,50,79,True
3993,S-218,3,218,CR 48  CL 34,6.23521444,-75.57276963,LA CANDELARIA,50,61,True
3994,S-218,4,218,CR 48  CL 34,6.23521444,-75.57276963,LA CANDELARIA,50,51,True
3995,S-218,5,218,CR 48  CL 34,6.23521444,-75.57276963,LA CANDELARIA,50,58,True
3996,S-218,6,218,CR 48  CL 34,6.23521444,-75.57276963,LA CANDELARIA,50,51,True
3997,S-218,7,218,CR 48  CL 34,6.23521444,-75.57276963,LA CANDELARIA,50,72,True
3998,S-218,8,218,CR 48  CL 34,6.23521444,-75.57276963,LA CANDELARIA,50,32,False
3999,S-218,9,218,CR 48  CL 34,6.23521444,-75.57276963,LA CANDELARIA,50,39,False
4000,S-218,10,218,CR 48  CL 34,6.23521444,-75.57276963,LA CANDELARIA,50,71,True
4001,S-219,1,219,CR 48  CL 36,6.23705812,-75.57199789,LA CANDELARIA,50,50,False
4002,S-219,2,219,CR 48  CL 36,6.23705812,-75.57199789,LA CANDELARIA,50,45,False
4003,S-219,3,219,CR 48  CL 36,6.23705812,-75.57199789,LA CANDELARIA,50,41,False
4004,S-219,4,219,CR 48  CL 36,6.23705812,-75.57199789,LA CANDELARIA,50,31,False
4005,S-219,5,219,CR 48  CL 36,6.23705812,-75.57199789,LA CANDELARIA,50,70,True
4006,S-219,6,219,CR 48  CL 36,6.23705812,-75.57199789,LA CANDELARIA,50,53,True
4007,S-219,7,219,CR 48  CL 36,6.23705812,-75.57199789,LA CANDELARIA,50,64,True
4008,S-219,8,219,CR 48  CL 36,6.23705812,-75.57199789,LA CANDELARIA,50,59,True
4009,S-219,9,219,CR 48  CL 36,6.23705812,-75.57199789,LA CANDELARIA,50,59,True
4010,S-219,10,219,CR 48  CL 36,6.23705812,-75.57199789,LA CANDELARIA,50,76,True
4011,S-220,1,220,CR 48  CL 37,6.23777312,-75.57173697,LA CANDELARIA,50,64,True
4012,S-220,2,220,CR 48  CL 37,6.23777312,-75.57173697,LA CANDELARIA,50,48,False
4013,S-220,3,220,CR 48  CL 37,6.23777312,-75.57173697,LA CANDELARIA,50,79,True
4014,S-220,4,220,CR 48  CL 37,6.23777312,-75.57173697,LA CANDELARIA,50,37,False
4015,S-220,5,220,CR 48  CL 37,6.23777312,-75.57173697,LA CANDELARIA,50,55,True
4016,S-220,6,220,CR 48  CL 37,6.23777312,-75.57173697,LA CANDELARIA,50,78,True
4017,S-220,7,220,CR 48  CL 37,6.23777312,-75.57173697,LA CANDELARIA,50,69,True
4018,S-220,8,220,CR 48  CL 37,6.23777312,-75.57173697,LA CANDELARIA,50,36,False
4019,S-220,9,220,CR 48  CL 37,6.23777312,-75.57173697,LA CANDELARIA,50,59,True
4020,S-220,10,220,CR 48  CL 37,6.23777312,-75.57173697,LA CANDELARIA,50,36,False
4021,S-221,1,221,CR 48  CL 38,6.23870719,-75.5713672,LA CANDELARIA,50,32,False
4022,S-221,2,221,CR 48  CL 38,6.23870719,-75.5713672,LA CANDELARIA,50,30,False
4023,S-221,3,221,CR 48  CL 38,6.23870719,-75.5713672,LA CANDELARIA,50,65,True
4024,S-221,4,221,CR 48  CL 38,6.23870719,-75.5713672,LA CANDELARIA,50,54,True
4025,S-221,5,221,CR 48  CL 38,6.23870719,-75.5713672,LA CANDELARIA,50,66,True
4026,S-221,6,221,CR 48  CL 38,6.23870719,-75.5713672,LA CANDELARIA,50,30,False
4027,S-221,7,221,CR 48  CL 38,6.23870719,-75.5713672,LA CANDELARIA,50,44,False
4028,S-221,8,221,CR 48  CL 38,6.23870719,-75.5713672,LA CANDELARIA,50,66,True
4029,S-221,9,221,CR 48  CL 38,6.23870719,-75.5713672,LA CANDELARIA,50,42,False
4030,S-221,10,221,CR 48  CL 38,6.23870719,-75.5713672,LA CANDELARIA,50,69,True
4031,S-223,1,223,CR 48  CL 41,6.24140479,-75.57031454,LA CANDELARIA,50,37,False
4032,S-223,2,223,CR 48  CL 41,6.24140479,-75.57031454,LA CANDELARIA,50,34,False
4033,S-223,3,223,CR 48  CL 41,6.24140479,-75.57031454,LA CANDELARIA,50,38,False
4034,S-223,4,223,CR 48  CL 41,6.24140479,-75.57031454,LA CANDELARIA,50,30,False
4035,S-223,5,223,CR 48  CL 41,6.24140479,-75.57031454,LA CANDELARIA,50,65,True
4036,S-223,6,223,CR 48  CL 41,6.24140479,-75.57031454,LA CANDELARIA,50,64,True
4037,S-223,7,223,CR 48  CL 41,6.24140479,-75.57031454,LA CANDELARIA,50,31,False
4038,S-223,8,223,CR 48  CL 41,6.24140479,-75.57031454,LA CANDELARIA,50,69,True
4039,S-223,9,223,CR 48  CL 41,6.24140479,-75.57031454,LA CANDELARIA,50,52,True
4040,S-223,10,223,CR 48  CL 41,6.24140479,-75.57031454,LA CANDELARIA,50,38,False
4041,S-224,1,224,CR 48  CL 57,6.25427305,-75.56336716,LA CANDELARIA,50,63,True
4042,S-224,2,224,CR 48  CL 57,6.25427305,-75.56336716,LA CANDELARIA,50,75,True
4043,S-224,3,224,CR 48  CL 57,6.25427305,-75.56336716,LA CANDELARIA,50,43,False
4044,S-224,4,224,CR 48  CL 57,6.25427305,-75.56336716,LA CANDELARIA,50,33,False
4045,S-224,5,224,CR 48  CL 57,6.25427305,-75.56336716,LA CANDELARIA,50,59,True
4046,S-224,6,224,CR 48  CL 57,6.25427305,-75.56336716,LA CANDELARIA,50,60,True
4047,S-224,7,224,CR 48  CL 57,6.25427305,-75.56336716,LA CANDELARIA,50,67,True
4048,S-224,8,224,CR 48  CL 57,6.25427305,-75.56336716,LA CANDELARIA,50,40,False
4049,S-224,9,224,CR 48  CL 57,6.25427305,-75.56336716,LA CANDELARIA,50,64,True
4050,S-224,10,224,CR 48  CL 57,6.25427305,-75.56336716,LA CANDELARIA,50,37,False
4051,S-225,1,225,CR 48  CL 58,6.25499561,-75.56287419,LA CANDELARIA,50,32,False
4052,S-225,2,225,CR 48  CL 58,6.25499561,-75.56287419,LA CANDELARIA,50,43,False
4053,S-225,3,225,CR 48  CL 58,6.25499561,-75.56287419,LA CANDELARIA,50,42,False
4054,S-225,4,225,CR 48  CL 58,6.25499561,-75.56287419,LA CANDELARIA,50,74,True
4055,S-225,5,225,CR 48  CL 58,6.25499561,-75.56287419,LA CANDELARIA,50,61,True
4056,S-225,6,225,CR 48  CL 58,6.25499561,-75.56287419,LA CANDELARIA,50,63,True
4057,S-225,7,225,CR 48  CL 58,6.25499561,-75.56287419,LA CANDELARIA,50,74,True
4058,S-225,8,225,CR 48  CL 58,6.25499561,-75.56287419,LA CANDELARIA,50,48,False
4059,S-225,9,225,CR 48  CL 58,6.25499561,-75.56287419,LA CANDELARIA,50,67,True
4060,S-225,10,225,CR 48  CL 58,6.25499561,-75.56287419,LA CANDELARIA,50,45,False
4061,S-226,1,226,CR 48  CL 59,6.25584417,-75.56235255,LA CANDELARIA,50,31,False
4062,S-226,2,226,CR 48  CL 59,6.25584417,-75.56235255,LA CANDELARIA,50,69,True
4063,S-226,3,226,CR 48  CL 59,6.25584417,-75.56235255,LA CANDELARIA,50,46,False
4064,S-226,4,226,CR 48  CL 59,6.25584417,-75.56235255,LA CANDELARIA,50,63,True
4065,S-226,5,226,CR 48  CL 59,6.25584417,-75.56235255,LA CANDELARIA,50,71,True
4066,S-226,6,226,CR 48  CL 59,6.25584417,-75.56235255,LA CANDELARIA,50,45,False
4067,S-226,7,226,CR 48  CL 59,6.25584417,-75.56235255,LA CANDELARIA,50,67,True
4068,S-226,8,226,CR 48  CL 59,6.25584417,-75.56235255,LA CANDELARIA,50,31,False
4069,S-226,9,226,CR 48  CL 59,6.25584417,-75.56235255,LA CANDELARIA,50,31,False
4070,S-226,10,226,CR 48  CL 59,6.25584417,-75.56235255,LA CANDELARIA,50,55,True
4071,S-227,1,227,CR 48  CL 61,6.25724755,-75.56145599,LA CANDELARIA,50,42,False
4072,S-227,2,227,CR 48  CL 61,6.25724755,-75.56145599,LA CANDELARIA,50,76,True
4073,S-227,3,227,CR 48  CL 61,6.25724755,-75.56145599,LA CANDELARIA,50,60,True
4074,S-227,4,227,CR 48  CL 61,6.25724755,-75.56145599,LA CANDELARIA,50,63,True
4075,S-227,5,227,CR 48  CL 61,6.25724755,-75.56145599,LA CANDELARIA,50,68,True
4076,S-227,6,227,CR 48  CL 61,6.25724755,-75.56145599,LA CANDELARIA,50,32,False
4077,S-227,7,227,CR 48  CL 61,6.25724755,-75.56145599,LA CANDELARIA,50,37,False
4078,S-227,8,227,CR 48  CL 61,6.25724755,-75.56145599,LA CANDELARIA,50,52,True
4079,S-227,9,227,CR 48  CL 61,6.25724755,-75.56145599,LA CANDELARIA,50,43,False
4080,S-227,10,227,CR 48  CL 61,6.25724755,-75.56145599,LA CANDELARIA,50,56,True
4081,S-228,1,228,CR 48  CL 62,6.2579166,-75.56099956,LA CANDELARIA,50,58,True
4082,S-228,2,228,CR 48  CL 62,6.2579166,-75.56099956,LA CANDELARIA,50,68,True
4083,S-228,3,228,CR 48  CL 62,6.2579166,-75.56099956,LA CANDELARIA,50,68,True
4084,S-228,4,228,CR 48  CL 62,6.2579166,-75.56099956,LA CANDELARIA,50,30,False
4085,S-228,5,228,CR 48  CL 62,6.2579166,-75.56099956,LA CANDELARIA,50,46,False
4086,S-228,6,228,CR 48  CL 62,6.2579166,-75.56099956,LA CANDELARIA,50,70,True
4087,S-228,7,228,CR 48  CL 62,6.2579166,-75.56099956,LA CANDELARIA,50,59,True
4088,S-228,8,228,CR 48  CL 62,6.2579166,-75.56099956,LA CANDELARIA,50,42,False
4089,S-228,9,228,CR 48  CL 62,6.2579166,-75.56099956,LA CANDELARIA,50,50,False
4090,S-228,10,228,CR 48  CL 62,6.2579166,-75.56099956,LA CANDELARIA,50,48,False
4091,S-229,1,229,CR 48  CL 9PEAT MREY COST NORTE,6.21375098,-75.57716329,EL POBLADO,50,48,False
4092,S-229,2,229,CR 48  CL 9PEAT MREY COST NORTE,6.21375098,-75.57716329,EL POBLADO,50,54,True
4093,S-229,3,229,CR 48  CL 9PEAT MREY COST NORTE,6.21375098,-75.57716329,EL POBLADO,50,51,True
4094,S-229,4,229,CR 48  CL 9PEAT MREY COST NORTE,6.21375098,-75.57716329,EL POBLADO,50,60,True
4095,S-229,5,229,CR 48  CL 9PEAT MREY COST NORTE,6.21375098,-75.57716329,EL POBLADO,50,46,False
4096,S-229,6,229,CR 48  CL 9PEAT MREY COST NORTE,6.21375098,-75.57716329,EL POBLADO,50,52,True
4097,S-229,7,229,CR 48  CL 9PEAT MREY COST NORTE,6.21375098,-75.57716329,EL POBLADO,50,61,True
4098,S-229,8,229,CR 48  CL 9PEAT MREY COST NORTE,6.21375098,-75.57716329,EL POBLADO,50,39,False
4099,S-229,9,229,CR 48  CL 9PEAT MREY COST NORTE,6.21375098,-75.57716329,EL POBLADO,50,39,False
4100,S-229,10,229,CR 48  CL 9PEAT MREY COST NORTE,6.21375098,-75.57716329,EL POBLADO,50,65,True
4101,S-230,1,230,CR 48  CL 9PEAT MREY COST SUR,6.21313634,-75.57736873,EL POBLADO,50,37,False
4102,S-230,2,230,CR 48  CL 9PEAT MREY COST SUR,6.21313634,-75.57736873,EL POBLADO,50,49,False
4103,S-230,3,230,CR 48  CL 9PEAT MREY COST SUR,6.21313634,-75.57736873,EL POBLADO,50,61,True
4104,S-230,4,230,CR 48  CL 9PEAT MREY COST SUR,6.21313634,-75.57736873,EL POBLADO,50,79,True
4105,S-230,5,230,CR 48  CL 9PEAT MREY COST SUR,6.21313634,-75.57736873,EL POBLADO,50,43,False
4106,S-230,6,230,CR 48  CL 9PEAT MREY COST SUR,6.21313634,-75.57736873,EL POBLADO,50,79,True
4107,S-230,7,230,CR 48  CL 9PEAT MREY COST SUR,6.21313634,-75.57736873,EL POBLADO,50,57,True
4108,S-230,8,230,CR 48  CL 9PEAT MREY COST SUR,6.21313634,-75.57736873,EL POBLADO,50,75,True
4109,S-230,9,230,CR 48  CL 9PEAT MREY COST SUR,6.21313634,-75.57736873,EL POBLADO,50,53,True
4110,S-230,10,230,CR 48  CL 9PEAT MREY COST SUR,6.21313634,-75.57736873,EL POBLADO,50,44,False
4111,S-232,1,232,CR 49  CL 46,6.24670643,-75.56826188,LA CANDELARIA,50,51,True
4112,S-232,2,232,CR 49  CL 46,6.24670643,-75.56826188,LA CANDELARIA,50,59,True
4113,S-232,3,232,CR 49  CL 46,6.24670643,-75.56826188,LA CANDELARIA,50,33,False
4114,S-232,4,232,CR 49  CL 46,6.24670643,-75.56826188,LA CANDELARIA,50,42,False
4115,S-232,5,232,CR 49  CL 46,6.24670643,-75.56826188,LA CANDELARIA,50,52,True
4116,S-232,6,232,CR 49  CL 46,6.24670643,-75.56826188,LA CANDELARIA,50,37,False
4117,S-232,7,232,CR 49  CL 46,6.24670643,-75.56826188,LA CANDELARIA,50,47,False
4118,S-232,8,232,CR 49  CL 46,6.24670643,-75.56826188,LA CANDELARIA,50,41,False
4119,S-232,9,232,CR 49  CL 46,6.24670643,-75.56826188,LA CANDELARIA,50,60,True
4120,S-232,10,232,CR 49  CL 46,6.24670643,-75.56826188,LA CANDELARIA,50,43,False
4121,S-233,1,233,CR 49  CL 48,6.24758763,-75.56775657,LA CANDELARIA,50,63,True
4122,S-233,2,233,CR 49  CL 48,6.24758763,-75.56775657,LA CANDELARIA,50,47,False
4123,S-233,3,233,CR 49  CL 48,6.24758763,-75.56775657,LA CANDELARIA,50,63,True
4124,S-233,4,233,CR 49  CL 48,6.24758763,-75.56775657,LA CANDELARIA,50,40,False
4125,S-233,5,233,CR 49  CL 48,6.24758763,-75.56775657,LA CANDELARIA,50,70,True
4126,S-233,6,233,CR 49  CL 48,6.24758763,-75.56775657,LA CANDELARIA,50,41,False
4127,S-233,7,233,CR 49  CL 48,6.24758763,-75.56775657,LA CANDELARIA,50,78,True
4128,S-233,8,233,CR 49  CL 48,6.24758763,-75.56775657,LA CANDELARIA,50,44,False
4129,S-233,9,233,CR 49  CL 48,6.24758763,-75.56775657,LA CANDELARIA,50,60,True
4130,S-233,10,233,CR 49  CL 48,6.24758763,-75.56775657,LA CANDELARIA,50,78,True
4131,S-234,1,234,CR 49  CL 49,6.24822405,-75.56734905,LA CANDELARIA,50,58,True
4132,S-234,2,234,CR 49  CL 49,6.24822405,-75.56734905,LA CANDELARIA,50,55,True
4133,S-234,3,234,CR 49  CL 49,6.24822405,-75.56734905,LA CANDELARIA,50,47,False
4134,S-234,4,234,CR 49  CL 49,6.24822405,-75.56734905,LA CANDELARIA,50,61,True
4135,S-234,5,234,CR 49  CL 49,6.24822405,-75.56734905,LA CANDELARIA,50,51,True
4136,S-234,6,234,CR 49  CL 49,6.24822405,-75.56734905,LA CANDELARIA,50,67,True
4137,S-234,7,234,CR 49  CL 49,6.24822405,-75.56734905,LA CANDELARIA,50,46,False
4138,S-234,8,234,CR 49  CL 49,6.24822405,-75.56734905,LA CANDELARIA,50,52,True
4139,S-234,9,234,CR 49  CL 49,6.24822405,-75.56734905,LA CANDELARIA,50,53,True
4140,S-234,10,234,CR 49  CL 49,6.24822405,-75.56734905,LA CANDELARIA,50,79,True
4141,S-235,1,235,CR 49  CL 50,6.24902366,-75.56695784,LA CANDELARIA,50,37,False
4142,S-235,2,235,CR 49  CL 50,6.24902366,-75.56695784,LA CANDELARIA,50,70,True
4143,S-235,3,235,CR 49  CL 50,6.24902366,-75.56695784,LA CANDELARIA,50,35,False
4144,S-235,4,235,CR 49  CL 50,6.24902366,-75.56695784,LA CANDELARIA,50,34,False
4145,S-235,5,235,CR 49  CL 50,6.24902366,-75.56695784,LA CANDELARIA,50,73,True
4146,S-235,6,235,CR 49  CL 50,6.24902366,-75.56695784,LA CANDELARIA,50,58,True
4147,S-235,7,235,CR 49  CL 50,6.24902366,-75.56695784,LA CANDELARIA,50,57,True
4148,S-235,8,235,CR 49  CL 50,6.24902366,-75.56695784,LA CANDELARIA,50,40,False
4149,S-235,9,235,CR 49  CL 50,6.24902366,-75.56695784,LA CANDELARIA,50,30,False
4150,S-235,10,235,CR 49  CL 50,6.24902366,-75.56695784,LA CANDELARIA,50,72,True
4151,S-236,1,236,CR 49  CL 52,6.24999213,-75.56642822,LA CANDELARIA,50,48,False
4152,S-236,2,236,CR 49  CL 52,6.24999213,-75.56642822,LA CANDELARIA,50,38,False
4153,S-236,3,236,CR 49  CL 52,6.24999213,-75.56642822,LA CANDELARIA,50,56,True
4154,S-236,4,236,CR 49  CL 52,6.24999213,-75.56642822,LA CANDELARIA,50,63,True
4155,S-236,5,236,CR 49  CL 52,6.24999213,-75.56642822,LA CANDELARIA,50,73,True
4156,S-236,6,236,CR 49  CL 52,6.24999213,-75.56642822,LA CANDELARIA,50,33,False
4157,S-236,7,236,CR 49  CL 52,6.24999213,-75.56642822,LA CANDELARIA,50,65,True
4158,S-236,8,236,CR 49  CL 52,6.24999213,-75.56642822,LA CANDELARIA,50,47,False
4159,S-236,9,236,CR 49  CL 52,6.24999213,-75.56642822,LA CANDELARIA,50,44,False
4160,S-236,10,236,CR 49  CL 52,6.24999213,-75.56642822,LA CANDELARIA,50,80,True
4161,S-237,1,237,CR 49  CL 53,6.25156874,-75.56548879,LA CANDELARIA,50,42,False
4162,S-237,2,237,CR 49  CL 53,6.25156874,-75.56548879,LA CANDELARIA,50,48,False
4163,S-237,3,237,CR 49  CL 53,6.25156874,-75.56548879,LA CANDELARIA,50,78,True
4164,S-237,4,237,CR 49  CL 53,6.25156874,-75.56548879,LA CANDELARIA,50,35,False
4165,S-237,5,237,CR 49  CL 53,6.25156874,-75.56548879,LA CANDELARIA,50,77,True
4166,S-237,6,237,CR 49  CL 53,6.25156874,-75.56548879,LA CANDELARIA,50,41,False
4167,S-237,7,237,CR 49  CL 53,6.25156874,-75.56548879,LA CANDELARIA,50,80,True
4168,S-237,8,237,CR 49  CL 53,6.25156874,-75.56548879,LA CANDELARIA,50,66,True
4169,S-237,9,237,CR 49  CL 53,6.25156874,-75.56548879,LA CANDELARIA,50,46,False
4170,S-237,10,237,CR 49  CL 53,6.25156874,-75.56548879,LA CANDELARIA,50,52,True
4171,S-238,1,238,CR 49  CL 54,6.25225908,-75.56505869,LA CANDELARIA,50,55,True
4172,S-238,2,238,CR 49  CL 54,6.25225908,-75.56505869,LA CANDELARIA,50,58,True
4173,S-238,3,238,CR 49  CL 54,6.25225908,-75.56505869,LA CANDELARIA,50,62,True
4174,S-238,4,238,CR 49  CL 54,6.25225908,-75.56505869,LA CANDELARIA,50,56,True
4175,S-238,5,238,CR 49  CL 54,6.25225908,-75.56505869,LA CANDELARIA,50,54,True
4176,S-238,6,238,CR 49  CL 54,6.25225908,-75.56505869,LA CANDELARIA,50,39,False
4177,S-238,7,238,CR 49  CL 54,6.25225908,-75.56505869,LA CANDELARIA,50,76,True
4178,S-238,8,238,CR 49  CL 54,6.25225908,-75.56505869,LA CANDELARIA,50,52,True
4179,S-238,9,238,CR 49  CL 54,6.25225908,-75.56505869,LA CANDELARIA,50,50,False
4180,S-238,10,238,CR 49  CL 54,6.25225908,-75.56505869,LA CANDELARIA,50,50,False
4181,S-239,1,239,CR 49  CL 57,6.25455502,-75.56396634,LA CANDELARIA,50,72,True
4182,S-239,2,239,CR 49  CL 57,6.25455502,-75.56396634,LA CANDELARIA,50,42,False
4183,S-239,3,239,CR 49  CL 57,6.25455502,-75.56396634,LA CANDELARIA,50,66,True
4184,S-239,4,239,CR 49  CL 57,6.25455502,-75.56396634,LA CANDELARIA,50,62,True
4185,S-239,5,239,CR 49  CL 57,6.25455502,-75.56396634,LA CANDELARIA,50,53,True
4186,S-239,6,239,CR 49  CL 57,6.25455502,-75.56396634,LA CANDELARIA,50,73,True
4187,S-239,7,239,CR 49  CL 57,6.25455502,-75.56396634,LA CANDELARIA,50,40,False
4188,S-239,8,239,CR 49  CL 57,6.25455502,-75.56396634,LA CANDELARIA,50,46,False
4189,S-239,9,239,CR 49  CL 57,6.25455502,-75.56396634,LA CANDELARIA,50,33,False
4190,S-239,10,239,CR 49  CL 57,6.25455502,-75.56396634,LA CANDELARIA,50,76,True
4191,S-240,1,240,CR 49  CL 67,6.26350471,-75.55975757,ARANJUEZ,50,54,True
4192,S-240,2,240,CR 49  CL 67,6.26350471,-75.55975757,ARANJUEZ,50,59,True
4193,S-240,3,240,CR 49  CL 67,6.26350471,-75.55975757,ARANJUEZ,50,38,False
4194,S-240,4,240,CR 49  CL 67,6.26350471,-75.55975757,ARANJUEZ,50,50,False
4195,S-240,5,240,CR 49  CL 67,6.26350471,-75.55975757,ARANJUEZ,50,49,False
4196,S-240,6,240,CR 49  CL 67,6.26350471,-75.55975757,ARANJUEZ,50,48,False
4197,S-240,7,240,CR 49  CL 67,6.26350471,-75.55975757,ARANJUEZ,50,48,False
4198,S-240,8,240,CR 49  CL 67,6.26350471,-75.55975757,ARANJUEZ,50,41,False
4199,S-240,9,240,CR 49  CL 67,6.26350471,-75.55975757,ARANJUEZ,50,66,True
4200,S-240,10,240,CR 49  CL 67,6.26350471,-75.55975757,ARANJUEZ,50,71,True
4201,S-241,1,241,CR 49  CL 73,6.26886504,-75.55881188,ARANJUEZ,50,46,False
4202,S-241,2,241,CR 49  CL 73,6.26886504,-75.55881188,ARANJUEZ,50,66,True
4203,S-241,3,241,CR 49  CL 73,6.26886504,-75.55881188,ARANJUEZ,50,77,True
4204,S-241,4,241,CR 49  CL 73,6.26886504,-75.55881188,ARANJUEZ,50,68,True
4205,S-241,5,241,CR 49  CL 73,6.26886504,-75.55881188,ARANJUEZ,50,57,True
4206,S-241,6,241,CR 49  CL 73,6.26886504,-75.55881188,ARANJUEZ,50,70,True
4207,S-241,7,241,CR 49  CL 73,6.26886504,-75.55881188,ARANJUEZ,50,64,True
4208,S-241,8,241,CR 49  CL 73,6.26886504,-75.55881188,ARANJUEZ,50,76,True
4209,S-241,9,241,CR 49  CL 73,6.26886504,-75.55881188,ARANJUEZ,50,77,True
4210,S-241,10,241,CR 49  CL 73,6.26886504,-75.55881188,ARANJUEZ,50,47,False
4211,S-242,1,242,CR 49  CL 78,6.27178604,-75.55832279,ARANJUEZ,50,43,False
4212,S-242,2,242,CR 49  CL 78,6.27178604,-75.55832279,ARANJUEZ,50,64,True
4213,S-242,3,242,CR 49  CL 78,6.27178604,-75.55832279,ARANJUEZ,50,73,True
4214,S-242,4,242,CR 49  CL 78,6.27178604,-75.55832279,ARANJUEZ,50,70,True
4215,S-242,5,242,CR 49  CL 78,6.27178604,-75.55832279,ARANJUEZ,50,36,False
4216,S-242,6,242,CR 49  CL 78,6.27178604,-75.55832279,ARANJUEZ,50,70,True
4217,S-242,7,242,CR 49  CL 78,6.27178604,-75.55832279,ARANJUEZ,50,42,False
4218,S-242,8,242,CR 49  CL 78,6.27178604,-75.55832279,ARANJUEZ,50,47,False
4219,S-242,9,242,CR 49  CL 78,6.27178604,-75.55832279,ARANJUEZ,50,66,True
4220,S-242,10,242,CR 49  CL 78,6.27178604,-75.55832279,ARANJUEZ,50,42,False
4221,S-245,1,245,CR 50 C  CL 12 S,6.19583984,-75.58329704,GUAYABAL,50,65,True
4222,S-245,2,245,CR 50 C  CL 12 S,6.19583984,-75.58329704,GUAYABAL,50,60,True
4223,S-245,3,245,CR 50 C  CL 12 S,6.19583984,-75.58329704,GUAYABAL,50,31,False
4224,S-245,4,245,CR 50 C  CL 12 S,6.19583984,-75.58329704,GUAYABAL,50,45,False
4225,S-245,5,245,CR 50 C  CL 12 S,6.19583984,-75.58329704,GUAYABAL,50,38,False
4226,S-245,6,245,CR 50 C  CL 12 S,6.19583984,-75.58329704,GUAYABAL,50,38,False
4227,S-245,7,245,CR 50 C  CL 12 S,6.19583984,-75.58329704,GUAYABAL,50,67,True
4228,S-245,8,245,CR 50 C  CL 12 S,6.19583984,-75.58329704,GUAYABAL,50,40,False
4229,S-245,9,245,CR 50 C  CL 12 S,6.19583984,-75.58329704,GUAYABAL,50,51,True
4230,S-245,10,245,CR 50 C  CL 12 S,6.19583984,-75.58329704,GUAYABAL,50,62,True
4231,S-246,1,246,CR 50 FF  CL 12 S,6.19629166,-75.58497343,GUAYABAL,50,65,True
4232,S-246,2,246,CR 50 FF  CL 12 S,6.19629166,-75.58497343,GUAYABAL,50,74,True
4233,S-246,3,246,CR 50 FF  CL 12 S,6.19629166,-75.58497343,GUAYABAL,50,52,True
4234,S-246,4,246,CR 50 FF  CL 12 S,6.19629166,-75.58497343,GUAYABAL,50,74,True
4235,S-246,5,246,CR 50 FF  CL 12 S,6.19629166,-75.58497343,GUAYABAL,50,74,True
4236,S-246,6,246,CR 50 FF  CL 12 S,6.19629166,-75.58497343,GUAYABAL,50,63,True
4237,S-246,7,246,CR 50 FF  CL 12 S,6.19629166,-75.58497343,GUAYABAL,50,38,False
4238,S-246,8,246,CR 50 FF  CL 12 S,6.19629166,-75.58497343,GUAYABAL,50,53,True
4239,S-246,9,246,CR 50 FF  CL 12 S,6.19629166,-75.58497343,GUAYABAL,50,37,False
4240,S-246,10,246,CR 50 FF  CL 12 S,6.19629166,-75.58497343,GUAYABAL,50,36,False
4241,S-247,1,247,CR 50 FF  CL 8 S,6.20097251,-75.58437308,GUAYABAL,50,65,True
4242,S-247,2,247,CR 50 FF  CL 8 S,6.20097251,-75.58437308,GUAYABAL,50,47,False
4243,S-247,3,247,CR 50 FF  CL 8 S,6.20097251,-75.58437308,GUAYABAL,50,32,False
4244,S-247,4,247,CR 50 FF  CL 8 S,6.20097251,-75.58437308,GUAYABAL,50,57,True
4245,S-247,5,247,CR 50 FF  CL 8 S,6.20097251,-75.58437308,GUAYABAL,50,35,False
4246,S-247,6,247,CR 50 FF  CL 8 S,6.20097251,-75.58437308,GUAYABAL,50,73,True
4247,S-247,7,247,CR 50 FF  CL 8 S,6.20097251,-75.58437308,GUAYABAL,50,73,True
4248,S-247,8,247,CR 50 FF  CL 8 S,6.20097251,-75.58437308,GUAYABAL,50,50,False
4249,S-247,9,247,CR 50 FF  CL 8 S,6.20097251,-75.58437308,GUAYABAL,50,57,True
4250,S-247,10,247,CR 50 FF  CL 8 S,6.20097251,-75.58437308,GUAYABAL,50,69,True
4251,S-251,1,251,CR 50  CL 34,6.23549993,-75.5735692,LA CANDELARIA,50,30,False
4252,S-251,2,251,CR 50  CL 34,6.23549993,-75.5735692,LA CANDELARIA,50,65,True
4253,S-251,3,251,CR 50  CL 34,6.23549993,-75.5735692,LA CANDELARIA,50,50,False
4254,S-251,4,251,CR 50  CL 34,6.23549993,-75.5735692,LA CANDELARIA,50,72,True
4255,S-251,5,251,CR 50  CL 34,6.23549993,-75.5735692,LA CANDELARIA,50,64,True
4256,S-251,6,251,CR 50  CL 34,6.23549993,-75.5735692,LA CANDELARIA,50,42,False
4257,S-251,7,251,CR 50  CL 34,6.23549993,-75.5735692,LA CANDELARIA,50,78,True
4258,S-251,8,251,CR 50  CL 34,6.23549993,-75.5735692,LA CANDELARIA,50,39,False
4259,S-251,9,251,CR 50  CL 34,6.23549993,-75.5735692,LA CANDELARIA,50,73,True
4260,S-251,10,251,CR 50  CL 34,6.23549993,-75.5735692,LA CANDELARIA,50,76,True
4261,S-252,1,252,CR 50  CL 36,6.23738945,-75.57273779,LA CANDELARIA,50,39,False
4262,S-252,2,252,CR 50  CL 36,6.23738945,-75.57273779,LA CANDELARIA,50,75,True
4263,S-252,3,252,CR 50  CL 36,6.23738945,-75.57273779,LA CANDELARIA,50,42,False
4264,S-252,4,252,CR 50  CL 36,6.23738945,-75.57273779,LA CANDELARIA,50,66,True
4265,S-252,5,252,CR 50  CL 36,6.23738945,-75.57273779,LA CANDELARIA,50,67,True
4266,S-252,6,252,CR 50  CL 36,6.23738945,-75.57273779,LA CANDELARIA,50,53,True
4267,S-252,7,252,CR 50  CL 36,6.23738945,-75.57273779,LA CANDELARIA,50,31,False
4268,S-252,8,252,CR 50  CL 36,6.23738945,-75.57273779,LA CANDELARIA,50,51,True
4269,S-252,9,252,CR 50  CL 36,6.23738945,-75.57273779,LA CANDELARIA,50,46,False
4270,S-252,10,252,CR 50  CL 36,6.23738945,-75.57273779,LA CANDELARIA,50,65,True
4271,S-253,1,253,CR 50  CL 37,6.23811581,-75.57245418,LA CANDELARIA,50,43,False
4272,S-253,2,253,CR 50  CL 37,6.23811581,-75.57245418,LA CANDELARIA,50,39,False
4273,S-253,3,253,CR 50  CL 37,6.23811581,-75.57245418,LA CANDELARIA,50,64,True
4274,S-253,4,253,CR 50  CL 37,6.23811581,-75.57245418,LA CANDELARIA,50,54,True
4275,S-253,5,253,CR 50  CL 37,6.23811581,-75.57245418,LA CANDELARIA,50,32,False
4276,S-253,6,253,CR 50  CL 37,6.23811581,-75.57245418,LA CANDELARIA,50,76,True
4277,S-253,7,253,CR 50  CL 37,6.23811581,-75.57245418,LA CANDELARIA,50,67,True
4278,S-253,8,253,CR 50  CL 37,6.23811581,-75.57245418,LA CANDELARIA,50,46,False
4279,S-253,9,253,CR 50  CL 37,6.23811581,-75.57245418,LA CANDELARIA,50,41,False
4280,S-253,10,253,CR 50  CL 37,6.23811581,-75.57245418,LA CANDELARIA,50,53,True
4281,S-254,1,254,CR 50  CL 38,6.23893295,-75.57212519,LA CANDELARIA,50,58,True
4282,S-254,2,254,CR 50  CL 38,6.23893295,-75.57212519,LA CANDELARIA,50,72,True
4283,S-254,3,254,CR 50  CL 38,6.23893295,-75.57212519,LA CANDELARIA,50,54,True
4284,S-254,4,254,CR 50  CL 38,6.23893295,-75.57212519,LA CANDELARIA,50,65,True
4285,S-254,5,254,CR 50  CL 38,6.23893295,-75.57212519,LA CANDELARIA,50,55,True
4286,S-254,6,254,CR 50  CL 38,6.23893295,-75.57212519,LA CANDELARIA,50,67,True
4287,S-254,7,254,CR 50  CL 38,6.23893295,-75.57212519,LA CANDELARIA,50,30,False
4288,S-254,8,254,CR 50  CL 38,6.23893295,-75.57212519,LA CANDELARIA,50,49,False
4289,S-254,9,254,CR 50  CL 38,6.23893295,-75.57212519,LA CANDELARIA,50,57,True
4290,S-254,10,254,CR 50  CL 38,6.23893295,-75.57212519,LA CANDELARIA,50,45,False
4291,S-255,1,255,CR 50  CL 41,6.24164061,-75.57097088,LA CANDELARIA,50,76,True
4292,S-255,2,255,CR 50  CL 41,6.24164061,-75.57097088,LA CANDELARIA,50,46,False
4293,S-255,3,255,CR 50  CL 41,6.24164061,-75.57097088,LA CANDELARIA,50,69,True
4294,S-255,4,255,CR 50  CL 41,6.24164061,-75.57097088,LA CANDELARIA,50,57,True
4295,S-255,5,255,CR 50  CL 41,6.24164061,-75.57097088,LA CANDELARIA,50,41,False
4296,S-255,6,255,CR 50  CL 41,6.24164061,-75.57097088,LA CANDELARIA,50,56,True
4297,S-255,7,255,CR 50  CL 41,6.24164061,-75.57097088,LA CANDELARIA,50,71,True
4298,S-255,8,255,CR 50  CL 41,6.24164061,-75.57097088,LA CANDELARIA,50,76,True
4299,S-255,9,255,CR 50  CL 41,6.24164061,-75.57097088,LA CANDELARIA,50,59,True
4300,S-255,10,255,CR 50  CL 41,6.24164061,-75.57097088,LA CANDELARIA,50,70,True
4301,S-257,1,257,CR 50  CL 44,6.24435513,-75.5698273,LA CANDELARIA,50,63,True
4302,S-257,2,257,CR 50  CL 44,6.24435513,-75.5698273,LA CANDELARIA,50,66,True
4303,S-257,3,257,CR 50  CL 44,6.24435513,-75.5698273,LA CANDELARIA,50,35,False
4304,S-257,4,257,CR 50  CL 44,6.24435513,-75.5698273,LA CANDELARIA,50,36,False
4305,S-257,5,257,CR 50  CL 44,6.24435513,-75.5698273,LA CANDELARIA,50,61,True
4306,S-257,6,257,CR 50  CL 44,6.24435513,-75.5698273,LA CANDELARIA,50,61,True
4307,S-257,7,257,CR 50  CL 44,6.24435513,-75.5698273,LA CANDELARIA,50,54,True
4308,S-257,8,257,CR 50  CL 44,6.24435513,-75.5698273,LA CANDELARIA,50,62,True
4309,S-257,9,257,CR 50  CL 44,6.24435513,-75.5698273,LA CANDELARIA,50,36,False
4310,S-257,10,257,CR 50  CL 44,6.24435513,-75.5698273,LA CANDELARIA,50,41,False
4311,S-259,1,259,CR 50  CL 48,6.24789768,-75.56855529,LA CANDELARIA,50,45,False
4312,S-259,2,259,CR 50  CL 48,6.24789768,-75.56855529,LA CANDELARIA,50,45,False
4313,S-259,3,259,CR 50  CL 48,6.24789768,-75.56855529,LA CANDELARIA,50,72,True
4314,S-259,4,259,CR 50  CL 48,6.24789768,-75.56855529,LA CANDELARIA,50,65,True
4315,S-259,5,259,CR 50  CL 48,6.24789768,-75.56855529,LA CANDELARIA,50,42,False
4316,S-259,6,259,CR 50  CL 48,6.24789768,-75.56855529,LA CANDELARIA,50,36,False
4317,S-259,7,259,CR 50  CL 48,6.24789768,-75.56855529,LA CANDELARIA,50,65,True
4318,S-259,8,259,CR 50  CL 48,6.24789768,-75.56855529,LA CANDELARIA,50,76,True
4319,S-259,9,259,CR 50  CL 48,6.24789768,-75.56855529,LA CANDELARIA,50,80,True
4320,S-259,10,259,CR 50  CL 48,6.24789768,-75.56855529,LA CANDELARIA,50,38,False
4321,S-260,1,260,CR 50  CL 49,6.2486157,-75.56826188,LA CANDELARIA,50,61,True
4322,S-260,2,260,CR 50  CL 49,6.2486157,-75.56826188,LA CANDELARIA,50,40,False
4323,S-260,3,260,CR 50  CL 49,6.2486157,-75.56826188,LA CANDELARIA,50,37,False
4324,S-260,4,260,CR 50  CL 49,6.2486157,-75.56826188,LA CANDELARIA,50,62,True
4325,S-260,5,260,CR 50  CL 49,6.2486157,-75.56826188,LA CANDELARIA,50,52,True
4326,S-260,6,260,CR 50  CL 49,6.2486157,-75.56826188,LA CANDELARIA,50,54,True
4327,S-260,7,260,CR 50  CL 49,6.2486157,-75.56826188,LA CANDELARIA,50,37,False
4328,S-260,8,260,CR 50  CL 49,6.2486157,-75.56826188,LA CANDELARIA,50,74,True
4329,S-260,9,260,CR 50  CL 49,6.2486157,-75.56826188,LA CANDELARIA,50,51,True
4330,S-260,10,260,CR 50  CL 49,6.2486157,-75.56826188,LA CANDELARIA,50,33,False
4331,S-261,1,261,CR 50  CL 50,6.24931739,-75.56796847,LA CANDELARIA,50,69,True
4332,S-261,2,261,CR 50  CL 50,6.24931739,-75.56796847,LA CANDELARIA,50,32,False
4333,S-261,3,261,CR 50  CL 50,6.24931739,-75.56796847,LA CANDELARIA,50,58,True
4334,S-261,4,261,CR 50  CL 50,6.24931739,-75.56796847,LA CANDELARIA,50,70,True
4335,S-261,5,261,CR 50  CL 50,6.24931739,-75.56796847,LA CANDELARIA,50,58,True
4336,S-261,6,261,CR 50  CL 50,6.24931739,-75.56796847,LA CANDELARIA,50,63,True
4337,S-261,7,261,CR 50  CL 50,6.24931739,-75.56796847,LA CANDELARIA,50,63,True
4338,S-261,8,261,CR 50  CL 50,6.24931739,-75.56796847,LA CANDELARIA,50,57,True
4339,S-261,9,261,CR 50  CL 50,6.24931739,-75.56796847,LA CANDELARIA,50,42,False
4340,S-261,10,261,CR 50  CL 50,6.24931739,-75.56796847,LA CANDELARIA,50,44,False
4341,S-262,1,262,CR 50  CL 53,6.25238527,-75.56669702,LA CANDELARIA,50,52,True
4342,S-262,2,262,CR 50  CL 53,6.25238527,-75.56669702,LA CANDELARIA,50,73,True
4343,S-262,3,262,CR 50  CL 53,6.25238527,-75.56669702,LA CANDELARIA,50,55,True
4344,S-262,4,262,CR 50  CL 53,6.25238527,-75.56669702,LA CANDELARIA,50,33,False
4345,S-262,5,262,CR 50  CL 53,6.25238527,-75.56669702,LA CANDELARIA,50,55,True
4346,S-262,6,262,CR 50  CL 53,6.25238527,-75.56669702,LA CANDELARIA,50,69,True
4347,S-262,7,262,CR 50  CL 53,6.25238527,-75.56669702,LA CANDELARIA,50,38,False
4348,S-262,8,262,CR 50  CL 53,6.25238527,-75.56669702,LA CANDELARIA,50,34,False
4349,S-262,9,262,CR 50  CL 53,6.25238527,-75.56669702,LA CANDELARIA,50,61,True
4350,S-262,10,262,CR 50  CL 53,6.25238527,-75.56669702,LA CANDELARIA,50,49,False
4351,S-263,1,263,CR 50  CL 54,6.25305433,-75.5662732,LA CANDELARIA,50,79,True
4352,S-263,2,263,CR 50  CL 54,6.25305433,-75.5662732,LA CANDELARIA,50,40,False
4353,S-263,3,263,CR 50  CL 54,6.25305433,-75.5662732,LA CANDELARIA,50,44,False
4354,S-263,4,263,CR 50  CL 54,6.25305433,-75.5662732,LA CANDELARIA,50,61,True
4355,S-263,5,263,CR 50  CL 54,6.25305433,-75.5662732,LA CANDELARIA,50,57,True
4356,S-263,6,263,CR 50  CL 54,6.25305433,-75.5662732,LA CANDELARIA,50,51,True
4357,S-263,7,263,CR 50  CL 54,6.25305433,-75.5662732,LA CANDELARIA,50,70,True
4358,S-263,8,263,CR 50  CL 54,6.25305433,-75.5662732,LA CANDELARIA,50,46,False
4359,S-263,9,263,CR 50  CL 54,6.25305433,-75.5662732,LA CANDELARIA,50,55,True
4360,S-263,10,263,CR 50  CL 54,6.25305433,-75.5662732,LA CANDELARIA,50,73,True
4361,S-264,1,264,CR 50  CL 56,6.25437612,-75.56540926,LA CANDELARIA,50,36,False
4362,S-264,2,264,CR 50  CL 56,6.25437612,-75.56540926,LA CANDELARIA,50,71,True
4363,S-264,3,264,CR 50  CL 56,6.25437612,-75.56540926,LA CANDELARIA,50,55,True
4364,S-264,4,264,CR 50  CL 56,6.25437612,-75.56540926,LA CANDELARIA,50,54,True
4365,S-264,5,264,CR 50  CL 56,6.25437612,-75.56540926,LA CANDELARIA,50,39,False
4366,S-264,6,264,CR 50  CL 56,6.25437612,-75.56540926,LA CANDELARIA,50,74,True
4367,S-264,7,264,CR 50  CL 56,6.25437612,-75.56540926,LA CANDELARIA,50,48,False
4368,S-264,8,264,CR 50  CL 56,6.25437612,-75.56540926,LA CANDELARIA,50,40,False
4369,S-264,9,264,CR 50  CL 56,6.25437612,-75.56540926,LA CANDELARIA,50,42,False
4370,S-264,10,264,CR 50  CL 56,6.25437612,-75.56540926,LA CANDELARIA,50,37,False
4371,S-265,1,265,CR 50  CL 57,6.25501877,-75.56483606,LA CANDELARIA,50,69,True
4372,S-265,2,265,CR 50  CL 57,6.25501877,-75.56483606,LA CANDELARIA,50,33,False
4373,S-265,3,265,CR 50  CL 57,6.25501877,-75.56483606,LA CANDELARIA,50,76,True
4374,S-265,4,265,CR 50  CL 57,6.25501877,-75.56483606,LA CANDELARIA,50,60,True
4375,S-265,5,265,CR 50  CL 57,6.25501877,-75.56483606,LA CANDELARIA,50,57,True
4376,S-265,6,265,CR 50  CL 57,6.25501877,-75.56483606,LA CANDELARIA,50,40,False
4377,S-265,7,265,CR 50  CL 57,6.25501877,-75.56483606,LA CANDELARIA,50,72,True
4378,S-265,8,265,CR 50  CL 57,6.25501877,-75.56483606,LA CANDELARIA,50,30,False
4379,S-265,9,265,CR 50  CL 57,6.25501877,-75.56483606,LA CANDELARIA,50,78,True
4380,S-265,10,265,CR 50  CL 57,6.25501877,-75.56483606,LA CANDELARIA,50,76,True
4381,S-266,1,266,CR 50  CL 67,6.26363452,-75.56049771,ARANJUEZ,50,67,True
4382,S-266,2,266,CR 50  CL 67,6.26363452,-75.56049771,ARANJUEZ,50,53,True
4383,S-266,3,266,CR 50  CL 67,6.26363452,-75.56049771,ARANJUEZ,50,76,True
4384,S-266,4,266,CR 50  CL 67,6.26363452,-75.56049771,ARANJUEZ,50,60,True
4385,S-266,5,266,CR 50  CL 67,6.26363452,-75.56049771,ARANJUEZ,50,70,True
4386,S-266,6,266,CR 50  CL 67,6.26363452,-75.56049771,ARANJUEZ,50,75,True
4387,S-266,7,266,CR 50  CL 67,6.26363452,-75.56049771,ARANJUEZ,50,79,True
4388,S-266,8,266,CR 50  CL 67,6.26363452,-75.56049771,ARANJUEZ,50,55,True
4389,S-266,9,266,CR 50  CL 67,6.26363452,-75.56049771,ARANJUEZ,50,78,True
4390,S-266,10,266,CR 50  CL 67,6.26363452,-75.56049771,ARANJUEZ,50,79,True
4391,S-268,1,268,CR 51 D  CL 56,6.25527051,-75.56712699,LA CANDELARIA,50,34,False
4392,S-268,2,268,CR 51 D  CL 56,6.25527051,-75.56712699,LA CANDELARIA,50,49,False
4393,S-268,3,268,CR 51 D  CL 56,6.25527051,-75.56712699,LA CANDELARIA,50,70,True
4394,S-268,4,268,CR 51 D  CL 56,6.25527051,-75.56712699,LA CANDELARIA,50,40,False
4395,S-268,5,268,CR 51 D  CL 56,6.25527051,-75.56712699,LA CANDELARIA,50,62,True
4396,S-268,6,268,CR 51 D  CL 56,6.25527051,-75.56712699,LA CANDELARIA,50,79,True
4397,S-268,7,268,CR 51 D  CL 56,6.25527051,-75.56712699,LA CANDELARIA,50,67,True
4398,S-268,8,268,CR 51 D  CL 56,6.25527051,-75.56712699,LA CANDELARIA,50,56,True
4399,S-268,9,268,CR 51 D  CL 56,6.25527051,-75.56712699,LA CANDELARIA,50,63,True
4400,S-268,10,268,CR 51 D  CL 56,6.25527051,-75.56712699,LA CANDELARIA,50,44,False
4401,S-276,1,276,CR 51  CL 32ARGOS,6.2338466,-75.57485603,LA CANDELARIA,50,61,True
4402,S-276,2,276,CR 51  CL 32ARGOS,6.2338466,-75.57485603,LA CANDELARIA,50,50,False
4403,S-276,3,276,CR 51  CL 32ARGOS,6.2338466,-75.57485603,LA CANDELARIA,50,75,True
4404,S-276,4,276,CR 51  CL 32ARGOS,6.2338466,-75.57485603,LA CANDELARIA,50,34,False
4405,S-276,5,276,CR 51  CL 32ARGOS,6.2338466,-75.57485603,LA CANDELARIA,50,35,False
4406,S-276,6,276,CR 51  CL 32ARGOS,6.2338466,-75.57485603,LA CANDELARIA,50,67,True
4407,S-276,7,276,CR 51  CL 32ARGOS,6.2338466,-75.57485603,LA CANDELARIA,50,51,True
4408,S-276,8,276,CR 51  CL 32ARGOS,6.2338466,-75.57485603,LA CANDELARIA,50,47,False
4409,S-276,9,276,CR 51  CL 32ARGOS,6.2338466,-75.57485603,LA CANDELARIA,50,43,False
4410,S-276,10,276,CR 51  CL 32ARGOS,6.2338466,-75.57485603,LA CANDELARIA,50,39,False
4411,S-277,1,277,CR 51  CL 34,6.23578009,-75.57415535,LA CANDELARIA,50,75,True
4412,S-277,2,277,CR 51  CL 34,6.23578009,-75.57415535,LA CANDELARIA,50,42,False
4413,S-277,3,277,CR 51  CL 34,6.23578009,-75.57415535,LA CANDELARIA,50,60,True
4414,S-277,4,277,CR 51  CL 34,6.23578009,-75.57415535,LA CANDELARIA,50,59,True
4415,S-277,5,277,CR 51  CL 34,6.23578009,-75.57415535,LA CANDELARIA,50,32,False
4416,S-277,6,277,CR 51  CL 34,6.23578009,-75.57415535,LA CANDELARIA,50,59,True
4417,S-277,7,277,CR 51  CL 34,6.23578009,-75.57415535,LA CANDELARIA,50,35,False
4418,S-277,8,277,CR 51  CL 34,6.23578009,-75.57415535,LA CANDELARIA,50,58,True
4419,S-277,9,277,CR 51  CL 34,6.23578009,-75.57415535,LA CANDELARIA,50,37,False
4420,S-277,10,277,CR 51  CL 34,6.23578009,-75.57415535,LA CANDELARIA,50,73,True
4421,S-278,1,278,CR 51  CL 35,6.23640174,-75.57391237,LA CANDELARIA,50,74,True
4422,S-278,2,278,CR 51  CL 35,6.23640174,-75.57391237,LA CANDELARIA,50,72,True
4423,S-278,3,278,CR 51  CL 35,6.23640174,-75.57391237,LA CANDELARIA,50,73,True
4424,S-278,4,278,CR 51  CL 35,6.23640174,-75.57391237,LA CANDELARIA,50,62,True
4425,S-278,5,278,CR 51  CL 35,6.23640174,-75.57391237,LA CANDELARIA,50,46,False
4426,S-278,6,278,CR 51  CL 35,6.23640174,-75.57391237,LA CANDELARIA,50,77,True
4427,S-278,7,278,CR 51  CL 35,6.23640174,-75.57391237,LA CANDELARIA,50,40,False
4428,S-278,8,278,CR 51  CL 35,6.23640174,-75.57391237,LA CANDELARIA,50,42,False
4429,S-278,9,278,CR 51  CL 35,6.23640174,-75.57391237,LA CANDELARIA,50,79,True
4430,S-278,10,278,CR 51  CL 35,6.23640174,-75.57391237,LA CANDELARIA,50,40,False
4431,S-279,1,279,CR 51  CL 36,6.23764827,-75.57348405,LA CANDELARIA,50,60,True
4432,S-279,2,279,CR 51  CL 36,6.23764827,-75.57348405,LA CANDELARIA,50,57,True
4433,S-279,3,279,CR 51  CL 36,6.23764827,-75.57348405,LA CANDELARIA,50,73,True
4434,S-279,4,279,CR 51  CL 36,6.23764827,-75.57348405,LA CANDELARIA,50,35,False
4435,S-279,5,279,CR 51  CL 36,6.23764827,-75.57348405,LA CANDELARIA,50,70,True
4436,S-279,6,279,CR 51  CL 36,6.23764827,-75.57348405,LA CANDELARIA,50,45,False
4437,S-279,7,279,CR 51  CL 36,6.23764827,-75.57348405,LA CANDELARIA,50,33,False
4438,S-279,8,279,CR 51  CL 36,6.23764827,-75.57348405,LA CANDELARIA,50,64,True
4439,S-279,9,279,CR 51  CL 36,6.23764827,-75.57348405,LA CANDELARIA,50,77,True
4440,S-279,10,279,CR 51  CL 36,6.23764827,-75.57348405,LA CANDELARIA,50,55,True
4441,S-280,1,280,CR 51  CL 37,6.2383769,-75.57318769,LA CANDELARIA,50,41,False
4442,S-280,2,280,CR 51  CL 37,6.2383769,-75.57318769,LA CANDELARIA,50,40,False
4443,S-280,3,280,CR 51  CL 37,6.2383769,-75.57318769,LA CANDELARIA,50,66,True
4444,S-280,4,280,CR 51  CL 37,6.2383769,-75.57318769,LA CANDELARIA,50,54,True
4445,S-280,5,280,CR 51  CL 37,6.2383769,-75.57318769,LA CANDELARIA,50,47,False
4446,S-280,6,280,CR 51  CL 37,6.2383769,-75.57318769,LA CANDELARIA,50,48,False
4447,S-280,7,280,CR 51  CL 37,6.2383769,-75.57318769,LA CANDELARIA,50,52,True
4448,S-280,8,280,CR 51  CL 37,6.2383769,-75.57318769,LA CANDELARIA,50,67,True
4449,S-280,9,280,CR 51  CL 37,6.2383769,-75.57318769,LA CANDELARIA,50,47,False
4450,S-280,10,280,CR 51  CL 37,6.2383769,-75.57318769,LA CANDELARIA,50,55,True
4451,S-281,1,281,CR 51  CL 38,6.2391044,-75.57281933,LA CANDELARIA,50,35,False
4452,S-281,2,281,CR 51  CL 38,6.2391044,-75.57281933,LA CANDELARIA,50,33,False
4453,S-281,3,281,CR 51  CL 38,6.2391044,-75.57281933,LA CANDELARIA,50,73,True
4454,S-281,4,281,CR 51  CL 38,6.2391044,-75.57281933,LA CANDELARIA,50,80,True
4455,S-281,5,281,CR 51  CL 38,6.2391044,-75.57281933,LA CANDELARIA,50,58,True
4456,S-281,6,281,CR 51  CL 38,6.2391044,-75.57281933,LA CANDELARIA,50,63,True
4457,S-281,7,281,CR 51  CL 38,6.2391044,-75.57281933,LA CANDELARIA,50,46,False
4458,S-281,8,281,CR 51  CL 38,6.2391044,-75.57281933,LA CANDELARIA,50,72,True
4459,S-281,9,281,CR 51  CL 38,6.2391044,-75.57281933,LA CANDELARIA,50,72,True
4460,S-281,10,281,CR 51  CL 38,6.2391044,-75.57281933,LA CANDELARIA,50,45,False
4461,S-282,1,282,CR 51  CL 41,6.24193434,-75.5717859,LA CANDELARIA,50,31,False
4462,S-282,2,282,CR 51  CL 41,6.24193434,-75.5717859,LA CANDELARIA,50,63,True
4463,S-282,3,282,CR 51  CL 41,6.24193434,-75.5717859,LA CANDELARIA,50,37,False
4464,S-282,4,282,CR 51  CL 41,6.24193434,-75.5717859,LA CANDELARIA,50,42,False
4465,S-282,5,282,CR 51  CL 41,6.24193434,-75.5717859,LA CANDELARIA,50,71,True
4466,S-282,6,282,CR 51  CL 41,6.24193434,-75.5717859,LA CANDELARIA,50,37,False
4467,S-282,7,282,CR 51  CL 41,6.24193434,-75.5717859,LA CANDELARIA,50,59,True
4468,S-282,8,282,CR 51  CL 41,6.24193434,-75.5717859,LA CANDELARIA,50,61,True
4469,S-282,9,282,CR 51  CL 41,6.24193434,-75.5717859,LA CANDELARIA,50,65,True
4470,S-282,10,282,CR 51  CL 41,6.24193434,-75.5717859,LA CANDELARIA,50,76,True
4471,S-283,1,283,CR 51  CL 44,6.24466872,-75.57071745,LA CANDELARIA,50,59,True
4472,S-283,2,283,CR 51  CL 44,6.24466872,-75.57071745,LA CANDELARIA,50,30,False
4473,S-283,3,283,CR 51  CL 44,6.24466872,-75.57071745,LA CANDELARIA,50,72,True
4474,S-283,4,283,CR 51  CL 44,6.24466872,-75.57071745,LA CANDELARIA,50,68,True
4475,S-283,5,283,CR 51  CL 44,6.24466872,-75.57071745,LA CANDELARIA,50,46,False
4476,S-283,6,283,CR 51  CL 44,6.24466872,-75.57071745,LA CANDELARIA,50,49,False
4477,S-283,7,283,CR 51  CL 44,6.24466872,-75.57071745,LA CANDELARIA,50,53,True
4478,S-283,8,283,CR 51  CL 44,6.24466872,-75.57071745,LA CANDELARIA,50,79,True
4479,S-283,9,283,CR 51  CL 44,6.24466872,-75.57071745,LA CANDELARIA,50,51,True
4480,S-283,10,283,CR 51  CL 44,6.24466872,-75.57071745,LA CANDELARIA,50,58,True
4481,S-284,1,284,CR 51  CL 45,6.24577627,-75.57033204,LA CANDELARIA,50,51,True
4482,S-284,2,284,CR 51  CL 45,6.24577627,-75.57033204,LA CANDELARIA,50,73,True
4483,S-284,3,284,CR 51  CL 45,6.24577627,-75.57033204,LA CANDELARIA,50,38,False
4484,S-284,4,284,CR 51  CL 45,6.24577627,-75.57033204,LA CANDELARIA,50,66,True
4485,S-284,5,284,CR 51  CL 45,6.24577627,-75.57033204,LA CANDELARIA,50,39,False
4486,S-284,6,284,CR 51  CL 45,6.24577627,-75.57033204,LA CANDELARIA,50,65,True
4487,S-284,7,284,CR 51  CL 45,6.24577627,-75.57033204,LA CANDELARIA,50,66,True
4488,S-284,8,284,CR 51  CL 45,6.24577627,-75.57033204,LA CANDELARIA,50,57,True
4489,S-284,9,284,CR 51  CL 45,6.24577627,-75.57033204,LA CANDELARIA,50,57,True
4490,S-284,10,284,CR 51  CL 45,6.24577627,-75.57033204,LA CANDELARIA,50,71,True
4491,S-285,1,285,CR 51  CL 46,6.24732653,-75.56976153,LA CANDELARIA,50,72,True
4492,S-285,2,285,CR 51  CL 46,6.24732653,-75.56976153,LA CANDELARIA,50,50,False
4493,S-285,3,285,CR 51  CL 46,6.24732653,-75.56976153,LA CANDELARIA,50,53,True
4494,S-285,4,285,CR 51  CL 46,6.24732653,-75.56976153,LA CANDELARIA,50,71,True
4495,S-285,5,285,CR 51  CL 46,6.24732653,-75.56976153,LA CANDELARIA,50,69,True
4496,S-285,6,285,CR 51  CL 46,6.24732653,-75.56976153,LA CANDELARIA,50,31,False
4497,S-285,7,285,CR 51  CL 46,6.24732653,-75.56976153,LA CANDELARIA,50,37,False
4498,S-285,8,285,CR 51  CL 46,6.24732653,-75.56976153,LA CANDELARIA,50,77,True
4499,S-285,9,285,CR 51  CL 46,6.24732653,-75.56976153,LA CANDELARIA,50,56,True
4500,S-285,10,285,CR 51  CL 46,6.24732653,-75.56976153,LA CANDELARIA,50,51,True
4501,S-286,1,286,CR 51  CL 48,6.24819141,-75.56941922,LA CANDELARIA,50,66,True
4502,S-286,2,286,CR 51  CL 48,6.24819141,-75.56941922,LA CANDELARIA,50,56,True
4503,S-286,3,286,CR 51  CL 48,6.24819141,-75.56941922,LA CANDELARIA,50,58,True
4504,S-286,4,286,CR 51  CL 48,6.24819141,-75.56941922,LA CANDELARIA,50,32,False
4505,S-286,5,286,CR 51  CL 48,6.24819141,-75.56941922,LA CANDELARIA,50,73,True
4506,S-286,6,286,CR 51  CL 48,6.24819141,-75.56941922,LA CANDELARIA,50,42,False
4507,S-286,7,286,CR 51  CL 48,6.24819141,-75.56941922,LA CANDELARIA,50,74,True
4508,S-286,8,286,CR 51  CL 48,6.24819141,-75.56941922,LA CANDELARIA,50,39,False
4509,S-286,9,286,CR 51  CL 48,6.24819141,-75.56941922,LA CANDELARIA,50,65,True
4510,S-286,10,286,CR 51  CL 48,6.24819141,-75.56941922,LA CANDELARIA,50,38,False
4511,S-287,1,287,CR 51  CL 49,6.24900734,-75.56909321,LA CANDELARIA,50,56,True
4512,S-287,2,287,CR 51  CL 49,6.24900734,-75.56909321,LA CANDELARIA,50,63,True
4513,S-287,3,287,CR 51  CL 49,6.24900734,-75.56909321,LA CANDELARIA,50,80,True
4514,S-287,4,287,CR 51  CL 49,6.24900734,-75.56909321,LA CANDELARIA,50,30,False
4515,S-287,5,287,CR 51  CL 49,6.24900734,-75.56909321,LA CANDELARIA,50,61,True
4516,S-287,6,287,CR 51  CL 49,6.24900734,-75.56909321,LA CANDELARIA,50,54,True
4517,S-287,7,287,CR 51  CL 49,6.24900734,-75.56909321,LA CANDELARIA,50,58,True
4518,S-287,8,287,CR 51  CL 49,6.24900734,-75.56909321,LA CANDELARIA,50,36,False
4519,S-287,9,287,CR 51  CL 49,6.24900734,-75.56909321,LA CANDELARIA,50,78,True
4520,S-287,10,287,CR 51  CL 49,6.24900734,-75.56909321,LA CANDELARIA,50,32,False
4521,S-288,1,288,CR 51  CL 50,6.24979063,-75.5687998,LA CANDELARIA,50,49,False
4522,S-288,2,288,CR 51  CL 50,6.24979063,-75.5687998,LA CANDELARIA,50,49,False
4523,S-288,3,288,CR 51  CL 50,6.24979063,-75.5687998,LA CANDELARIA,50,59,True
4524,S-288,4,288,CR 51  CL 50,6.24979063,-75.5687998,LA CANDELARIA,50,64,True
4525,S-288,5,288,CR 51  CL 50,6.24979063,-75.5687998,LA CANDELARIA,50,64,True
4526,S-288,6,288,CR 51  CL 50,6.24979063,-75.5687998,LA CANDELARIA,50,78,True
4527,S-288,7,288,CR 51  CL 50,6.24979063,-75.5687998,LA CANDELARIA,50,68,True
4528,S-288,8,288,CR 51  CL 50,6.24979063,-75.5687998,LA CANDELARIA,50,56,True
4529,S-288,9,288,CR 51  CL 50,6.24979063,-75.5687998,LA CANDELARIA,50,55,True
4530,S-288,10,288,CR 51  CL 50,6.24979063,-75.5687998,LA CANDELARIA,50,43,False
4531,S-289,1,289,CR 51  CL 54,6.2536418,-75.56731644,LA CANDELARIA,50,46,False
4532,S-289,2,289,CR 51  CL 54,6.2536418,-75.56731644,LA CANDELARIA,50,47,False
4533,S-289,3,289,CR 51  CL 54,6.2536418,-75.56731644,LA CANDELARIA,50,74,True
4534,S-289,4,289,CR 51  CL 54,6.2536418,-75.56731644,LA CANDELARIA,50,58,True
4535,S-289,5,289,CR 51  CL 54,6.2536418,-75.56731644,LA CANDELARIA,50,49,False
4536,S-289,6,289,CR 51  CL 54,6.2536418,-75.56731644,LA CANDELARIA,50,56,True
4537,S-289,7,289,CR 51  CL 54,6.2536418,-75.56731644,LA CANDELARIA,50,47,False
4538,S-289,8,289,CR 51  CL 54,6.2536418,-75.56731644,LA CANDELARIA,50,33,False
4539,S-289,9,289,CR 51  CL 54,6.2536418,-75.56731644,LA CANDELARIA,50,30,False
4540,S-289,10,289,CR 51  CL 54,6.2536418,-75.56731644,LA CANDELARIA,50,79,True
4541,S-290,1,290,CR 51  CL 56,6.25519499,-75.56668387,LA CANDELARIA,50,30,False
4542,S-290,2,290,CR 51  CL 56,6.25519499,-75.56668387,LA CANDELARIA,50,55,True
4543,S-290,3,290,CR 51  CL 56,6.25519499,-75.56668387,LA CANDELARIA,50,74,True
4544,S-290,4,290,CR 51  CL 56,6.25519499,-75.56668387,LA CANDELARIA,50,49,False
4545,S-290,5,290,CR 51  CL 56,6.25519499,-75.56668387,LA CANDELARIA,50,52,True
4546,S-290,6,290,CR 51  CL 56,6.25519499,-75.56668387,LA CANDELARIA,50,39,False
4547,S-290,7,290,CR 51  CL 56,6.25519499,-75.56668387,LA CANDELARIA,50,40,False
4548,S-290,8,290,CR 51  CL 56,6.25519499,-75.56668387,LA CANDELARIA,50,70,True
4549,S-290,9,290,CR 51  CL 56,6.25519499,-75.56668387,LA CANDELARIA,50,70,True
4550,S-290,10,290,CR 51  CL 56,6.25519499,-75.56668387,LA CANDELARIA,50,34,False
4551,S-291,1,291,CR 51  CL 57,6.25598157,-75.56630312,LA CANDELARIA,50,30,False
4552,S-291,2,291,CR 51  CL 57,6.25598157,-75.56630312,LA CANDELARIA,50,46,False
4553,S-291,3,291,CR 51  CL 57,6.25598157,-75.56630312,LA CANDELARIA,50,51,True
4554,S-291,4,291,CR 51  CL 57,6.25598157,-75.56630312,LA CANDELARIA,50,63,True
4555,S-291,5,291,CR 51  CL 57,6.25598157,-75.56630312,LA CANDELARIA,50,74,True
4556,S-291,6,291,CR 51  CL 57,6.25598157,-75.56630312,LA CANDELARIA,50,70,True
4557,S-291,7,291,CR 51  CL 57,6.25598157,-75.56630312,LA CANDELARIA,50,58,True
4558,S-291,8,291,CR 51  CL 57,6.25598157,-75.56630312,LA CANDELARIA,50,33,False
4559,S-291,9,291,CR 51  CL 57,6.25598157,-75.56630312,LA CANDELARIA,50,34,False
4560,S-291,10,291,CR 51  CL 57,6.25598157,-75.56630312,LA CANDELARIA,50,40,False
4561,S-292,1,292,CR 51  CL 58,6.25710337,-75.56587544,LA CANDELARIA,50,80,True
4562,S-292,2,292,CR 51  CL 58,6.25710337,-75.56587544,LA CANDELARIA,50,50,False
4563,S-292,3,292,CR 51  CL 58,6.25710337,-75.56587544,LA CANDELARIA,50,64,True
4564,S-292,4,292,CR 51  CL 58,6.25710337,-75.56587544,LA CANDELARIA,50,41,False
4565,S-292,5,292,CR 51  CL 58,6.25710337,-75.56587544,LA CANDELARIA,50,55,True
4566,S-292,6,292,CR 51  CL 58,6.25710337,-75.56587544,LA CANDELARIA,50,80,True
4567,S-292,7,292,CR 51  CL 58,6.25710337,-75.56587544,LA CANDELARIA,50,48,False
4568,S-292,8,292,CR 51  CL 58,6.25710337,-75.56587544,LA CANDELARIA,50,74,True
4569,S-292,9,292,CR 51  CL 58,6.25710337,-75.56587544,LA CANDELARIA,50,36,False
4570,S-292,10,292,CR 51  CL 58,6.25710337,-75.56587544,LA CANDELARIA,50,76,True
4571,S-293,1,293,CR 51  CL 59,6.25810699,-75.56554501,LA CANDELARIA,50,36,False
4572,S-293,2,293,CR 51  CL 59,6.25810699,-75.56554501,LA CANDELARIA,50,55,True
4573,S-293,3,293,CR 51  CL 59,6.25810699,-75.56554501,LA CANDELARIA,50,69,True
4574,S-293,4,293,CR 51  CL 59,6.25810699,-75.56554501,LA CANDELARIA,50,34,False
4575,S-293,5,293,CR 51  CL 59,6.25810699,-75.56554501,LA CANDELARIA,50,50,False
4576,S-293,6,293,CR 51  CL 59,6.25810699,-75.56554501,LA CANDELARIA,50,43,False
4577,S-293,7,293,CR 51  CL 59,6.25810699,-75.56554501,LA CANDELARIA,50,33,False
4578,S-293,8,293,CR 51  CL 59,6.25810699,-75.56554501,LA CANDELARIA,50,52,True
4579,S-293,9,293,CR 51  CL 59,6.25810699,-75.56554501,LA CANDELARIA,50,71,True
4580,S-293,10,293,CR 51  CL 59,6.25810699,-75.56554501,LA CANDELARIA,50,49,False
4581,S-294,1,294,CR 51  CL 61,6.25931054,-75.56504794,LA CANDELARIA,50,44,False
4582,S-294,2,294,CR 51  CL 61,6.25931054,-75.56504794,LA CANDELARIA,50,79,True
4583,S-294,3,294,CR 51  CL 61,6.25931054,-75.56504794,LA CANDELARIA,50,74,True
4584,S-294,4,294,CR 51  CL 61,6.25931054,-75.56504794,LA CANDELARIA,50,58,True
4585,S-294,5,294,CR 51  CL 61,6.25931054,-75.56504794,LA CANDELARIA,50,37,False
4586,S-294,6,294,CR 51  CL 61,6.25931054,-75.56504794,LA CANDELARIA,50,70,True
4587,S-294,7,294,CR 51  CL 61,6.25931054,-75.56504794,LA CANDELARIA,50,77,True
4588,S-294,8,294,CR 51  CL 61,6.25931054,-75.56504794,LA CANDELARIA,50,48,False
4589,S-294,9,294,CR 51  CL 61,6.25931054,-75.56504794,LA CANDELARIA,50,77,True
4590,S-294,10,294,CR 51  CL 61,6.25931054,-75.56504794,LA CANDELARIA,50,68,True
4591,S-295,1,295,CR 51  CL 62,6.26040388,-75.56465671,LA CANDELARIA,50,75,True
4592,S-295,2,295,CR 51  CL 62,6.26040388,-75.56465671,LA CANDELARIA,50,57,True
4593,S-295,3,295,CR 51  CL 62,6.26040388,-75.56465671,LA CANDELARIA,50,75,True
4594,S-295,4,295,CR 51  CL 62,6.26040388,-75.56465671,LA CANDELARIA,50,56,True
4595,S-295,5,295,CR 51  CL 62,6.26040388,-75.56465671,LA CANDELARIA,50,33,False
4596,S-295,6,295,CR 51  CL 62,6.26040388,-75.56465671,LA CANDELARIA,50,44,False
4597,S-295,7,295,CR 51  CL 62,6.26040388,-75.56465671,LA CANDELARIA,50,64,True
4598,S-295,8,295,CR 51  CL 62,6.26040388,-75.56465671,LA CANDELARIA,50,66,True
4599,S-295,9,295,CR 51  CL 62,6.26040388,-75.56465671,LA CANDELARIA,50,30,False
4600,S-295,10,295,CR 51  CL 62,6.26040388,-75.56465671,LA CANDELARIA,50,32,False
4601,S-296,1,296,CR 51  CL 64,6.26141562,-75.56423288,LA CANDELARIA,50,76,True
4602,S-296,2,296,CR 51  CL 64,6.26141562,-75.56423288,LA CANDELARIA,50,53,True
4603,S-296,3,296,CR 51  CL 64,6.26141562,-75.56423288,LA CANDELARIA,50,56,True
4604,S-296,4,296,CR 51  CL 64,6.26141562,-75.56423288,LA CANDELARIA,50,69,True
4605,S-296,5,296,CR 51  CL 64,6.26141562,-75.56423288,LA CANDELARIA,50,65,True
4606,S-296,6,296,CR 51  CL 64,6.26141562,-75.56423288,LA CANDELARIA,50,63,True
4607,S-296,7,296,CR 51  CL 64,6.26141562,-75.56423288,LA CANDELARIA,50,58,True
4608,S-296,8,296,CR 51  CL 64,6.26141562,-75.56423288,LA CANDELARIA,50,53,True
4609,S-296,9,296,CR 51  CL 64,6.26141562,-75.56423288,LA CANDELARIA,50,53,True
4610,S-296,10,296,CR 51  CL 64,6.26141562,-75.56423288,LA CANDELARIA,50,71,True
4611,S-297,1,297,CR 51  CL 67Cost NORTE,6.26450124,-75.56323773,ARANJUEZ,50,33,False
4612,S-297,2,297,CR 51  CL 67Cost NORTE,6.26450124,-75.56323773,ARANJUEZ,50,32,False
4613,S-297,3,297,CR 51  CL 67Cost NORTE,6.26450124,-75.56323773,ARANJUEZ,50,63,True
4614,S-297,4,297,CR 51  CL 67Cost NORTE,6.26450124,-75.56323773,ARANJUEZ,50,78,True
4615,S-297,5,297,CR 51  CL 67Cost NORTE,6.26450124,-75.56323773,ARANJUEZ,50,52,True
4616,S-297,6,297,CR 51  CL 67Cost NORTE,6.26450124,-75.56323773,ARANJUEZ,50,52,True
4617,S-297,7,297,CR 51  CL 67Cost NORTE,6.26450124,-75.56323773,ARANJUEZ,50,74,True
4618,S-297,8,297,CR 51  CL 67Cost NORTE,6.26450124,-75.56323773,ARANJUEZ,50,34,False
4619,S-297,9,297,CR 51  CL 67Cost NORTE,6.26450124,-75.56323773,ARANJUEZ,50,60,True
4620,S-297,10,297,CR 51  CL 67Cost NORTE,6.26450124,-75.56323773,ARANJUEZ,50,70,True
4621,S-301,1,301,CR 51  CL 68,6.26540593,-75.56258545,ARANJUEZ,50,35,False
4622,S-301,2,301,CR 51  CL 68,6.26540593,-75.56258545,ARANJUEZ,50,66,True
4623,S-301,3,301,CR 51  CL 68,6.26540593,-75.56258545,ARANJUEZ,50,39,False
4624,S-301,4,301,CR 51  CL 68,6.26540593,-75.56258545,ARANJUEZ,50,69,True
4625,S-301,5,301,CR 51  CL 68,6.26540593,-75.56258545,ARANJUEZ,50,36,False
4626,S-301,6,301,CR 51  CL 68,6.26540593,-75.56258545,ARANJUEZ,50,68,True
4627,S-301,7,301,CR 51  CL 68,6.26540593,-75.56258545,ARANJUEZ,50,67,True
4628,S-301,8,301,CR 51  CL 68,6.26540593,-75.56258545,ARANJUEZ,50,50,False
4629,S-301,9,301,CR 51  CL 68,6.26540593,-75.56258545,ARANJUEZ,50,49,False
4630,S-301,10,301,CR 51  CL 68,6.26540593,-75.56258545,ARANJUEZ,50,32,False
4631,S-302,1,302,CR 52  CL 53AV DE GREIFF,6.25268355,-75.56850644,LA CANDELARIA,50,80,True
4632,S-302,2,302,CR 52  CL 53AV DE GREIFF,6.25268355,-75.56850644,LA CANDELARIA,50,51,True
4633,S-302,3,302,CR 52  CL 53AV DE GREIFF,6.25268355,-75.56850644,LA CANDELARIA,50,76,True
4634,S-302,4,302,CR 52  CL 53AV DE GREIFF,6.25268355,-75.56850644,LA CANDELARIA,50,33,False
4635,S-302,5,302,CR 52  CL 53AV DE GREIFF,6.25268355,-75.56850644,LA CANDELARIA,50,57,True
4636,S-302,6,302,CR 52  CL 53AV DE GREIFF,6.25268355,-75.56850644,LA CANDELARIA,50,41,False
4637,S-302,7,302,CR 52  CL 53AV DE GREIFF,6.25268355,-75.56850644,LA CANDELARIA,50,67,True
4638,S-302,8,302,CR 52  CL 53AV DE GREIFF,6.25268355,-75.56850644,LA CANDELARIA,50,80,True
4639,S-302,9,302,CR 52  CL 53AV DE GREIFF,6.25268355,-75.56850644,LA CANDELARIA,50,65,True
4640,S-302,10,302,CR 52  CL 53AV DE GREIFF,6.25268355,-75.56850644,LA CANDELARIA,50,76,True
4641,S-303,1,303,CR 52  CL 10 S,6.19954639,-75.58893737,GUAYABAL,50,70,True
4642,S-303,2,303,CR 52  CL 10 S,6.19954639,-75.58893737,GUAYABAL,50,34,False
4643,S-303,3,303,CR 52  CL 10 S,6.19954639,-75.58893737,GUAYABAL,50,42,False
4644,S-303,4,303,CR 52  CL 10 S,6.19954639,-75.58893737,GUAYABAL,50,52,True
4645,S-303,5,303,CR 52  CL 10 S,6.19954639,-75.58893737,GUAYABAL,50,79,True
4646,S-303,6,303,CR 52  CL 10 S,6.19954639,-75.58893737,GUAYABAL,50,59,True
4647,S-303,7,303,CR 52  CL 10 S,6.19954639,-75.58893737,GUAYABAL,50,66,True
4648,S-303,8,303,CR 52  CL 10 S,6.19954639,-75.58893737,GUAYABAL,50,54,True
4649,S-303,9,303,CR 52  CL 10 S,6.19954639,-75.58893737,GUAYABAL,50,77,True
4650,S-303,10,303,CR 52  CL 10 S,6.19954639,-75.58893737,GUAYABAL,50,56,True
4651,S-304,1,304,CR 52  CL 12 A S,6.19700381,-75.59011432,GUAYABAL,50,80,True
4652,S-304,2,304,CR 52  CL 12 A S,6.19700381,-75.59011432,GUAYABAL,50,43,False
4653,S-304,3,304,CR 52  CL 12 A S,6.19700381,-75.59011432,GUAYABAL,50,77,True
4654,S-304,4,304,CR 52  CL 12 A S,6.19700381,-75.59011432,GUAYABAL,50,76,True
4655,S-304,5,304,CR 52  CL 12 A S,6.19700381,-75.59011432,GUAYABAL,50,65,True
4656,S-304,6,304,CR 52  CL 12 A S,6.19700381,-75.59011432,GUAYABAL,50,68,True
4657,S-304,7,304,CR 52  CL 12 A S,6.19700381,-75.59011432,GUAYABAL,50,45,False
4658,S-304,8,304,CR 52  CL 12 A S,6.19700381,-75.59011432,GUAYABAL,50,51,True
4659,S-304,9,304,CR 52  CL 12 A S,6.19700381,-75.59011432,GUAYABAL,50,50,False
4660,S-304,10,304,CR 52  CL 12 A S,6.19700381,-75.59011432,GUAYABAL,50,50,False
4661,S-305,1,305,CR 52  CL 12 S,6.19753276,-75.58989641,GUAYABAL,50,37,False
4662,S-305,2,305,CR 52  CL 12 S,6.19753276,-75.58989641,GUAYABAL,50,78,True
4663,S-305,3,305,CR 52  CL 12 S,6.19753276,-75.58989641,GUAYABAL,50,45,False
4664,S-305,4,305,CR 52  CL 12 S,6.19753276,-75.58989641,GUAYABAL,50,60,True
4665,S-305,5,305,CR 52  CL 12 S,6.19753276,-75.58989641,GUAYABAL,50,71,True
4666,S-305,6,305,CR 52  CL 12 S,6.19753276,-75.58989641,GUAYABAL,50,39,False
4667,S-305,7,305,CR 52  CL 12 S,6.19753276,-75.58989641,GUAYABAL,50,61,True
4668,S-305,8,305,CR 52  CL 12 S,6.19753276,-75.58989641,GUAYABAL,50,63,True
4669,S-305,9,305,CR 52  CL 12 S,6.19753276,-75.58989641,GUAYABAL,50,38,False
4670,S-305,10,305,CR 52  CL 12 S,6.19753276,-75.58989641,GUAYABAL,50,46,False
4671,S-307,1,307,CR 52  CL 2 S,6.20674835,-75.58611042,GUAYABAL,50,40,False
4672,S-307,2,307,CR 52  CL 2 S,6.20674835,-75.58611042,GUAYABAL,50,61,True
4673,S-307,3,307,CR 52  CL 2 S,6.20674835,-75.58611042,GUAYABAL,50,39,False
4674,S-307,4,307,CR 52  CL 2 S,6.20674835,-75.58611042,GUAYABAL,50,51,True
4675,S-307,5,307,CR 52  CL 2 S,6.20674835,-75.58611042,GUAYABAL,50,46,False
4676,S-307,6,307,CR 52  CL 2 S,6.20674835,-75.58611042,GUAYABAL,50,33,False
4677,S-307,7,307,CR 52  CL 2 S,6.20674835,-75.58611042,GUAYABAL,50,77,True
4678,S-307,8,307,CR 52  CL 2 S,6.20674835,-75.58611042,GUAYABAL,50,76,True
4679,S-307,9,307,CR 52  CL 2 S,6.20674835,-75.58611042,GUAYABAL,50,54,True
4680,S-307,10,307,CR 52  CL 2 S,6.20674835,-75.58611042,GUAYABAL,50,50,False
4681,S-306,1,306,CR 52  CL 14,6.21758576,-75.58078356,GUAYABAL,50,66,True
4682,S-306,2,306,CR 52  CL 14,6.21758576,-75.58078356,GUAYABAL,50,67,True
4683,S-306,3,306,CR 52  CL 14,6.21758576,-75.58078356,GUAYABAL,50,78,True
4684,S-306,4,306,CR 52  CL 14,6.21758576,-75.58078356,GUAYABAL,50,30,False
4685,S-306,5,306,CR 52  CL 14,6.21758576,-75.58078356,GUAYABAL,50,54,True
4686,S-306,6,306,CR 52  CL 14,6.21758576,-75.58078356,GUAYABAL,50,80,True
4687,S-306,7,306,CR 52  CL 14,6.21758576,-75.58078356,GUAYABAL,50,65,True
4688,S-306,8,306,CR 52  CL 14,6.21758576,-75.58078356,GUAYABAL,50,46,False
4689,S-306,9,306,CR 52  CL 14,6.21758576,-75.58078356,GUAYABAL,50,70,True
4690,S-306,10,306,CR 52  CL 14,6.21758576,-75.58078356,GUAYABAL,50,53,True
4691,S-309,1,309,CR 52  CL 25,6.22585359,-75.57833972,GUAYABAL,50,31,False
4692,S-309,2,309,CR 52  CL 25,6.22585359,-75.57833972,GUAYABAL,50,69,True
4693,S-309,3,309,CR 52  CL 25,6.22585359,-75.57833972,GUAYABAL,50,44,False
4694,S-309,4,309,CR 52  CL 25,6.22585359,-75.57833972,GUAYABAL,50,61,True
4695,S-309,5,309,CR 52  CL 25,6.22585359,-75.57833972,GUAYABAL,50,68,True
4696,S-309,6,309,CR 52  CL 25,6.22585359,-75.57833972,GUAYABAL,50,35,False
4697,S-309,7,309,CR 52  CL 25,6.22585359,-75.57833972,GUAYABAL,50,30,False
4698,S-309,8,309,CR 52  CL 25,6.22585359,-75.57833972,GUAYABAL,50,76,True
4699,S-309,9,309,CR 52  CL 25,6.22585359,-75.57833972,GUAYABAL,50,52,True
4700,S-309,10,309,CR 52  CL 25,6.22585359,-75.57833972,GUAYABAL,50,68,True
4701,S-312,1,312,CR 52  CL 30DEPRIMIDO MPLUS cl 29,6.23163117,-75.57661661,GUAYABAL,50,46,False
4702,S-312,2,312,CR 52  CL 30DEPRIMIDO MPLUS cl 29,6.23163117,-75.57661661,GUAYABAL,50,63,True
4703,S-312,3,312,CR 52  CL 30DEPRIMIDO MPLUS cl 29,6.23163117,-75.57661661,GUAYABAL,50,70,True
4704,S-312,4,312,CR 52  CL 30DEPRIMIDO MPLUS cl 29,6.23163117,-75.57661661,GUAYABAL,50,58,True
4705,S-312,5,312,CR 52  CL 30DEPRIMIDO MPLUS cl 29,6.23163117,-75.57661661,GUAYABAL,50,38,False
4706,S-312,6,312,CR 52  CL 30DEPRIMIDO MPLUS cl 29,6.23163117,-75.57661661,GUAYABAL,50,42,False
4707,S-312,7,312,CR 52  CL 30DEPRIMIDO MPLUS cl 29,6.23163117,-75.57661661,GUAYABAL,50,35,False
4708,S-312,8,312,CR 52  CL 30DEPRIMIDO MPLUS cl 29,6.23163117,-75.57661661,GUAYABAL,50,35,False
4709,S-312,9,312,CR 52  CL 30DEPRIMIDO MPLUS cl 29,6.23163117,-75.57661661,GUAYABAL,50,49,False
4710,S-312,10,312,CR 52  CL 30DEPRIMIDO MPLUS cl 29,6.23163117,-75.57661661,GUAYABAL,50,32,False
4711,S-314,1,314,CR 52  CL 36,6.23779801,-75.57407647,LA CANDELARIA,50,46,False
4712,S-314,2,314,CR 52  CL 36,6.23779801,-75.57407647,LA CANDELARIA,50,78,True
4713,S-314,3,314,CR 52  CL 36,6.23779801,-75.57407647,LA CANDELARIA,50,41,False
4714,S-314,4,314,CR 52  CL 36,6.23779801,-75.57407647,LA CANDELARIA,50,77,True
4715,S-314,5,314,CR 52  CL 36,6.23779801,-75.57407647,LA CANDELARIA,50,76,True
4716,S-314,6,314,CR 52  CL 36,6.23779801,-75.57407647,LA CANDELARIA,50,74,True
4717,S-314,7,314,CR 52  CL 36,6.23779801,-75.57407647,LA CANDELARIA,50,30,False
4718,S-314,8,314,CR 52  CL 36,6.23779801,-75.57407647,LA CANDELARIA,50,46,False
4719,S-314,9,314,CR 52  CL 36,6.23779801,-75.57407647,LA CANDELARIA,50,32,False
4720,S-314,10,314,CR 52  CL 36,6.23779801,-75.57407647,LA CANDELARIA,50,55,True
4721,S-315,1,315,CR 52  CL 37,6.23858903,-75.5737582,LA CANDELARIA,50,44,False
4722,S-315,2,315,CR 52  CL 37,6.23858903,-75.5737582,LA CANDELARIA,50,65,True
4723,S-315,3,315,CR 52  CL 37,6.23858903,-75.5737582,LA CANDELARIA,50,61,True
4724,S-315,4,315,CR 52  CL 37,6.23858903,-75.5737582,LA CANDELARIA,50,61,True
4725,S-315,5,315,CR 52  CL 37,6.23858903,-75.5737582,LA CANDELARIA,50,33,False
4726,S-315,6,315,CR 52  CL 37,6.23858903,-75.5737582,LA CANDELARIA,50,47,False
4727,S-315,7,315,CR 52  CL 37,6.23858903,-75.5737582,LA CANDELARIA,50,78,True
4728,S-315,8,315,CR 52  CL 37,6.23858903,-75.5737582,LA CANDELARIA,50,48,False
4729,S-315,9,315,CR 52  CL 37,6.23858903,-75.5737582,LA CANDELARIA,50,72,True
4730,S-315,10,315,CR 52  CL 37,6.23858903,-75.5737582,LA CANDELARIA,50,64,True
4731,S-316,1,316,CR 52  CL 38,6.23930746,-75.57350925,LA CANDELARIA,50,69,True
4732,S-316,2,316,CR 52  CL 38,6.23930746,-75.57350925,LA CANDELARIA,50,43,False
4733,S-316,3,316,CR 52  CL 38,6.23930746,-75.57350925,LA CANDELARIA,50,62,True
4734,S-316,4,316,CR 52  CL 38,6.23930746,-75.57350925,LA CANDELARIA,50,43,False
4735,S-316,5,316,CR 52  CL 38,6.23930746,-75.57350925,LA CANDELARIA,50,63,True
4736,S-316,6,316,CR 52  CL 38,6.23930746,-75.57350925,LA CANDELARIA,50,33,False
4737,S-316,7,316,CR 52  CL 38,6.23930746,-75.57350925,LA CANDELARIA,50,53,True
4738,S-316,8,316,CR 52  CL 38,6.23930746,-75.57350925,LA CANDELARIA,50,58,True
4739,S-316,9,316,CR 52  CL 38,6.23930746,-75.57350925,LA CANDELARIA,50,48,False
4740,S-316,10,316,CR 52  CL 38,6.23930746,-75.57350925,LA CANDELARIA,50,35,False
4741,S-317,1,317,CR 52  CL 41,6.24224439,-75.57251942,LA CANDELARIA,50,62,True
4742,S-317,2,317,CR 52  CL 41,6.24224439,-75.57251942,LA CANDELARIA,50,78,True
4743,S-317,3,317,CR 52  CL 41,6.24224439,-75.57251942,LA CANDELARIA,50,69,True
4744,S-317,4,317,CR 52  CL 41,6.24224439,-75.57251942,LA CANDELARIA,50,48,False
4745,S-317,5,317,CR 52  CL 41,6.24224439,-75.57251942,LA CANDELARIA,50,30,False
4746,S-317,6,317,CR 52  CL 41,6.24224439,-75.57251942,LA CANDELARIA,50,34,False
4747,S-317,7,317,CR 52  CL 41,6.24224439,-75.57251942,LA CANDELARIA,50,56,True
4748,S-317,8,317,CR 52  CL 41,6.24224439,-75.57251942,LA CANDELARIA,50,45,False
4749,S-317,9,317,CR 52  CL 41,6.24224439,-75.57251942,LA CANDELARIA,50,35,False
4750,S-317,10,317,CR 52  CL 41,6.24224439,-75.57251942,LA CANDELARIA,50,69,True
4751,S-318,1,318,CR 52  CL 44,6.24500929,-75.57153827,LA CANDELARIA,50,42,False
4752,S-318,2,318,CR 52  CL 44,6.24500929,-75.57153827,LA CANDELARIA,50,77,True
4753,S-318,3,318,CR 52  CL 44,6.24500929,-75.57153827,LA CANDELARIA,50,64,True
4754,S-318,4,318,CR 52  CL 44,6.24500929,-75.57153827,LA CANDELARIA,50,48,False
4755,S-318,5,318,CR 52  CL 44,6.24500929,-75.57153827,LA CANDELARIA,50,41,False
4756,S-318,6,318,CR 52  CL 44,6.24500929,-75.57153827,LA CANDELARIA,50,45,False
4757,S-318,7,318,CR 52  CL 44,6.24500929,-75.57153827,LA CANDELARIA,50,72,True
4758,S-318,8,318,CR 52  CL 44,6.24500929,-75.57153827,LA CANDELARIA,50,39,False
4759,S-318,9,318,CR 52  CL 44,6.24500929,-75.57153827,LA CANDELARIA,50,54,True
4760,S-318,10,318,CR 52  CL 44,6.24500929,-75.57153827,LA CANDELARIA,50,49,False
4761,S-319,1,319,CR 52  CL 45,6.24610264,-75.57113077,LA CANDELARIA,50,60,True
4762,S-319,2,319,CR 52  CL 45,6.24610264,-75.57113077,LA CANDELARIA,50,33,False
4763,S-319,3,319,CR 52  CL 45,6.24610264,-75.57113077,LA CANDELARIA,50,73,True
4764,S-319,4,319,CR 52  CL 45,6.24610264,-75.57113077,LA CANDELARIA,50,52,True
4765,S-319,5,319,CR 52  CL 45,6.24610264,-75.57113077,LA CANDELARIA,50,31,False
4766,S-319,6,319,CR 52  CL 45,6.24610264,-75.57113077,LA CANDELARIA,50,51,True
4767,S-319,7,319,CR 52  CL 45,6.24610264,-75.57113077,LA CANDELARIA,50,80,True
4768,S-319,8,319,CR 52  CL 45,6.24610264,-75.57113077,LA CANDELARIA,50,66,True
4769,S-319,9,319,CR 52  CL 45,6.24610264,-75.57113077,LA CANDELARIA,50,37,False
4770,S-319,10,319,CR 52  CL 45,6.24610264,-75.57113077,LA CANDELARIA,50,36,False
4771,S-320,1,320,CR 52  CL 46,6.24762026,-75.57057656,LA CANDELARIA,50,43,False
4772,S-320,2,320,CR 52  CL 46,6.24762026,-75.57057656,LA CANDELARIA,50,32,False
4773,S-320,3,320,CR 52  CL 46,6.24762026,-75.57057656,LA CANDELARIA,50,79,True
4774,S-320,4,320,CR 52  CL 46,6.24762026,-75.57057656,LA CANDELARIA,50,45,False
4775,S-320,5,320,CR 52  CL 46,6.24762026,-75.57057656,LA CANDELARIA,50,48,False
4776,S-320,6,320,CR 52  CL 46,6.24762026,-75.57057656,LA CANDELARIA,50,80,True
4777,S-320,7,320,CR 52  CL 46,6.24762026,-75.57057656,LA CANDELARIA,50,47,False
4778,S-320,8,320,CR 52  CL 46,6.24762026,-75.57057656,LA CANDELARIA,50,45,False
4779,S-320,9,320,CR 52  CL 46,6.24762026,-75.57057656,LA CANDELARIA,50,37,False
4780,S-320,10,320,CR 52  CL 46,6.24762026,-75.57057656,LA CANDELARIA,50,62,True
4781,S-321,1,321,CR 52  CL 48,6.24850146,-75.57026685,LA CANDELARIA,50,78,True
4782,S-321,2,321,CR 52  CL 48,6.24850146,-75.57026685,LA CANDELARIA,50,41,False
4783,S-321,3,321,CR 52  CL 48,6.24850146,-75.57026685,LA CANDELARIA,50,40,False
4784,S-321,4,321,CR 52  CL 48,6.24850146,-75.57026685,LA CANDELARIA,50,34,False
4785,S-321,5,321,CR 52  CL 48,6.24850146,-75.57026685,LA CANDELARIA,50,56,True
4786,S-321,6,321,CR 52  CL 48,6.24850146,-75.57026685,LA CANDELARIA,50,41,False
4787,S-321,7,321,CR 52  CL 48,6.24850146,-75.57026685,LA CANDELARIA,50,46,False
4788,S-321,8,321,CR 52  CL 48,6.24850146,-75.57026685,LA CANDELARIA,50,35,False
4789,S-321,9,321,CR 52  CL 48,6.24850146,-75.57026685,LA CANDELARIA,50,62,True
4790,S-321,10,321,CR 52  CL 48,6.24850146,-75.57026685,LA CANDELARIA,50,34,False
4791,S-322,1,322,CR 52  CL 49,6.24930107,-75.57002235,LA CANDELARIA,50,57,True
4792,S-322,2,322,CR 52  CL 49,6.24930107,-75.57002235,LA CANDELARIA,50,43,False
4793,S-322,3,322,CR 52  CL 49,6.24930107,-75.57002235,LA CANDELARIA,50,34,False
4794,S-322,4,322,CR 52  CL 49,6.24930107,-75.57002235,LA CANDELARIA,50,62,True
4795,S-322,5,322,CR 52  CL 49,6.24930107,-75.57002235,LA CANDELARIA,50,79,True
4796,S-322,6,322,CR 52  CL 49,6.24930107,-75.57002235,LA CANDELARIA,50,77,True
4797,S-322,7,322,CR 52  CL 49,6.24930107,-75.57002235,LA CANDELARIA,50,70,True
4798,S-322,8,322,CR 52  CL 49,6.24930107,-75.57002235,LA CANDELARIA,50,48,False
4799,S-322,9,322,CR 52  CL 49,6.24930107,-75.57002235,LA CANDELARIA,50,51,True
4800,S-322,10,322,CR 52  CL 49,6.24930107,-75.57002235,LA CANDELARIA,50,34,False
4801,S-323,1,323,CR 52  CL 50,6.25024754,-75.56961483,LA CANDELARIA,50,31,False
4802,S-323,2,323,CR 52  CL 50,6.25024754,-75.56961483,LA CANDELARIA,50,59,True
4803,S-323,3,323,CR 52  CL 50,6.25024754,-75.56961483,LA CANDELARIA,50,76,True
4804,S-323,4,323,CR 52  CL 50,6.25024754,-75.56961483,LA CANDELARIA,50,68,True
4805,S-323,5,323,CR 52  CL 50,6.25024754,-75.56961483,LA CANDELARIA,50,33,False
4806,S-323,6,323,CR 52  CL 50,6.25024754,-75.56961483,LA CANDELARIA,50,62,True
4807,S-323,7,323,CR 52  CL 50,6.25024754,-75.56961483,LA CANDELARIA,50,42,False
4808,S-323,8,323,CR 52  CL 50,6.25024754,-75.56961483,LA CANDELARIA,50,49,False
4809,S-323,9,323,CR 52  CL 50,6.25024754,-75.56961483,LA CANDELARIA,50,36,False
4810,S-323,10,323,CR 52  CL 50,6.25024754,-75.56961483,LA CANDELARIA,50,44,False
4811,S-325,1,325,CR 52  CL 54,6.25424558,-75.56826188,LA CANDELARIA,50,52,True
4812,S-325,2,325,CR 52  CL 54,6.25424558,-75.56826188,LA CANDELARIA,50,43,False
4813,S-325,3,325,CR 52  CL 54,6.25424558,-75.56826188,LA CANDELARIA,50,52,True
4814,S-325,4,325,CR 52  CL 54,6.25424558,-75.56826188,LA CANDELARIA,50,48,False
4815,S-325,5,325,CR 52  CL 54,6.25424558,-75.56826188,LA CANDELARIA,50,58,True
4816,S-325,6,325,CR 52  CL 54,6.25424558,-75.56826188,LA CANDELARIA,50,49,False
4817,S-325,7,325,CR 52  CL 54,6.25424558,-75.56826188,LA CANDELARIA,50,58,True
4818,S-325,8,325,CR 52  CL 54,6.25424558,-75.56826188,LA CANDELARIA,50,53,True
4819,S-325,9,325,CR 52  CL 54,6.25424558,-75.56826188,LA CANDELARIA,50,47,False
4820,S-325,10,325,CR 52  CL 54,6.25424558,-75.56826188,LA CANDELARIA,50,39,False
4821,S-326,1,326,CR 52  CL 57,6.25622635,-75.56788429,LA CANDELARIA,50,70,True
4822,S-326,2,326,CR 52  CL 57,6.25622635,-75.56788429,LA CANDELARIA,50,37,False
4823,S-326,3,326,CR 52  CL 57,6.25622635,-75.56788429,LA CANDELARIA,50,55,True
4824,S-326,4,326,CR 52  CL 57,6.25622635,-75.56788429,LA CANDELARIA,50,58,True
4825,S-326,5,326,CR 52  CL 57,6.25622635,-75.56788429,LA CANDELARIA,50,39,False
4826,S-326,6,326,CR 52  CL 57,6.25622635,-75.56788429,LA CANDELARIA,50,46,False
4827,S-326,7,326,CR 52  CL 57,6.25622635,-75.56788429,LA CANDELARIA,50,31,False
4828,S-326,8,326,CR 52  CL 57,6.25622635,-75.56788429,LA CANDELARIA,50,35,False
4829,S-326,9,326,CR 52  CL 57,6.25622635,-75.56788429,LA CANDELARIA,50,34,False
4830,S-326,10,326,CR 52  CL 57,6.25622635,-75.56788429,LA CANDELARIA,50,57,True
4831,S-327,1,327,CR 52  CL 57 B,6.25698039,-75.56770849,LA CANDELARIA,50,70,True
4832,S-327,2,327,CR 52  CL 57 B,6.25698039,-75.56770849,LA CANDELARIA,50,34,False
4833,S-327,3,327,CR 52  CL 57 B,6.25698039,-75.56770849,LA CANDELARIA,50,47,False
4834,S-327,4,327,CR 52  CL 57 B,6.25698039,-75.56770849,LA CANDELARIA,50,55,True
4835,S-327,5,327,CR 52  CL 57 B,6.25698039,-75.56770849,LA CANDELARIA,50,49,False
4836,S-327,6,327,CR 52  CL 57 B,6.25698039,-75.56770849,LA CANDELARIA,50,70,True
4837,S-327,7,327,CR 52  CL 57 B,6.25698039,-75.56770849,LA CANDELARIA,50,78,True
4838,S-327,8,327,CR 52  CL 57 B,6.25698039,-75.56770849,LA CANDELARIA,50,56,True
4839,S-327,9,327,CR 52  CL 57 B,6.25698039,-75.56770849,LA CANDELARIA,50,78,True
4840,S-327,10,327,CR 52  CL 57 B,6.25698039,-75.56770849,LA CANDELARIA,50,41,False
4841,S-328,1,328,CR 52  CL 58,6.25732327,-75.56764754,LA CANDELARIA,50,36,False
4842,S-328,2,328,CR 52  CL 58,6.25732327,-75.56764754,LA CANDELARIA,50,32,False
4843,S-328,3,328,CR 52  CL 58,6.25732327,-75.56764754,LA CANDELARIA,50,39,False
4844,S-328,4,328,CR 52  CL 58,6.25732327,-75.56764754,LA CANDELARIA,50,63,True
4845,S-328,5,328,CR 52  CL 58,6.25732327,-75.56764754,LA CANDELARIA,50,54,True
4846,S-328,6,328,CR 52  CL 58,6.25732327,-75.56764754,LA CANDELARIA,50,64,True
4847,S-328,7,328,CR 52  CL 58,6.25732327,-75.56764754,LA CANDELARIA,50,45,False
4848,S-328,8,328,CR 52  CL 58,6.25732327,-75.56764754,LA CANDELARIA,50,31,False
4849,S-328,9,328,CR 52  CL 58,6.25732327,-75.56764754,LA CANDELARIA,50,53,True
4850,S-328,10,328,CR 52  CL 58,6.25732327,-75.56764754,LA CANDELARIA,50,39,False
4851,S-329,1,329,CR 52  CL 59,6.25799595,-75.56752802,LA CANDELARIA,50,67,True
4852,S-329,2,329,CR 52  CL 59,6.25799595,-75.56752802,LA CANDELARIA,50,51,True
4853,S-329,3,329,CR 52  CL 59,6.25799595,-75.56752802,LA CANDELARIA,50,55,True
4854,S-329,4,329,CR 52  CL 59,6.25799595,-75.56752802,LA CANDELARIA,50,72,True
4855,S-329,5,329,CR 52  CL 59,6.25799595,-75.56752802,LA CANDELARIA,50,68,True
4856,S-329,6,329,CR 52  CL 59,6.25799595,-75.56752802,LA CANDELARIA,50,56,True
4857,S-329,7,329,CR 52  CL 59,6.25799595,-75.56752802,LA CANDELARIA,50,58,True
4858,S-329,8,329,CR 52  CL 59,6.25799595,-75.56752802,LA CANDELARIA,50,76,True
4859,S-329,9,329,CR 52  CL 59,6.25799595,-75.56752802,LA CANDELARIA,50,67,True
4860,S-329,10,329,CR 52  CL 59,6.25799595,-75.56752802,LA CANDELARIA,50,49,False
4861,S-330,1,330,CR 52  CL 61,6.25976747,-75.56723226,LA CANDELARIA,50,56,True
4862,S-330,2,330,CR 52  CL 61,6.25976747,-75.56723226,LA CANDELARIA,50,70,True
4863,S-330,3,330,CR 52  CL 61,6.25976747,-75.56723226,LA CANDELARIA,50,49,False
4864,S-330,4,330,CR 52  CL 61,6.25976747,-75.56723226,LA CANDELARIA,50,73,True
4865,S-330,5,330,CR 52  CL 61,6.25976747,-75.56723226,LA CANDELARIA,50,48,False
4866,S-330,6,330,CR 52  CL 61,6.25976747,-75.56723226,LA CANDELARIA,50,49,False
4867,S-330,7,330,CR 52  CL 61,6.25976747,-75.56723226,LA CANDELARIA,50,64,True
4868,S-330,8,330,CR 52  CL 61,6.25976747,-75.56723226,LA CANDELARIA,50,76,True
4869,S-330,9,330,CR 52  CL 61,6.25976747,-75.56723226,LA CANDELARIA,50,31,False
4870,S-330,10,330,CR 52  CL 61,6.25976747,-75.56723226,LA CANDELARIA,50,59,True
4871,S-331,1,331,CR 52  CL 62,6.26087712,-75.56705294,LA CANDELARIA,50,63,True
4872,S-331,2,331,CR 52  CL 62,6.26087712,-75.56705294,LA CANDELARIA,50,51,True
4873,S-331,3,331,CR 52  CL 62,6.26087712,-75.56705294,LA CANDELARIA,50,32,False
4874,S-331,4,331,CR 52  CL 62,6.26087712,-75.56705294,LA CANDELARIA,50,35,False
4875,S-331,5,331,CR 52  CL 62,6.26087712,-75.56705294,LA CANDELARIA,50,44,False
4876,S-331,6,331,CR 52  CL 62,6.26087712,-75.56705294,LA CANDELARIA,50,56,True
4877,S-331,7,331,CR 52  CL 62,6.26087712,-75.56705294,LA CANDELARIA,50,39,False
4878,S-331,8,331,CR 52  CL 62,6.26087712,-75.56705294,LA CANDELARIA,50,38,False
4879,S-331,9,331,CR 52  CL 62,6.26087712,-75.56705294,LA CANDELARIA,50,62,True
4880,S-331,10,331,CR 52  CL 62,6.26087712,-75.56705294,LA CANDELARIA,50,61,True
4881,S-332,1,332,CR 52  CL 64,6.2618236,-75.56682473,LA CANDELARIA,50,77,True
4882,S-332,2,332,CR 52  CL 64,6.2618236,-75.56682473,LA CANDELARIA,50,35,False
4883,S-332,3,332,CR 52  CL 64,6.2618236,-75.56682473,LA CANDELARIA,50,70,True
4884,S-332,4,332,CR 52  CL 64,6.2618236,-75.56682473,LA CANDELARIA,50,65,True
4885,S-332,5,332,CR 52  CL 64,6.2618236,-75.56682473,LA CANDELARIA,50,31,False
4886,S-332,6,332,CR 52  CL 64,6.2618236,-75.56682473,LA CANDELARIA,50,58,True
4887,S-332,7,332,CR 52  CL 64,6.2618236,-75.56682473,LA CANDELARIA,50,33,False
4888,S-332,8,332,CR 52  CL 64,6.2618236,-75.56682473,LA CANDELARIA,50,30,False
4889,S-332,9,332,CR 52  CL 64,6.2618236,-75.56682473,LA CANDELARIA,50,48,False
4890,S-332,10,332,CR 52  CL 64,6.2618236,-75.56682473,LA CANDELARIA,50,55,True
4891,S-333,1,333,CR 52  CL 67,6.26425505,-75.5664335,LA CANDELARIA,50,54,True
4892,S-333,2,333,CR 52  CL 67,6.26425505,-75.5664335,LA CANDELARIA,50,39,False
4893,S-333,3,333,CR 52  CL 67,6.26425505,-75.5664335,LA CANDELARIA,50,44,False
4894,S-333,4,333,CR 52  CL 67,6.26425505,-75.5664335,LA CANDELARIA,50,51,True
4895,S-333,5,333,CR 52  CL 67,6.26425505,-75.5664335,LA CANDELARIA,50,80,True
4896,S-333,6,333,CR 52  CL 67,6.26425505,-75.5664335,LA CANDELARIA,50,77,True
4897,S-333,7,333,CR 52  CL 67,6.26425505,-75.5664335,LA CANDELARIA,50,50,False
4898,S-333,8,333,CR 52  CL 67,6.26425505,-75.5664335,LA CANDELARIA,50,51,True
4899,S-333,9,333,CR 52  CL 67,6.26425505,-75.5664335,LA CANDELARIA,50,65,True
4900,S-333,10,333,CR 52  CL 67,6.26425505,-75.5664335,LA CANDELARIA,50,63,True
4901,S-334,1,334,CR 52  CL 68,6.26624771,-75.56601476,ARANJUEZ,50,59,True
4902,S-334,2,334,CR 52  CL 68,6.26624771,-75.56601476,ARANJUEZ,50,54,True
4903,S-334,3,334,CR 52  CL 68,6.26624771,-75.56601476,ARANJUEZ,50,74,True
4904,S-334,4,334,CR 52  CL 68,6.26624771,-75.56601476,ARANJUEZ,50,57,True
4905,S-334,5,334,CR 52  CL 68,6.26624771,-75.56601476,ARANJUEZ,50,30,False
4906,S-334,6,334,CR 52  CL 68,6.26624771,-75.56601476,ARANJUEZ,50,78,True
4907,S-334,7,334,CR 52  CL 68,6.26624771,-75.56601476,ARANJUEZ,50,74,True
4908,S-334,8,334,CR 52  CL 68,6.26624771,-75.56601476,ARANJUEZ,50,33,False
4909,S-334,9,334,CR 52  CL 68,6.26624771,-75.56601476,ARANJUEZ,50,36,False
4910,S-334,10,334,CR 52  CL 68,6.26624771,-75.56601476,ARANJUEZ,50,78,True
4911,S-335,1,335,CR 52  CL 70,6.26715711,-75.56583989,ARANJUEZ,50,38,False
4912,S-335,2,335,CR 52  CL 70,6.26715711,-75.56583989,ARANJUEZ,50,65,True
4913,S-335,3,335,CR 52  CL 70,6.26715711,-75.56583989,ARANJUEZ,50,48,False
4914,S-335,4,335,CR 52  CL 70,6.26715711,-75.56583989,ARANJUEZ,50,30,False
4915,S-335,5,335,CR 52  CL 70,6.26715711,-75.56583989,ARANJUEZ,50,39,False
4916,S-335,6,335,CR 52  CL 70,6.26715711,-75.56583989,ARANJUEZ,50,65,True
4917,S-335,7,335,CR 52  CL 70,6.26715711,-75.56583989,ARANJUEZ,50,38,False
4918,S-335,8,335,CR 52  CL 70,6.26715711,-75.56583989,ARANJUEZ,50,74,True
4919,S-335,9,335,CR 52  CL 70,6.26715711,-75.56583989,ARANJUEZ,50,75,True
4920,S-335,10,335,CR 52  CL 70,6.26715711,-75.56583989,ARANJUEZ,50,71,True
4921,S-336,1,336,CR 52  CL 73,6.26927308,-75.56552797,ARANJUEZ,50,61,True
4922,S-336,2,336,CR 52  CL 73,6.26927308,-75.56552797,ARANJUEZ,50,61,True
4923,S-336,3,336,CR 52  CL 73,6.26927308,-75.56552797,ARANJUEZ,50,35,False
4924,S-336,4,336,CR 52  CL 73,6.26927308,-75.56552797,ARANJUEZ,50,77,True
4925,S-336,5,336,CR 52  CL 73,6.26927308,-75.56552797,ARANJUEZ,50,67,True
4926,S-336,6,336,CR 52  CL 73,6.26927308,-75.56552797,ARANJUEZ,50,46,False
4927,S-336,7,336,CR 52  CL 73,6.26927308,-75.56552797,ARANJUEZ,50,39,False
4928,S-336,8,336,CR 52  CL 73,6.26927308,-75.56552797,ARANJUEZ,50,79,True
4929,S-336,9,336,CR 52  CL 73,6.26927308,-75.56552797,ARANJUEZ,50,56,True
4930,S-336,10,336,CR 52  CL 73,6.26927308,-75.56552797,ARANJUEZ,50,79,True
4931,S-337,1,337,CR 52  CL 77,6.2721455,-75.56506317,ARANJUEZ,50,64,True
4932,S-337,2,337,CR 52  CL 77,6.2721455,-75.56506317,ARANJUEZ,50,50,False
4933,S-337,3,337,CR 52  CL 77,6.2721455,-75.56506317,ARANJUEZ,50,54,True
4934,S-337,4,337,CR 52  CL 77,6.2721455,-75.56506317,ARANJUEZ,50,57,True
4935,S-337,5,337,CR 52  CL 77,6.2721455,-75.56506317,ARANJUEZ,50,76,True
4936,S-337,6,337,CR 52  CL 77,6.2721455,-75.56506317,ARANJUEZ,50,44,False
4937,S-337,7,337,CR 52  CL 77,6.2721455,-75.56506317,ARANJUEZ,50,33,False
4938,S-337,8,337,CR 52  CL 77,6.2721455,-75.56506317,ARANJUEZ,50,58,True
4939,S-337,9,337,CR 52  CL 77,6.2721455,-75.56506317,ARANJUEZ,50,38,False
4940,S-337,10,337,CR 52  CL 77,6.2721455,-75.56506317,ARANJUEZ,50,56,True
4941,S-338,1,338,CR 52  CL 80,6.27464222,-75.56454151,ARANJUEZ,50,55,True
4942,S-338,2,338,CR 52  CL 80,6.27464222,-75.56454151,ARANJUEZ,50,48,False
4943,S-338,3,338,CR 52  CL 80,6.27464222,-75.56454151,ARANJUEZ,50,57,True
4944,S-338,4,338,CR 52  CL 80,6.27464222,-75.56454151,ARANJUEZ,50,46,False
4945,S-338,5,338,CR 52  CL 80,6.27464222,-75.56454151,ARANJUEZ,50,72,True
4946,S-338,6,338,CR 52  CL 80,6.27464222,-75.56454151,ARANJUEZ,50,70,True
4947,S-338,7,338,CR 52  CL 80,6.27464222,-75.56454151,ARANJUEZ,50,71,True
4948,S-338,8,338,CR 52  CL 80,6.27464222,-75.56454151,ARANJUEZ,50,79,True
4949,S-338,9,338,CR 52  CL 80,6.27464222,-75.56454151,ARANJUEZ,50,49,False
4950,S-338,10,338,CR 52  CL 80,6.27464222,-75.56454151,ARANJUEZ,50,74,True
4951,S-339,1,339,CR 52  CL 82Cuatro Bocas,6.27680462,-75.56420151,ARANJUEZ,50,69,True
4952,S-339,2,339,CR 52  CL 82Cuatro Bocas,6.27680462,-75.56420151,ARANJUEZ,50,68,True
4953,S-339,3,339,CR 52  CL 82Cuatro Bocas,6.27680462,-75.56420151,ARANJUEZ,50,78,True
4954,S-339,4,339,CR 52  CL 82Cuatro Bocas,6.27680462,-75.56420151,ARANJUEZ,50,52,True
4955,S-339,5,339,CR 52  CL 82Cuatro Bocas,6.27680462,-75.56420151,ARANJUEZ,50,76,True
4956,S-339,6,339,CR 52  CL 82Cuatro Bocas,6.27680462,-75.56420151,ARANJUEZ,50,61,True
4957,S-339,7,339,CR 52  CL 82Cuatro Bocas,6.27680462,-75.56420151,ARANJUEZ,50,76,True
4958,S-339,8,339,CR 52  CL 82Cuatro Bocas,6.27680462,-75.56420151,ARANJUEZ,50,62,True
4959,S-339,9,339,CR 52  CL 82Cuatro Bocas,6.27680462,-75.56420151,ARANJUEZ,50,75,True
4960,S-339,10,339,CR 52  CL 82Cuatro Bocas,6.27680462,-75.56420151,ARANJUEZ,50,34,False
4961,S-340,1,340,CR 52  CL 9 S,6.20094543,-75.58851796,GUAYABAL,50,72,True
4962,S-340,2,340,CR 52  CL 9 S,6.20094543,-75.58851796,GUAYABAL,50,77,True
4963,S-340,3,340,CR 52  CL 9 S,6.20094543,-75.58851796,GUAYABAL,50,63,True
4964,S-340,4,340,CR 52  CL 9 S,6.20094543,-75.58851796,GUAYABAL,50,69,True
4965,S-340,5,340,CR 52  CL 9 S,6.20094543,-75.58851796,GUAYABAL,50,40,False
4966,S-340,6,340,CR 52  CL 9 S,6.20094543,-75.58851796,GUAYABAL,50,79,True
4967,S-340,7,340,CR 52  CL 9 S,6.20094543,-75.58851796,GUAYABAL,50,32,False
4968,S-340,8,340,CR 52  CL 9 S,6.20094543,-75.58851796,GUAYABAL,50,62,True
4969,S-340,9,340,CR 52  CL 9 S,6.20094543,-75.58851796,GUAYABAL,50,40,False
4970,S-340,10,340,CR 52  CL 9 S,6.20094543,-75.58851796,GUAYABAL,50,45,False
4971,S-342,1,342,CR 53   CL 53AV GREIFF,6.25303643,-75.5694079,LA CANDELARIA,50,47,False
4972,S-342,2,342,CR 53   CL 53AV GREIFF,6.25303643,-75.5694079,LA CANDELARIA,50,59,True
4973,S-342,3,342,CR 53   CL 53AV GREIFF,6.25303643,-75.5694079,LA CANDELARIA,50,77,True
4974,S-342,4,342,CR 53   CL 53AV GREIFF,6.25303643,-75.5694079,LA CANDELARIA,50,39,False
4975,S-342,5,342,CR 53   CL 53AV GREIFF,6.25303643,-75.5694079,LA CANDELARIA,50,47,False
4976,S-342,6,342,CR 53   CL 53AV GREIFF,6.25303643,-75.5694079,LA CANDELARIA,50,67,True
4977,S-342,7,342,CR 53   CL 53AV GREIFF,6.25303643,-75.5694079,LA CANDELARIA,50,48,False
4978,S-342,8,342,CR 53   CL 53AV GREIFF,6.25303643,-75.5694079,LA CANDELARIA,50,65,True
4979,S-342,9,342,CR 53   CL 53AV GREIFF,6.25303643,-75.5694079,LA CANDELARIA,50,42,False
4980,S-342,10,342,CR 53   CL 53AV GREIFF,6.25303643,-75.5694079,LA CANDELARIA,50,75,True
4981,S-344,1,344,CR 53  CL 46,6.24797926,-75.57152199,LA CANDELARIA,50,32,False
4982,S-344,2,344,CR 53  CL 46,6.24797926,-75.57152199,LA CANDELARIA,50,39,False
4983,S-344,3,344,CR 53  CL 46,6.24797926,-75.57152199,LA CANDELARIA,50,67,True
4984,S-344,4,344,CR 53  CL 46,6.24797926,-75.57152199,LA CANDELARIA,50,30,False
4985,S-344,5,344,CR 53  CL 46,6.24797926,-75.57152199,LA CANDELARIA,50,56,True
4986,S-344,6,344,CR 53  CL 46,6.24797926,-75.57152199,LA CANDELARIA,50,75,True
4987,S-344,7,344,CR 53  CL 46,6.24797926,-75.57152199,LA CANDELARIA,50,37,False
4988,S-344,8,344,CR 53  CL 46,6.24797926,-75.57152199,LA CANDELARIA,50,80,True
4989,S-344,9,344,CR 53  CL 46,6.24797926,-75.57152199,LA CANDELARIA,50,75,True
4990,S-344,10,344,CR 53  CL 46,6.24797926,-75.57152199,LA CANDELARIA,50,71,True
4991,S-345,1,345,CR 53  CL 49,6.24962744,-75.57085368,LA CANDELARIA,50,46,False
4992,S-345,2,345,CR 53  CL 49,6.24962744,-75.57085368,LA CANDELARIA,50,38,False
4993,S-345,3,345,CR 53  CL 49,6.24962744,-75.57085368,LA CANDELARIA,50,35,False
4994,S-345,4,345,CR 53  CL 49,6.24962744,-75.57085368,LA CANDELARIA,50,72,True
4995,S-345,5,345,CR 53  CL 49,6.24962744,-75.57085368,LA CANDELARIA,50,54,True
4996,S-345,6,345,CR 53  CL 49,6.24962744,-75.57085368,LA CANDELARIA,50,68,True
4997,S-345,7,345,CR 53  CL 49,6.24962744,-75.57085368,LA CANDELARIA,50,78,True
4998,S-345,8,345,CR 53  CL 49,6.24962744,-75.57085368,LA CANDELARIA,50,57,True
4999,S-345,9,345,CR 53  CL 49,6.24962744,-75.57085368,LA CANDELARIA,50,62,True
5000,S-345,10,345,CR 53  CL 49,6.24962744,-75.57085368,LA CANDELARIA,50,66,True
5001,S-346,1,346,CR 53  CL 50,6.25062287,-75.57039726,LA CANDELARIA,50,38,False
5002,S-346,2,346,CR 53  CL 50,6.25062287,-75.57039726,LA CANDELARIA,50,47,False
5003,S-346,3,346,CR 53  CL 50,6.25062287,-75.57039726,LA CANDELARIA,50,50,False
5004,S-346,4,346,CR 53  CL 50,6.25062287,-75.57039726,LA CANDELARIA,50,31,False
5005,S-346,5,346,CR 53  CL 50,6.25062287,-75.57039726,LA CANDELARIA,50,72,True
5006,S-346,6,346,CR 53  CL 50,6.25062287,-75.57039726,LA CANDELARIA,50,67,True
5007,S-346,7,346,CR 53  CL 50,6.25062287,-75.57039726,LA CANDELARIA,50,69,True
5008,S-346,8,346,CR 53  CL 50,6.25062287,-75.57039726,LA CANDELARIA,50,65,True
5009,S-346,9,346,CR 53  CL 50,6.25062287,-75.57039726,LA CANDELARIA,50,79,True
5010,S-346,10,346,CR 53  CL 50,6.25062287,-75.57039726,LA CANDELARIA,50,72,True
5011,S-347,1,347,CR 53  CL 51,6.25129193,-75.57007125,LA CANDELARIA,50,66,True
5012,S-347,2,347,CR 53  CL 51,6.25129193,-75.57007125,LA CANDELARIA,50,44,False
5013,S-347,3,347,CR 53  CL 51,6.25129193,-75.57007125,LA CANDELARIA,50,57,True
5014,S-347,4,347,CR 53  CL 51,6.25129193,-75.57007125,LA CANDELARIA,50,47,False
5015,S-347,5,347,CR 53  CL 51,6.25129193,-75.57007125,LA CANDELARIA,50,63,True
5016,S-347,6,347,CR 53  CL 51,6.25129193,-75.57007125,LA CANDELARIA,50,51,True
5017,S-347,7,347,CR 53  CL 51,6.25129193,-75.57007125,LA CANDELARIA,50,40,False
5018,S-347,8,347,CR 53  CL 51,6.25129193,-75.57007125,LA CANDELARIA,50,42,False
5019,S-347,9,347,CR 53  CL 51,6.25129193,-75.57007125,LA CANDELARIA,50,33,False
5020,S-347,10,347,CR 53  CL 51,6.25129193,-75.57007125,LA CANDELARIA,50,51,True
5021,S-348,1,348,CR 53  CL 52,6.25202626,-75.56976154,LA CANDELARIA,50,36,False
5022,S-348,2,348,CR 53  CL 52,6.25202626,-75.56976154,LA CANDELARIA,50,72,True
5023,S-348,3,348,CR 53  CL 52,6.25202626,-75.56976154,LA CANDELARIA,50,53,True
5024,S-348,4,348,CR 53  CL 52,6.25202626,-75.56976154,LA CANDELARIA,50,33,False
5025,S-348,5,348,CR 53  CL 52,6.25202626,-75.56976154,LA CANDELARIA,50,57,True
5026,S-348,6,348,CR 53  CL 52,6.25202626,-75.56976154,LA CANDELARIA,50,44,False
5027,S-348,7,348,CR 53  CL 52,6.25202626,-75.56976154,LA CANDELARIA,50,30,False
5028,S-348,8,348,CR 53  CL 52,6.25202626,-75.56976154,LA CANDELARIA,50,32,False
5029,S-348,9,348,CR 53  CL 52,6.25202626,-75.56976154,LA CANDELARIA,50,43,False
5030,S-348,10,348,CR 53  CL 52,6.25202626,-75.56976154,LA CANDELARIA,50,67,True
5031,S-515,1,515,CR 78  CL 32Sur  ,6.23320671,-75.59824971,BELEN,50,79,True
5032,S-515,2,515,CR 78  CL 32Sur  ,6.23320671,-75.59824971,BELEN,50,30,False
5033,S-515,3,515,CR 78  CL 32Sur  ,6.23320671,-75.59824971,BELEN,50,67,True
5034,S-515,4,515,CR 78  CL 32Sur  ,6.23320671,-75.59824971,BELEN,50,67,True
5035,S-515,5,515,CR 78  CL 32Sur  ,6.23320671,-75.59824971,BELEN,50,50,False
5036,S-515,6,515,CR 78  CL 32Sur  ,6.23320671,-75.59824971,BELEN,50,77,True
5037,S-515,7,515,CR 78  CL 32Sur  ,6.23320671,-75.59824971,BELEN,50,58,True
5038,S-515,8,515,CR 78  CL 32Sur  ,6.23320671,-75.59824971,BELEN,50,34,False
5039,S-515,9,515,CR 78  CL 32Sur  ,6.23320671,-75.59824971,BELEN,50,78,True
5040,S-515,10,515,CR 78  CL 32Sur  ,6.23320671,-75.59824971,BELEN,50,39,False
5041,S-516,1,516,CR 78  CL 32Norte,6.23365917,-75.59820153,BELEN,50,57,True
5042,S-516,2,516,CR 78  CL 32Norte,6.23365917,-75.59820153,BELEN,50,50,False
5043,S-516,3,516,CR 78  CL 32Norte,6.23365917,-75.59820153,BELEN,50,79,True
5044,S-516,4,516,CR 78  CL 32Norte,6.23365917,-75.59820153,BELEN,50,36,False
5045,S-516,5,516,CR 78  CL 32Norte,6.23365917,-75.59820153,BELEN,50,32,False
5046,S-516,6,516,CR 78  CL 32Norte,6.23365917,-75.59820153,BELEN,50,74,True
5047,S-516,7,516,CR 78  CL 32Norte,6.23365917,-75.59820153,BELEN,50,76,True
5048,S-516,8,516,CR 78  CL 32Norte,6.23365917,-75.59820153,BELEN,50,49,False
5049,S-516,9,516,CR 78  CL 32Norte,6.23365917,-75.59820153,BELEN,50,48,False
5050,S-516,10,516,CR 78  CL 32Norte,6.23365917,-75.59820153,BELEN,50,64,True
5051,S-517,1,517,CR 78  CL 33,6.23888606,-75.59835777,BELEN,50,33,False
5052,S-517,2,517,CR 78  CL 33,6.23888606,-75.59835777,BELEN,50,34,False
5053,S-517,3,517,CR 78  CL 33,6.23888606,-75.59835777,BELEN,50,30,False
5054,S-517,4,517,CR 78  CL 33,6.23888606,-75.59835777,BELEN,50,33,False
5055,S-517,5,517,CR 78  CL 33,6.23888606,-75.59835777,BELEN,50,41,False
5056,S-517,6,517,CR 78  CL 33,6.23888606,-75.59835777,BELEN,50,56,True
5057,S-517,7,517,CR 78  CL 33,6.23888606,-75.59835777,BELEN,50,71,True
5058,S-517,8,517,CR 78  CL 33,6.23888606,-75.59835777,BELEN,50,52,True
5059,S-517,9,517,CR 78  CL 33,6.23888606,-75.59835777,BELEN,50,54,True
5060,S-517,10,517,CR 78  CL 33,6.23888606,-75.59835777,BELEN,50,50,False
5061,S-518,1,518,CR 78  CL 44,6.25008374,-75.59689326,LAURELES,50,53,True
5062,S-518,2,518,CR 78  CL 44,6.25008374,-75.59689326,LAURELES,50,54,True
5063,S-518,3,518,CR 78  CL 44,6.25008374,-75.59689326,LAURELES,50,74,True
5064,S-518,4,518,CR 78  CL 44,6.25008374,-75.59689326,LAURELES,50,75,True
5065,S-518,5,518,CR 78  CL 44,6.25008374,-75.59689326,LAURELES,50,61,True
5066,S-518,6,518,CR 78  CL 44,6.25008374,-75.59689326,LAURELES,50,61,True
5067,S-518,7,518,CR 78  CL 44,6.25008374,-75.59689326,LAURELES,50,34,False
5068,S-518,8,518,CR 78  CL 44,6.25008374,-75.59689326,LAURELES,50,65,True
5069,S-518,9,518,CR 78  CL 44,6.25008374,-75.59689326,LAURELES,50,75,True
5070,S-518,10,518,CR 78  CL 44,6.25008374,-75.59689326,LAURELES,50,71,True
5071,S-519,1,519,CR 78  CL 44 A,6.25063857,-75.59687053,LA AMERICA,50,78,True
5072,S-519,2,519,CR 78  CL 44 A,6.25063857,-75.59687053,LA AMERICA,50,71,True
5073,S-519,3,519,CR 78  CL 44 A,6.25063857,-75.59687053,LA AMERICA,50,68,True
5074,S-519,4,519,CR 78  CL 44 A,6.25063857,-75.59687053,LA AMERICA,50,45,False
5075,S-519,5,519,CR 78  CL 44 A,6.25063857,-75.59687053,LA AMERICA,50,62,True
5076,S-519,6,519,CR 78  CL 44 A,6.25063857,-75.59687053,LA AMERICA,50,78,True
5077,S-519,7,519,CR 78  CL 44 A,6.25063857,-75.59687053,LA AMERICA,50,50,False
5078,S-519,8,519,CR 78  CL 44 A,6.25063857,-75.59687053,LA AMERICA,50,38,False
5079,S-519,9,519,CR 78  CL 44 A,6.25063857,-75.59687053,LA AMERICA,50,35,False
5080,S-519,10,519,CR 78  CL 44 A,6.25063857,-75.59687053,LA AMERICA,50,80,True
5081,S-521,1,521,CR 78  CL 65Col. Mayor,6.27292013,-75.5920929,,50,74,True
5082,S-521,2,521,CR 78  CL 65Col. Mayor,6.27292013,-75.5920929,,50,64,True
5083,S-521,3,521,CR 78  CL 65Col. Mayor,6.27292013,-75.5920929,,50,68,True
5084,S-521,4,521,CR 78  CL 65Col. Mayor,6.27292013,-75.5920929,,50,51,True
5085,S-521,5,521,CR 78  CL 65Col. Mayor,6.27292013,-75.5920929,,50,70,True
5086,S-521,6,521,CR 78  CL 65Col. Mayor,6.27292013,-75.5920929,,50,34,False
5087,S-521,7,521,CR 78  CL 65Col. Mayor,6.27292013,-75.5920929,,50,71,True
5088,S-521,8,521,CR 78  CL 65Col. Mayor,6.27292013,-75.5920929,,50,52,True
5089,S-521,9,521,CR 78  CL 65Col. Mayor,6.27292013,-75.5920929,,50,46,False
5090,S-521,10,521,CR 78  CL 65Col. Mayor,6.27292013,-75.5920929,,50,41,False
5091,S-520,1,520,CR 78  CL 47 D,6.25794932,-75.59585866,LAURELES,50,52,True
5092,S-520,2,520,CR 78  CL 47 D,6.25794932,-75.59585866,LAURELES,50,45,False
5093,S-520,3,520,CR 78  CL 47 D,6.25794932,-75.59585866,LAURELES,50,32,False
5094,S-520,4,520,CR 78  CL 47 D,6.25794932,-75.59585866,LAURELES,50,59,True
5095,S-520,5,520,CR 78  CL 47 D,6.25794932,-75.59585866,LAURELES,50,51,True
5096,S-520,6,520,CR 78  CL 47 D,6.25794932,-75.59585866,LAURELES,50,38,False
5097,S-520,7,520,CR 78  CL 47 D,6.25794932,-75.59585866,LAURELES,50,58,True
5098,S-520,8,520,CR 78  CL 47 D,6.25794932,-75.59585866,LAURELES,50,76,True
5099,S-520,9,520,CR 78  CL 47 D,6.25794932,-75.59585866,LAURELES,50,66,True
5100,S-520,10,520,CR 78  CL 47 D,6.25794932,-75.59585866,LAURELES,50,52,True
5101,S-522,1,522,CR 79 AA  CL 44,6.25008358,-75.59972956,LAURELES,50,42,False
5102,S-522,2,522,CR 79 AA  CL 44,6.25008358,-75.59972956,LAURELES,50,61,True
5103,S-522,3,522,CR 79 AA  CL 44,6.25008358,-75.59972956,LAURELES,50,75,True
5104,S-522,4,522,CR 79 AA  CL 44,6.25008358,-75.59972956,LAURELES,50,76,True
5105,S-522,5,522,CR 79 AA  CL 44,6.25008358,-75.59972956,LAURELES,50,77,True
5106,S-522,6,522,CR 79 AA  CL 44,6.25008358,-75.59972956,LAURELES,50,52,True
5107,S-522,7,522,CR 79 AA  CL 44,6.25008358,-75.59972956,LAURELES,50,74,True
5108,S-522,8,522,CR 79 AA  CL 44,6.25008358,-75.59972956,LAURELES,50,46,False
5109,S-522,9,522,CR 79 AA  CL 44,6.25008358,-75.59972956,LAURELES,50,69,True
5110,S-522,10,522,CR 79 AA  CL 44,6.25008358,-75.59972956,LAURELES,50,50,False
5111,S-523,1,523,CR 79  TV 39 BCR 79 x AV NUTIBARA,6.24791333,-75.59782227,LAURELES,50,31,False
5112,S-523,2,523,CR 79  TV 39 BCR 79 x AV NUTIBARA,6.24791333,-75.59782227,LAURELES,50,66,True
5113,S-523,3,523,CR 79  TV 39 BCR 79 x AV NUTIBARA,6.24791333,-75.59782227,LAURELES,50,35,False
5114,S-523,4,523,CR 79  TV 39 BCR 79 x AV NUTIBARA,6.24791333,-75.59782227,LAURELES,50,73,True
5115,S-523,5,523,CR 79  TV 39 BCR 79 x AV NUTIBARA,6.24791333,-75.59782227,LAURELES,50,47,False
5116,S-523,6,523,CR 79  TV 39 BCR 79 x AV NUTIBARA,6.24791333,-75.59782227,LAURELES,50,59,True
5117,S-523,7,523,CR 79  TV 39 BCR 79 x AV NUTIBARA,6.24791333,-75.59782227,LAURELES,50,51,True
5118,S-523,8,523,CR 79  TV 39 BCR 79 x AV NUTIBARA,6.24791333,-75.59782227,LAURELES,50,62,True
5119,S-523,9,523,CR 79  TV 39 BCR 79 x AV NUTIBARA,6.24791333,-75.59782227,LAURELES,50,59,True
5120,S-523,10,523,CR 79  TV 39 BCR 79 x AV NUTIBARA,6.24791333,-75.59782227,LAURELES,50,46,False
5121,S-527,1,527,CR 80  CL 11,6.22038006,-75.5993251,BELEN,50,72,True
5122,S-527,2,527,CR 80  CL 11,6.22038006,-75.5993251,BELEN,50,61,True
5123,S-527,3,527,CR 80  CL 11,6.22038006,-75.5993251,BELEN,50,71,True
5124,S-527,4,527,CR 80  CL 11,6.22038006,-75.5993251,BELEN,50,80,True
5125,S-527,5,527,CR 80  CL 11,6.22038006,-75.5993251,BELEN,50,43,False
5126,S-527,6,527,CR 80  CL 11,6.22038006,-75.5993251,BELEN,50,39,False
5127,S-527,7,527,CR 80  CL 11,6.22038006,-75.5993251,BELEN,50,76,True
5128,S-527,8,527,CR 80  CL 11,6.22038006,-75.5993251,BELEN,50,80,True
5129,S-527,9,527,CR 80  CL 11,6.22038006,-75.5993251,BELEN,50,65,True
5130,S-527,10,527,CR 80  CL 11,6.22038006,-75.5993251,BELEN,50,63,True
5131,S-529,1,529,CR 80  CL 20 A,6.22550079,-75.60019586,BELEN,50,38,False
5132,S-529,2,529,CR 80  CL 20 A,6.22550079,-75.60019586,BELEN,50,71,True
5133,S-529,3,529,CR 80  CL 20 A,6.22550079,-75.60019586,BELEN,50,57,True
5134,S-529,4,529,CR 80  CL 20 A,6.22550079,-75.60019586,BELEN,50,40,False
5135,S-529,5,529,CR 80  CL 20 A,6.22550079,-75.60019586,BELEN,50,43,False
5136,S-529,6,529,CR 80  CL 20 A,6.22550079,-75.60019586,BELEN,50,68,True
5137,S-529,7,529,CR 80  CL 20 A,6.22550079,-75.60019586,BELEN,50,76,True
5138,S-529,8,529,CR 80  CL 20 A,6.22550079,-75.60019586,BELEN,50,48,False
5139,S-529,9,529,CR 80  CL 20 A,6.22550079,-75.60019586,BELEN,50,44,False
5140,S-529,10,529,CR 80  CL 20 A,6.22550079,-75.60019586,BELEN,50,57,True
5141,S-530,1,530,CR 80  CL 21,6.22687146,-75.60156513,BELEN,50,53,True
5142,S-530,2,530,CR 80  CL 21,6.22687146,-75.60156513,BELEN,50,37,False
5143,S-530,3,530,CR 80  CL 21,6.22687146,-75.60156513,BELEN,50,72,True
5144,S-530,4,530,CR 80  CL 21,6.22687146,-75.60156513,BELEN,50,38,False
5145,S-530,5,530,CR 80  CL 21,6.22687146,-75.60156513,BELEN,50,76,True
5146,S-530,6,530,CR 80  CL 21,6.22687146,-75.60156513,BELEN,50,62,True
5147,S-530,7,530,CR 80  CL 21,6.22687146,-75.60156513,BELEN,50,62,True
5148,S-530,8,530,CR 80  CL 21,6.22687146,-75.60156513,BELEN,50,48,False
5149,S-530,9,530,CR 80  CL 21,6.22687146,-75.60156513,BELEN,50,32,False
5150,S-530,10,530,CR 80  CL 21,6.22687146,-75.60156513,BELEN,50,39,False
5151,S-531,1,531,CR 80  CL 25,6.22732836,-75.60189116,BELEN,50,69,True
5152,S-531,2,531,CR 80  CL 25,6.22732836,-75.60189116,BELEN,50,76,True
5153,S-531,3,531,CR 80  CL 25,6.22732836,-75.60189116,BELEN,50,71,True
5154,S-531,4,531,CR 80  CL 25,6.22732836,-75.60189116,BELEN,50,30,False
5155,S-531,5,531,CR 80  CL 25,6.22732836,-75.60189116,BELEN,50,58,True
5156,S-531,6,531,CR 80  CL 25,6.22732836,-75.60189116,BELEN,50,79,True
5157,S-531,7,531,CR 80  CL 25,6.22732836,-75.60189116,BELEN,50,63,True
5158,S-531,8,531,CR 80  CL 25,6.22732836,-75.60189116,BELEN,50,80,True
5159,S-531,9,531,CR 80  CL 25,6.22732836,-75.60189116,BELEN,50,42,False
5160,S-531,10,531,CR 80  CL 25,6.22732836,-75.60189116,BELEN,50,30,False
5161,S-533,1,533,CR 80  CL 30 A,6.23195067,-75.60215645,BELEN,50,63,True
5162,S-533,2,533,CR 80  CL 30 A,6.23195067,-75.60215645,BELEN,50,58,True
5163,S-533,3,533,CR 80  CL 30 A,6.23195067,-75.60215645,BELEN,50,77,True
5164,S-533,4,533,CR 80  CL 30 A,6.23195067,-75.60215645,BELEN,50,76,True
5165,S-533,5,533,CR 80  CL 30 A,6.23195067,-75.60215645,BELEN,50,42,False
5166,S-533,6,533,CR 80  CL 30 A,6.23195067,-75.60215645,BELEN,50,77,True
5167,S-533,7,533,CR 80  CL 30 A,6.23195067,-75.60215645,BELEN,50,78,True
5168,S-533,8,533,CR 80  CL 30 A,6.23195067,-75.60215645,BELEN,50,58,True
5169,S-533,9,533,CR 80  CL 30 A,6.23195067,-75.60215645,BELEN,50,68,True
5170,S-533,10,533,CR 80  CL 30 A,6.23195067,-75.60215645,BELEN,50,53,True
5171,S-534,1,534,CR 80  CL 31 ASUR MIMOS,6.23373643,-75.60220308,BELEN,50,55,True
5172,S-534,2,534,CR 80  CL 31 ASUR MIMOS,6.23373643,-75.60220308,BELEN,50,46,False
5173,S-534,3,534,CR 80  CL 31 ASUR MIMOS,6.23373643,-75.60220308,BELEN,50,36,False
5174,S-534,4,534,CR 80  CL 31 ASUR MIMOS,6.23373643,-75.60220308,BELEN,50,42,False
5175,S-534,5,534,CR 80  CL 31 ASUR MIMOS,6.23373643,-75.60220308,BELEN,50,34,False
5176,S-534,6,534,CR 80  CL 31 ASUR MIMOS,6.23373643,-75.60220308,BELEN,50,55,True
5177,S-534,7,534,CR 80  CL 31 ASUR MIMOS,6.23373643,-75.60220308,BELEN,50,78,True
5178,S-534,8,534,CR 80  CL 31 ASUR MIMOS,6.23373643,-75.60220308,BELEN,50,32,False
5179,S-534,9,534,CR 80  CL 31 ASUR MIMOS,6.23373643,-75.60220308,BELEN,50,36,False
5180,S-534,10,534,CR 80  CL 31 ASUR MIMOS,6.23373643,-75.60220308,BELEN,50,78,True
5181,S-535,1,535,CR 80  CL 32NORTE MIMOS,6.23423484,-75.60222152,BELEN,50,68,True
5182,S-535,2,535,CR 80  CL 32NORTE MIMOS,6.23423484,-75.60222152,BELEN,50,30,False
5183,S-535,3,535,CR 80  CL 32NORTE MIMOS,6.23423484,-75.60222152,BELEN,50,78,True
5184,S-535,4,535,CR 80  CL 32NORTE MIMOS,6.23423484,-75.60222152,BELEN,50,46,False
5185,S-535,5,535,CR 80  CL 32NORTE MIMOS,6.23423484,-75.60222152,BELEN,50,72,True
5186,S-535,6,535,CR 80  CL 32NORTE MIMOS,6.23423484,-75.60222152,BELEN,50,54,True
5187,S-535,7,535,CR 80  CL 32NORTE MIMOS,6.23423484,-75.60222152,BELEN,50,32,False
5188,S-535,8,535,CR 80  CL 32NORTE MIMOS,6.23423484,-75.60222152,BELEN,50,44,False
5189,S-535,9,535,CR 80  CL 32NORTE MIMOS,6.23423484,-75.60222152,BELEN,50,58,True
5190,S-535,10,535,CR 80  CL 32NORTE MIMOS,6.23423484,-75.60222152,BELEN,50,72,True
5191,S-536,1,536,CR 80  CL 33,6.23882555,-75.60018573,BELEN,50,61,True
5192,S-536,2,536,CR 80  CL 33,6.23882555,-75.60018573,BELEN,50,55,True
5193,S-536,3,536,CR 80  CL 33,6.23882555,-75.60018573,BELEN,50,45,False
5194,S-536,4,536,CR 80  CL 33,6.23882555,-75.60018573,BELEN,50,54,True
5195,S-536,5,536,CR 80  CL 33,6.23882555,-75.60018573,BELEN,50,57,True
5196,S-536,6,536,CR 80  CL 33,6.23882555,-75.60018573,BELEN,50,38,False
5197,S-536,7,536,CR 80  CL 33,6.23882555,-75.60018573,BELEN,50,30,False
5198,S-536,8,536,CR 80  CL 33,6.23882555,-75.60018573,BELEN,50,58,True
5199,S-536,9,536,CR 80  CL 33,6.23882555,-75.60018573,BELEN,50,51,True
5200,S-536,10,536,CR 80  CL 33,6.23882555,-75.60018573,BELEN,50,45,False
5201,S-537,1,537,AV 80  TV 35,6.24261145,-75.60018596,LAURELES,50,70,True
5202,S-537,2,537,AV 80  TV 35,6.24261145,-75.60018596,LAURELES,50,80,True
5203,S-537,3,537,AV 80  TV 35,6.24261145,-75.60018596,LAURELES,50,73,True
5204,S-537,4,537,AV 80  TV 35,6.24261145,-75.60018596,LAURELES,50,80,True
5205,S-537,5,537,AV 80  TV 35,6.24261145,-75.60018596,LAURELES,50,70,True
5206,S-537,6,537,AV 80  TV 35,6.24261145,-75.60018596,LAURELES,50,36,False
5207,S-537,7,537,AV 80  TV 35,6.24261145,-75.60018596,LAURELES,50,43,False
5208,S-537,8,537,AV 80  TV 35,6.24261145,-75.60018596,LAURELES,50,58,True
5209,S-537,9,537,AV 80  TV 35,6.24261145,-75.60018596,LAURELES,50,48,False
5210,S-537,10,537,AV 80  TV 35,6.24261145,-75.60018596,LAURELES,50,48,False
5211,S-538,1,538,CR 80  CL 45 G,6.25422852,-75.59902565,LA AMERICA,50,31,False
5212,S-538,2,538,CR 80  CL 45 G,6.25422852,-75.59902565,LA AMERICA,50,70,True
5213,S-538,3,538,CR 80  CL 45 G,6.25422852,-75.59902565,LA AMERICA,50,74,True
5214,S-538,4,538,CR 80  CL 45 G,6.25422852,-75.59902565,LA AMERICA,50,44,False
5215,S-538,5,538,CR 80  CL 45 G,6.25422852,-75.59902565,LA AMERICA,50,32,False
5216,S-538,6,538,CR 80  CL 45 G,6.25422852,-75.59902565,LA AMERICA,50,40,False
5217,S-538,7,538,CR 80  CL 45 G,6.25422852,-75.59902565,LA AMERICA,50,75,True
5218,S-538,8,538,CR 80  CL 45 G,6.25422852,-75.59902565,LA AMERICA,50,59,True
5219,S-538,9,538,CR 80  CL 45 G,6.25422852,-75.59902565,LA AMERICA,50,69,True
5220,S-538,10,538,CR 80  CL 45 G,6.25422852,-75.59902565,LA AMERICA,50,47,False
5221,S-539,1,539,CR 80  CL 46,6.25625206,-75.59832483,LA AMERICA,50,80,True
5222,S-539,2,539,CR 80  CL 46,6.25625206,-75.59832483,LA AMERICA,50,77,True
5223,S-539,3,539,CR 80  CL 46,6.25625206,-75.59832483,LA AMERICA,50,31,False
5224,S-539,4,539,CR 80  CL 46,6.25625206,-75.59832483,LA AMERICA,50,61,True
5225,S-539,5,539,CR 80  CL 46,6.25625206,-75.59832483,LA AMERICA,50,37,False
5226,S-539,6,539,CR 80  CL 46,6.25625206,-75.59832483,LA AMERICA,50,51,True
5227,S-539,7,539,CR 80  CL 46,6.25625206,-75.59832483,LA AMERICA,50,35,False
5228,S-539,8,539,CR 80  CL 46,6.25625206,-75.59832483,LA AMERICA,50,41,False
5229,S-539,9,539,CR 80  CL 46,6.25625206,-75.59832483,LA AMERICA,50,76,True
5230,S-539,10,539,CR 80  CL 46,6.25625206,-75.59832483,LA AMERICA,50,69,True
5231,S-540,1,540,CR 80  CL 47 D,6.25840613,-75.59786369,LA AMERICA,50,65,True
5232,S-540,2,540,CR 80  CL 47 D,6.25840613,-75.59786369,LA AMERICA,50,44,False
5233,S-540,3,540,CR 80  CL 47 D,6.25840613,-75.59786369,LA AMERICA,50,57,True
5234,S-540,4,540,CR 80  CL 47 D,6.25840613,-75.59786369,LA AMERICA,50,78,True
5235,S-540,5,540,CR 80  CL 47 D,6.25840613,-75.59786369,LA AMERICA,50,74,True
5236,S-540,6,540,CR 80  CL 47 D,6.25840613,-75.59786369,LA AMERICA,50,47,False
5237,S-540,7,540,CR 80  CL 47 D,6.25840613,-75.59786369,LA AMERICA,50,31,False
5238,S-540,8,540,CR 80  CL 47 D,6.25840613,-75.59786369,LA AMERICA,50,42,False
5239,S-540,9,540,CR 80  CL 47 D,6.25840613,-75.59786369,LA AMERICA,50,74,True
5240,S-540,10,540,CR 80  CL 47 D,6.25840613,-75.59786369,LA AMERICA,50,44,False
5241,S-541,1,541,CR 80  CL 48,6.25892833,-75.59774961,LA AMERICA,50,49,False
5242,S-541,2,541,CR 80  CL 48,6.25892833,-75.59774961,LA AMERICA,50,58,True
5243,S-541,3,541,CR 80  CL 48,6.25892833,-75.59774961,LA AMERICA,50,71,True
5244,S-541,4,541,CR 80  CL 48,6.25892833,-75.59774961,LA AMERICA,50,58,True
5245,S-541,5,541,CR 80  CL 48,6.25892833,-75.59774961,LA AMERICA,50,32,False
5246,S-541,6,541,CR 80  CL 48,6.25892833,-75.59774961,LA AMERICA,50,48,False
5247,S-541,7,541,CR 80  CL 48,6.25892833,-75.59774961,LA AMERICA,50,32,False
5248,S-541,8,541,CR 80  CL 48,6.25892833,-75.59774961,LA AMERICA,50,43,False
5249,S-541,9,541,CR 80  CL 48,6.25892833,-75.59774961,LA AMERICA,50,69,True
5250,S-541,10,541,CR 80  CL 48,6.25892833,-75.59774961,LA AMERICA,50,33,False
5251,S-543,1,543,CR 80  CL 54 A,6.26879768,-75.59546398,LAURELES,50,40,False
5252,S-543,2,543,CR 80  CL 54 A,6.26879768,-75.59546398,LAURELES,50,60,True
5253,S-543,3,543,CR 80  CL 54 A,6.26879768,-75.59546398,LAURELES,50,72,True
5254,S-543,4,543,CR 80  CL 54 A,6.26879768,-75.59546398,LAURELES,50,61,True
5255,S-543,5,543,CR 80  CL 54 A,6.26879768,-75.59546398,LAURELES,50,56,True
5256,S-543,6,543,CR 80  CL 54 A,6.26879768,-75.59546398,LAURELES,50,59,True
5257,S-543,7,543,CR 80  CL 54 A,6.26879768,-75.59546398,LAURELES,50,72,True
5258,S-543,8,543,CR 80  CL 54 A,6.26879768,-75.59546398,LAURELES,50,31,False
5259,S-543,9,543,CR 80  CL 54 A,6.26879768,-75.59546398,LAURELES,50,78,True
5260,S-543,10,543,CR 80  CL 54 A,6.26879768,-75.59546398,LAURELES,50,38,False
5261,S-544,1,544,CR 80  CL 55,6.26928724,-75.5953662,LAURELES,50,57,True
5262,S-544,2,544,CR 80  CL 55,6.26928724,-75.5953662,LAURELES,50,60,True
5263,S-544,3,544,CR 80  CL 55,6.26928724,-75.5953662,LAURELES,50,63,True
5264,S-544,4,544,CR 80  CL 55,6.26928724,-75.5953662,LAURELES,50,44,False
5265,S-544,5,544,CR 80  CL 55,6.26928724,-75.5953662,LAURELES,50,77,True
5266,S-544,6,544,CR 80  CL 55,6.26928724,-75.5953662,LAURELES,50,54,True
5267,S-544,7,544,CR 80  CL 55,6.26928724,-75.5953662,LAURELES,50,65,True
5268,S-544,8,544,CR 80  CL 55,6.26928724,-75.5953662,LAURELES,50,37,False
5269,S-544,9,544,CR 80  CL 55,6.26928724,-75.5953662,LAURELES,50,38,False
5270,S-544,10,544,CR 80  CL 55,6.26928724,-75.5953662,LAURELES,50,66,True
5271,S-547,1,547,CR 80  CL 75Linda Pinta,6.27614472,-75.59011432,ROBLEDO,50,77,True
5272,S-547,2,547,CR 80  CL 75Linda Pinta,6.27614472,-75.59011432,ROBLEDO,50,74,True
5273,S-547,3,547,CR 80  CL 75Linda Pinta,6.27614472,-75.59011432,ROBLEDO,50,68,True
5274,S-547,4,547,CR 80  CL 75Linda Pinta,6.27614472,-75.59011432,ROBLEDO,50,61,True
5275,S-547,5,547,CR 80  CL 75Linda Pinta,6.27614472,-75.59011432,ROBLEDO,50,46,False
5276,S-547,6,547,CR 80  CL 75Linda Pinta,6.27614472,-75.59011432,ROBLEDO,50,64,True
5277,S-547,7,547,CR 80  CL 75Linda Pinta,6.27614472,-75.59011432,ROBLEDO,50,66,True
5278,S-547,8,547,CR 80  CL 75Linda Pinta,6.27614472,-75.59011432,ROBLEDO,50,48,False
5279,S-547,9,547,CR 80  CL 75Linda Pinta,6.27614472,-75.59011432,ROBLEDO,50,73,True
5280,S-547,10,547,CR 80  CL 75Linda Pinta,6.27614472,-75.59011432,ROBLEDO,50,58,True
5281,S-6,1,6,AV 80  CL 35NORTE  DON QUIJOTE,6.24385086,-75.602736,LAURELES,50,36,False
5282,S-6,2,6,AV 80  CL 35NORTE  DON QUIJOTE,6.24385086,-75.602736,LAURELES,50,57,True
5283,S-6,3,6,AV 80  CL 35NORTE  DON QUIJOTE,6.24385086,-75.602736,LAURELES,50,38,False
5284,S-6,4,6,AV 80  CL 35NORTE  DON QUIJOTE,6.24385086,-75.602736,LAURELES,50,57,True
5285,S-6,5,6,AV 80  CL 35NORTE  DON QUIJOTE,6.24385086,-75.602736,LAURELES,50,35,False
5286,S-6,6,6,AV 80  CL 35NORTE  DON QUIJOTE,6.24385086,-75.602736,LAURELES,50,58,True
5287,S-6,7,6,AV 80  CL 35NORTE  DON QUIJOTE,6.24385086,-75.602736,LAURELES,50,46,False
5288,S-6,8,6,AV 80  CL 35NORTE  DON QUIJOTE,6.24385086,-75.602736,LAURELES,50,45,False
5289,S-6,9,6,AV 80  CL 35NORTE  DON QUIJOTE,6.24385086,-75.602736,LAURELES,50,52,True
5290,S-6,10,6,AV 80  CL 35NORTE  DON QUIJOTE,6.24385086,-75.602736,LAURELES,50,60,True
5291,S-8,1,8,AV 80  CL 35SUR,6.24262825,-75.60276679,LAURELES,50,32,False
5292,S-8,2,8,AV 80  CL 35SUR,6.24262825,-75.60276679,LAURELES,50,50,False
5293,S-8,3,8,AV 80  CL 35SUR,6.24262825,-75.60276679,LAURELES,50,55,True
5294,S-8,4,8,AV 80  CL 35SUR,6.24262825,-75.60276679,LAURELES,50,65,True
5295,S-8,5,8,AV 80  CL 35SUR,6.24262825,-75.60276679,LAURELES,50,71,True
5296,S-8,6,8,AV 80  CL 35SUR,6.24262825,-75.60276679,LAURELES,50,66,True
5297,S-8,7,8,AV 80  CL 35SUR,6.24262825,-75.60276679,LAURELES,50,51,True
5298,S-8,8,8,AV 80  CL 35SUR,6.24262825,-75.60276679,LAURELES,50,71,True
5299,S-8,9,8,AV 80  CL 35SUR,6.24262825,-75.60276679,LAURELES,50,41,False
5300,S-8,10,8,AV 80  CL 35SUR,6.24262825,-75.60276679,LAURELES,50,71,True
5301,S-7,1,7,AV 80  CL 35OCCIDENTAL DON QUIJOTE,6.24334726,-75.60334415,LAURELES,50,42,False
5302,S-7,2,7,AV 80  CL 35OCCIDENTAL DON QUIJOTE,6.24334726,-75.60334415,LAURELES,50,40,False
5303,S-7,3,7,AV 80  CL 35OCCIDENTAL DON QUIJOTE,6.24334726,-75.60334415,LAURELES,50,45,False
5304,S-7,4,7,AV 80  CL 35OCCIDENTAL DON QUIJOTE,6.24334726,-75.60334415,LAURELES,50,37,False
5305,S-7,5,7,AV 80  CL 35OCCIDENTAL DON QUIJOTE,6.24334726,-75.60334415,LAURELES,50,69,True
5306,S-7,6,7,AV 80  CL 35OCCIDENTAL DON QUIJOTE,6.24334726,-75.60334415,LAURELES,50,69,True
5307,S-7,7,7,AV 80  CL 35OCCIDENTAL DON QUIJOTE,6.24334726,-75.60334415,LAURELES,50,74,True
5308,S-7,8,7,AV 80  CL 35OCCIDENTAL DON QUIJOTE,6.24334726,-75.60334415,LAURELES,50,31,False
5309,S-7,9,7,AV 80  CL 35OCCIDENTAL DON QUIJOTE,6.24334726,-75.60334415,LAURELES,50,59,True
5310,S-7,10,7,AV 80  CL 35OCCIDENTAL DON QUIJOTE,6.24334726,-75.60334415,LAURELES,50,59,True
5311,S-11,1,11,AV 80  CL 44Cost NORTE,6.25105143,-75.60218079,LA AMERICA,50,41,False
5312,S-11,2,11,AV 80  CL 44Cost NORTE,6.25105143,-75.60218079,LA AMERICA,50,39,False
5313,S-11,3,11,AV 80  CL 44Cost NORTE,6.25105143,-75.60218079,LA AMERICA,50,73,True
5314,S-11,4,11,AV 80  CL 44Cost NORTE,6.25105143,-75.60218079,LA AMERICA,50,40,False
5315,S-11,5,11,AV 80  CL 44Cost NORTE,6.25105143,-75.60218079,LA AMERICA,50,44,False
5316,S-11,6,11,AV 80  CL 44Cost NORTE,6.25105143,-75.60218079,LA AMERICA,50,45,False
5317,S-11,7,11,AV 80  CL 44Cost NORTE,6.25105143,-75.60218079,LA AMERICA,50,46,False
5318,S-11,8,11,AV 80  CL 44Cost NORTE,6.25105143,-75.60218079,LA AMERICA,50,55,True
5319,S-11,9,11,AV 80  CL 44Cost NORTE,6.25105143,-75.60218079,LA AMERICA,50,31,False
5320,S-11,10,11,AV 80  CL 44Cost NORTE,6.25105143,-75.60218079,LA AMERICA,50,79,True
5321,S-12,1,12,AV 80  CL 44Cost OCCIDENTAL,6.25063822,-75.6028543,LA AMERICA,50,41,False
5322,S-12,2,12,AV 80  CL 44Cost OCCIDENTAL,6.25063822,-75.6028543,LA AMERICA,50,80,True
5323,S-12,3,12,AV 80  CL 44Cost OCCIDENTAL,6.25063822,-75.6028543,LA AMERICA,50,55,True
5324,S-12,4,12,AV 80  CL 44Cost OCCIDENTAL,6.25063822,-75.6028543,LA AMERICA,50,52,True
5325,S-12,5,12,AV 80  CL 44Cost OCCIDENTAL,6.25063822,-75.6028543,LA AMERICA,50,47,False
5326,S-12,6,12,AV 80  CL 44Cost OCCIDENTAL,6.25063822,-75.6028543,LA AMERICA,50,61,True
5327,S-12,7,12,AV 80  CL 44Cost OCCIDENTAL,6.25063822,-75.6028543,LA AMERICA,50,78,True
5328,S-12,8,12,AV 80  CL 44Cost OCCIDENTAL,6.25063822,-75.6028543,LA AMERICA,50,67,True
5329,S-12,9,12,AV 80  CL 44Cost OCCIDENTAL,6.25063822,-75.6028543,LA AMERICA,50,76,True
5330,S-12,10,12,AV 80  CL 44Cost OCCIDENTAL,6.25063822,-75.6028543,LA AMERICA,50,32,False
5331,S-13,1,13,AV 80  CL 44Cost SUR,6.24998069,-75.60230355,LAURELES,50,67,True
5332,S-13,2,13,AV 80  CL 44Cost SUR,6.24998069,-75.60230355,LAURELES,50,32,False
5333,S-13,3,13,AV 80  CL 44Cost SUR,6.24998069,-75.60230355,LAURELES,50,59,True
5334,S-13,4,13,AV 80  CL 44Cost SUR,6.24998069,-75.60230355,LAURELES,50,30,False
5335,S-13,5,13,AV 80  CL 44Cost SUR,6.24998069,-75.60230355,LAURELES,50,59,True
5336,S-13,6,13,AV 80  CL 44Cost SUR,6.24998069,-75.60230355,LAURELES,50,74,True
5337,S-13,7,13,AV 80  CL 44Cost SUR,6.24998069,-75.60230355,LAURELES,50,61,True
5338,S-13,8,13,AV 80  CL 44Cost SUR,6.24998069,-75.60230355,LAURELES,50,57,True
5339,S-13,9,13,AV 80  CL 44Cost SUR,6.24998069,-75.60230355,LAURELES,50,50,False
5340,S-13,10,13,AV 80  CL 44Cost SUR,6.24998069,-75.60230355,LAURELES,50,75,True
5341,S-10,1,10,AV 80  CL 44 Cost ORIENTAL,6.25050678,-75.60171179,LAURELES,50,42,False
5342,S-10,2,10,AV 80  CL 44 Cost ORIENTAL,6.25050678,-75.60171179,LAURELES,50,56,True
5343,S-10,3,10,AV 80  CL 44 Cost ORIENTAL,6.25050678,-75.60171179,LAURELES,50,65,True
5344,S-10,4,10,AV 80  CL 44 Cost ORIENTAL,6.25050678,-75.60171179,LAURELES,50,36,False
5345,S-10,5,10,AV 80  CL 44 Cost ORIENTAL,6.25050678,-75.60171179,LAURELES,50,51,True
5346,S-10,6,10,AV 80  CL 44 Cost ORIENTAL,6.25050678,-75.60171179,LAURELES,50,39,False
5347,S-10,7,10,AV 80  CL 44 Cost ORIENTAL,6.25050678,-75.60171179,LAURELES,50,68,True
5348,S-10,8,10,AV 80  CL 44 Cost ORIENTAL,6.25050678,-75.60171179,LAURELES,50,44,False
5349,S-10,9,10,AV 80  CL 44 Cost ORIENTAL,6.25050678,-75.60171179,LAURELES,50,44,False
5350,S-10,10,10,AV 80  CL 44 Cost ORIENTAL,6.25050678,-75.60171179,LAURELES,50,33,False
5351,S-584,1,584,CR 65  CL 81 CPASO SEGURO ANFITEATRO,6.28008369,-75.57239886,,50,61,True
5352,S-584,2,584,CR 65  CL 81 CPASO SEGURO ANFITEATRO,6.28008369,-75.57239886,,50,52,True
5353,S-584,3,584,CR 65  CL 81 CPASO SEGURO ANFITEATRO,6.28008369,-75.57239886,,50,35,False
5354,S-584,4,584,CR 65  CL 81 CPASO SEGURO ANFITEATRO,6.28008369,-75.57239886,,50,53,True
5355,S-584,5,584,CR 65  CL 81 CPASO SEGURO ANFITEATRO,6.28008369,-75.57239886,,50,49,False
5356,S-584,6,584,CR 65  CL 81 CPASO SEGURO ANFITEATRO,6.28008369,-75.57239886,,50,66,True
5357,S-584,7,584,CR 65  CL 81 CPASO SEGURO ANFITEATRO,6.28008369,-75.57239886,,50,49,False
5358,S-584,8,584,CR 65  CL 81 CPASO SEGURO ANFITEATRO,6.28008369,-75.57239886,,50,41,False
5359,S-584,9,584,CR 65  CL 81 CPASO SEGURO ANFITEATRO,6.28008369,-75.57239886,,50,62,True
5360,S-584,10,584,CR 65  CL 81 CPASO SEGURO ANFITEATRO,6.28008369,-75.57239886,,50,57,True
5361,S-585,1,585,CR 48 B  CL 5PASO SEGURO INEM,6.20704434,-75.57686597,EL POBLADO,50,37,False
5362,S-585,2,585,CR 48 B  CL 5PASO SEGURO INEM,6.20704434,-75.57686597,EL POBLADO,50,30,False
5363,S-585,3,585,CR 48 B  CL 5PASO SEGURO INEM,6.20704434,-75.57686597,EL POBLADO,50,66,True
5364,S-585,4,585,CR 48 B  CL 5PASO SEGURO INEM,6.20704434,-75.57686597,EL POBLADO,50,51,True
5365,S-585,5,585,CR 48 B  CL 5PASO SEGURO INEM,6.20704434,-75.57686597,EL POBLADO,50,35,False
5366,S-585,6,585,CR 48 B  CL 5PASO SEGURO INEM,6.20704434,-75.57686597,EL POBLADO,50,50,False
5367,S-585,7,585,CR 48 B  CL 5PASO SEGURO INEM,6.20704434,-75.57686597,EL POBLADO,50,61,True
5368,S-585,8,585,CR 48 B  CL 5PASO SEGURO INEM,6.20704434,-75.57686597,EL POBLADO,50,64,True
5369,S-585,9,585,CR 48 B  CL 5PASO SEGURO INEM,6.20704434,-75.57686597,EL POBLADO,50,44,False
5370,S-585,10,585,CR 48 B  CL 5PASO SEGURO INEM,6.20704434,-75.57686597,EL POBLADO,50,34,False
5371,S-591,1,591,CR 52  CL 21 APASO SEGURO ZOOLOGICO,6.22276804,-75.57950182,GUAYABAL,50,75,True
5372,S-591,2,591,CR 52  CL 21 APASO SEGURO ZOOLOGICO,6.22276804,-75.57950182,GUAYABAL,50,79,True
5373,S-591,3,591,CR 52  CL 21 APASO SEGURO ZOOLOGICO,6.22276804,-75.57950182,GUAYABAL,50,77,True
5374,S-591,4,591,CR 52  CL 21 APASO SEGURO ZOOLOGICO,6.22276804,-75.57950182,GUAYABAL,50,35,False
5375,S-591,5,591,CR 52  CL 21 APASO SEGURO ZOOLOGICO,6.22276804,-75.57950182,GUAYABAL,50,54,True
5376,S-591,6,591,CR 52  CL 21 APASO SEGURO ZOOLOGICO,6.22276804,-75.57950182,GUAYABAL,50,75,True
5377,S-591,7,591,CR 52  CL 21 APASO SEGURO ZOOLOGICO,6.22276804,-75.57950182,GUAYABAL,50,69,True
5378,S-591,8,591,CR 52  CL 21 APASO SEGURO ZOOLOGICO,6.22276804,-75.57950182,GUAYABAL,50,58,True
5379,S-591,9,591,CR 52  CL 21 APASO SEGURO ZOOLOGICO,6.22276804,-75.57950182,GUAYABAL,50,36,False
5380,S-591,10,591,CR 52  CL 21 APASO SEGURO ZOOLOGICO,6.22276804,-75.57950182,GUAYABAL,50,69,True
5381,S-145,1,145,CR 45  CL 29,6.23033009,-75.57317664,LA CANDELARIA,50,42,False
5382,S-145,2,145,CR 45  CL 29,6.23033009,-75.57317664,LA CANDELARIA,50,67,True
5383,S-145,3,145,CR 45  CL 29,6.23033009,-75.57317664,LA CANDELARIA,50,47,False
5384,S-145,4,145,CR 45  CL 29,6.23033009,-75.57317664,LA CANDELARIA,50,31,False
5385,S-145,5,145,CR 45  CL 29,6.23033009,-75.57317664,LA CANDELARIA,50,37,False
5386,S-145,6,145,CR 45  CL 29,6.23033009,-75.57317664,LA CANDELARIA,50,40,False
5387,S-145,7,145,CR 45  CL 29,6.23033009,-75.57317664,LA CANDELARIA,50,62,True
5388,S-145,8,145,CR 45  CL 29,6.23033009,-75.57317664,LA CANDELARIA,50,67,True
5389,S-145,9,145,CR 45  CL 29,6.23033009,-75.57317664,LA CANDELARIA,50,77,True
5390,S-145,10,145,CR 45  CL 29,6.23033009,-75.57317664,LA CANDELARIA,50,56,True
5391,S-217,1,217,CR 48  CL 31Tierragro,6.23285548,-75.57389641,LA CANDELARIA,50,49,False
5392,S-217,2,217,CR 48  CL 31Tierragro,6.23285548,-75.57389641,LA CANDELARIA,50,41,False
5393,S-217,3,217,CR 48  CL 31Tierragro,6.23285548,-75.57389641,LA CANDELARIA,50,72,True
5394,S-217,4,217,CR 48  CL 31Tierragro,6.23285548,-75.57389641,LA CANDELARIA,50,60,True
5395,S-217,5,217,CR 48  CL 31Tierragro,6.23285548,-75.57389641,LA CANDELARIA,50,56,True
5396,S-217,6,217,CR 48  CL 31Tierragro,6.23285548,-75.57389641,LA CANDELARIA,50,61,True
5397,S-217,7,217,CR 48  CL 31Tierragro,6.23285548,-75.57389641,LA CANDELARIA,50,39,False
5398,S-217,8,217,CR 48  CL 31Tierragro,6.23285548,-75.57389641,LA CANDELARIA,50,32,False
5399,S-217,9,217,CR 48  CL 31Tierragro,6.23285548,-75.57389641,LA CANDELARIA,50,74,True
5400,S-217,10,217,CR 48  CL 31Tierragro,6.23285548,-75.57389641,LA CANDELARIA,50,56,True
5401,S-249,1,249,CR 50  CL 31Tierragro,6.23280093,-75.57465444,LA CANDELARIA,50,64,True
5402,S-249,2,249,CR 50  CL 31Tierragro,6.23280093,-75.57465444,LA CANDELARIA,50,60,True
5403,S-249,3,249,CR 50  CL 31Tierragro,6.23280093,-75.57465444,LA CANDELARIA,50,44,False
5404,S-249,4,249,CR 50  CL 31Tierragro,6.23280093,-75.57465444,LA CANDELARIA,50,45,False
5405,S-249,5,249,CR 50  CL 31Tierragro,6.23280093,-75.57465444,LA CANDELARIA,50,42,False
5406,S-249,6,249,CR 50  CL 31Tierragro,6.23280093,-75.57465444,LA CANDELARIA,50,78,True
5407,S-249,7,249,CR 50  CL 31Tierragro,6.23280093,-75.57465444,LA CANDELARIA,50,64,True
5408,S-249,8,249,CR 50  CL 31Tierragro,6.23280093,-75.57465444,LA CANDELARIA,50,40,False
5409,S-249,9,249,CR 50  CL 31Tierragro,6.23280093,-75.57465444,LA CANDELARIA,50,50,False
5410,S-249,10,249,CR 50  CL 31Tierragro,6.23280093,-75.57465444,LA CANDELARIA,50,80,True
5411,S-313,1,313,CR 52  CL 32ARGOS,6.23481673,-75.57511317,LA CANDELARIA,50,40,False
5412,S-313,2,313,CR 52  CL 32ARGOS,6.23481673,-75.57511317,LA CANDELARIA,50,59,True
5413,S-313,3,313,CR 52  CL 32ARGOS,6.23481673,-75.57511317,LA CANDELARIA,50,77,True
5414,S-313,4,313,CR 52  CL 32ARGOS,6.23481673,-75.57511317,LA CANDELARIA,50,64,True
5415,S-313,5,313,CR 52  CL 32ARGOS,6.23481673,-75.57511317,LA CANDELARIA,50,51,True
5416,S-313,6,313,CR 52  CL 32ARGOS,6.23481673,-75.57511317,LA CANDELARIA,50,67,True
5417,S-313,7,313,CR 52  CL 32ARGOS,6.23481673,-75.57511317,LA CANDELARIA,50,60,True
5418,S-313,8,313,CR 52  CL 32ARGOS,6.23481673,-75.57511317,LA CANDELARIA,50,43,False
5419,S-313,9,313,CR 52  CL 32ARGOS,6.23481673,-75.57511317,LA CANDELARIA,50,53,True
5420,S-313,10,313,CR 52  CL 32ARGOS,6.23481673,-75.57511317,LA CANDELARIA,50,79,True
5421,S-341,1,341,CR 53  CL 30 A,6.23265714,-75.57791442,,50,78,True
5422,S-341,2,341,CR 53  CL 30 A,6.23265714,-75.57791442,,50,61,True
5423,S-341,3,341,CR 53  CL 30 A,6.23265714,-75.57791442,,50,65,True
5424,S-341,4,341,CR 53  CL 30 A,6.23265714,-75.57791442,,50,61,True
5425,S-341,5,341,CR 53  CL 30 A,6.23265714,-75.57791442,,50,44,False
5426,S-341,6,341,CR 53  CL 30 A,6.23265714,-75.57791442,,50,72,True
5427,S-341,7,341,CR 53  CL 30 A,6.23265714,-75.57791442,,50,64,True
5428,S-341,8,341,CR 53  CL 30 A,6.23265714,-75.57791442,,50,32,False
5429,S-341,9,341,CR 53  CL 30 A,6.23265714,-75.57791442,,50,45,False
5430,S-341,10,341,CR 53  CL 30 A,6.23265714,-75.57791442,,50,34,False
5431,S-434,1,434,CR 66 A  CL 33LAT OCCIDENTAL,6.23936776,-75.58694047,LAURELES,50,50,False
5432,S-434,2,434,CR 66 A  CL 33LAT OCCIDENTAL,6.23936776,-75.58694047,LAURELES,50,39,False
5433,S-434,3,434,CR 66 A  CL 33LAT OCCIDENTAL,6.23936776,-75.58694047,LAURELES,50,48,False
5434,S-434,4,434,CR 66 A  CL 33LAT OCCIDENTAL,6.23936776,-75.58694047,LAURELES,50,54,True
5435,S-434,5,434,CR 66 A  CL 33LAT OCCIDENTAL,6.23936776,-75.58694047,LAURELES,50,33,False
5436,S-434,6,434,CR 66 A  CL 33LAT OCCIDENTAL,6.23936776,-75.58694047,LAURELES,50,58,True
5437,S-434,7,434,CR 66 A  CL 33LAT OCCIDENTAL,6.23936776,-75.58694047,LAURELES,50,48,False
5438,S-434,8,434,CR 66 A  CL 33LAT OCCIDENTAL,6.23936776,-75.58694047,LAURELES,50,72,True
5439,S-434,9,434,CR 66 A  CL 33LAT OCCIDENTAL,6.23936776,-75.58694047,LAURELES,50,31,False
5440,S-434,10,434,CR 66 A  CL 33LAT OCCIDENTAL,6.23936776,-75.58694047,LAURELES,50,39,False
5441,S-441,1,441,CR 66 B  CL 33,6.23928753,-75.58750092,BELEN,50,72,True
5442,S-441,2,441,CR 66 B  CL 33,6.23928753,-75.58750092,BELEN,50,54,True
5443,S-441,3,441,CR 66 B  CL 33,6.23928753,-75.58750092,BELEN,50,49,False
5444,S-441,4,441,CR 66 B  CL 33,6.23928753,-75.58750092,BELEN,50,77,True
5445,S-441,5,441,CR 66 B  CL 33,6.23928753,-75.58750092,BELEN,50,48,False
5446,S-441,6,441,CR 66 B  CL 33,6.23928753,-75.58750092,BELEN,50,52,True
5447,S-441,7,441,CR 66 B  CL 33,6.23928753,-75.58750092,BELEN,50,53,True
5448,S-441,8,441,CR 66 B  CL 33,6.23928753,-75.58750092,BELEN,50,40,False
5449,S-441,9,441,CR 66 B  CL 33,6.23928753,-75.58750092,BELEN,50,75,True
5450,S-441,10,441,CR 66 B  CL 33,6.23928753,-75.58750092,BELEN,50,63,True
5451,S-460,1,460,CR 70  CL 26 B,6.22880547,-75.5913377,,50,57,True
5452,S-460,2,460,CR 70  CL 26 B,6.22880547,-75.5913377,,50,34,False
5453,S-460,3,460,CR 70  CL 26 B,6.22880547,-75.5913377,,50,34,False
5454,S-460,4,460,CR 70  CL 26 B,6.22880547,-75.5913377,,50,80,True
5455,S-460,5,460,CR 70  CL 26 B,6.22880547,-75.5913377,,50,50,False
5456,S-460,6,460,CR 70  CL 26 B,6.22880547,-75.5913377,,50,41,False
5457,S-460,7,460,CR 70  CL 26 B,6.22880547,-75.5913377,,50,79,True
5458,S-460,8,460,CR 70  CL 26 B,6.22880547,-75.5913377,,50,33,False
5459,S-460,9,460,CR 70  CL 26 B,6.22880547,-75.5913377,,50,78,True
5460,S-460,10,460,CR 70  CL 26 B,6.22880547,-75.5913377,,50,71,True
5461,S-183,1,183,CR 46  CL 69,6.26461284,-75.55623685,ARANJUEZ,50,49,False
5462,S-183,2,183,CR 46  CL 69,6.26461284,-75.55623685,ARANJUEZ,50,67,True
5463,S-183,3,183,CR 46  CL 69,6.26461284,-75.55623685,ARANJUEZ,50,54,True
5464,S-183,4,183,CR 46  CL 69,6.26461284,-75.55623685,ARANJUEZ,50,43,False
5465,S-183,5,183,CR 46  CL 69,6.26461284,-75.55623685,ARANJUEZ,50,40,False
5466,S-183,6,183,CR 46  CL 69,6.26461284,-75.55623685,ARANJUEZ,50,61,True
5467,S-183,7,183,CR 46  CL 69,6.26461284,-75.55623685,ARANJUEZ,50,40,False
5468,S-183,8,183,CR 46  CL 69,6.26461284,-75.55623685,ARANJUEZ,50,47,False
5469,S-183,9,183,CR 46  CL 69,6.26461284,-75.55623685,ARANJUEZ,50,56,True
5470,S-183,10,183,CR 46  CL 69,6.26461284,-75.55623685,ARANJUEZ,50,47,False
5471,S-184,1,184,CR 46  CL 71 A,6.26671385,-75.55618871,ARANJUEZ,50,52,True
5472,S-184,2,184,CR 46  CL 71 A,6.26671385,-75.55618871,ARANJUEZ,50,40,False
5473,S-184,3,184,CR 46  CL 71 A,6.26671385,-75.55618871,ARANJUEZ,50,50,False
5474,S-184,4,184,CR 46  CL 71 A,6.26671385,-75.55618871,ARANJUEZ,50,73,True
5475,S-184,5,184,CR 46  CL 71 A,6.26671385,-75.55618871,ARANJUEZ,50,34,False
5476,S-184,6,184,CR 46  CL 71 A,6.26671385,-75.55618871,ARANJUEZ,50,52,True
5477,S-184,7,184,CR 46  CL 71 A,6.26671385,-75.55618871,ARANJUEZ,50,70,True
5478,S-184,8,184,CR 46  CL 71 A,6.26671385,-75.55618871,ARANJUEZ,50,54,True
5479,S-184,9,184,CR 46  CL 71 A,6.26671385,-75.55618871,ARANJUEZ,50,70,True
5480,S-184,10,184,CR 46  CL 71 A,6.26671385,-75.55618871,ARANJUEZ,50,39,False
5481,S-222,1,222,CR 48  CL 4 SEAFIT,6.20175508,-75.577358,EL POBLADO,50,51,True
5482,S-222,2,222,CR 48  CL 4 SEAFIT,6.20175508,-75.577358,EL POBLADO,50,48,False
5483,S-222,3,222,CR 48  CL 4 SEAFIT,6.20175508,-75.577358,EL POBLADO,50,30,False
5484,S-222,4,222,CR 48  CL 4 SEAFIT,6.20175508,-75.577358,EL POBLADO,50,36,False
5485,S-222,5,222,CR 48  CL 4 SEAFIT,6.20175508,-75.577358,EL POBLADO,50,33,False
5486,S-222,6,222,CR 48  CL 4 SEAFIT,6.20175508,-75.577358,EL POBLADO,50,30,False
5487,S-222,7,222,CR 48  CL 4 SEAFIT,6.20175508,-75.577358,EL POBLADO,50,44,False
5488,S-222,8,222,CR 48  CL 4 SEAFIT,6.20175508,-75.577358,EL POBLADO,50,69,True
5489,S-222,9,222,CR 48  CL 4 SEAFIT,6.20175508,-75.577358,EL POBLADO,50,41,False
5490,S-222,10,222,CR 48  CL 4 SEAFIT,6.20175508,-75.577358,EL POBLADO,50,51,True
5491,S-498,1,498,CR 76  CL 28,6.22956115,-75.59611172,BELEN,50,51,True
5492,S-498,2,498,CR 76  CL 28,6.22956115,-75.59611172,BELEN,50,79,True
5493,S-498,3,498,CR 76  CL 28,6.22956115,-75.59611172,BELEN,50,76,True
5494,S-498,4,498,CR 76  CL 28,6.22956115,-75.59611172,BELEN,50,46,False
5495,S-498,5,498,CR 76  CL 28,6.22956115,-75.59611172,BELEN,50,58,True
5496,S-498,6,498,CR 76  CL 28,6.22956115,-75.59611172,BELEN,50,75,True
5497,S-498,7,498,CR 76  CL 28,6.22956115,-75.59611172,BELEN,50,43,False
5498,S-498,8,498,CR 76  CL 28,6.22956115,-75.59611172,BELEN,50,79,True
5499,S-498,9,498,CR 76  CL 28,6.22956115,-75.59611172,BELEN,50,49,False
5500,S-498,10,498,CR 76  CL 28,6.22956115,-75.59611172,BELEN,50,79,True
5501,S-248,1,248,CR 50  CL 52Av 1 de Mayo,6.25088646,-75.56730316,LA CANDELARIA,50,77,True
5502,S-248,2,248,CR 50  CL 52Av 1 de Mayo,6.25088646,-75.56730316,LA CANDELARIA,50,62,True
5503,S-248,3,248,CR 50  CL 52Av 1 de Mayo,6.25088646,-75.56730316,LA CANDELARIA,50,72,True
5504,S-248,4,248,CR 50  CL 52Av 1 de Mayo,6.25088646,-75.56730316,LA CANDELARIA,50,44,False
5505,S-248,5,248,CR 50  CL 52Av 1 de Mayo,6.25088646,-75.56730316,LA CANDELARIA,50,41,False
5506,S-248,6,248,CR 50  CL 52Av 1 de Mayo,6.25088646,-75.56730316,LA CANDELARIA,50,69,True
5507,S-248,7,248,CR 50  CL 52Av 1 de Mayo,6.25088646,-75.56730316,LA CANDELARIA,50,49,False
5508,S-248,8,248,CR 50  CL 52Av 1 de Mayo,6.25088646,-75.56730316,LA CANDELARIA,50,59,True
5509,S-248,9,248,CR 50  CL 52Av 1 de Mayo,6.25088646,-75.56730316,LA CANDELARIA,50,67,True
5510,S-248,10,248,CR 50  CL 52Av 1 de Mayo,6.25088646,-75.56730316,LA CANDELARIA,50,32,False
5511,S-532,1,532,CR 80  CL 28,6.22938106,-75.60202102,BELEN,50,57,True
5512,S-532,2,532,CR 80  CL 28,6.22938106,-75.60202102,BELEN,50,55,True
5513,S-532,3,532,CR 80  CL 28,6.22938106,-75.60202102,BELEN,50,59,True
5514,S-532,4,532,CR 80  CL 28,6.22938106,-75.60202102,BELEN,50,42,False
5515,S-532,5,532,CR 80  CL 28,6.22938106,-75.60202102,BELEN,50,42,False
5516,S-532,6,532,CR 80  CL 28,6.22938106,-75.60202102,BELEN,50,31,False
5517,S-532,7,532,CR 80  CL 28,6.22938106,-75.60202102,BELEN,50,66,True
5518,S-532,8,532,CR 80  CL 28,6.22938106,-75.60202102,BELEN,50,78,True
5519,S-532,9,532,CR 80  CL 28,6.22938106,-75.60202102,BELEN,50,67,True
5520,S-532,10,532,CR 80  CL 28,6.22938106,-75.60202102,BELEN,50,31,False
5521,S-548,1,548,CR 80  CL 76Doña Maria,6.27749879,-75.58954165,ROBLEDO,50,65,True
5522,S-548,2,548,CR 80  CL 76Doña Maria,6.27749879,-75.58954165,ROBLEDO,50,55,True
5523,S-548,3,548,CR 80  CL 76Doña Maria,6.27749879,-75.58954165,ROBLEDO,50,40,False
5524,S-548,4,548,CR 80  CL 76Doña Maria,6.27749879,-75.58954165,ROBLEDO,50,37,False
5525,S-548,5,548,CR 80  CL 76Doña Maria,6.27749879,-75.58954165,ROBLEDO,50,73,True
5526,S-548,6,548,CR 80  CL 76Doña Maria,6.27749879,-75.58954165,ROBLEDO,50,69,True
5527,S-548,7,548,CR 80  CL 76Doña Maria,6.27749879,-75.58954165,ROBLEDO,50,72,True
5528,S-548,8,548,CR 80  CL 76Doña Maria,6.27749879,-75.58954165,ROBLEDO,50,51,True
5529,S-548,9,548,CR 80  CL 76Doña Maria,6.27749879,-75.58954165,ROBLEDO,50,49,False
5530,S-548,10,548,CR 80  CL 76Doña Maria,6.27749879,-75.58954165,ROBLEDO,50,37,False
5531,S-549,1,549,CR 80  CL 80,6.28439776,-75.58412423,ROBLEDO,50,58,True
5532,S-549,2,549,CR 80  CL 80,6.28439776,-75.58412423,ROBLEDO,50,69,True
5533,S-549,3,549,CR 80  CL 80,6.28439776,-75.58412423,ROBLEDO,50,55,True
5534,S-549,4,549,CR 80  CL 80,6.28439776,-75.58412423,ROBLEDO,50,59,True
5535,S-549,5,549,CR 80  CL 80,6.28439776,-75.58412423,ROBLEDO,50,46,False
5536,S-549,6,549,CR 80  CL 80,6.28439776,-75.58412423,ROBLEDO,50,49,False
5537,S-549,7,549,CR 80  CL 80,6.28439776,-75.58412423,ROBLEDO,50,45,False
5538,S-549,8,549,CR 80  CL 80,6.28439776,-75.58412423,ROBLEDO,50,75,True
5539,S-549,9,549,CR 80  CL 80,6.28439776,-75.58412423,ROBLEDO,50,72,True
5540,S-549,10,549,CR 80  CL 80,6.28439776,-75.58412423,ROBLEDO,50,36,False
5541,S-553,1,553,CR 81 A  CL 50,6.26392566,-75.5983076,LA AMERICA,50,45,False
5542,S-553,2,553,CR 81 A  CL 50,6.26392566,-75.5983076,LA AMERICA,50,74,True
5543,S-553,3,553,CR 81 A  CL 50,6.26392566,-75.5983076,LA AMERICA,50,76,True
5544,S-553,4,553,CR 81 A  CL 50,6.26392566,-75.5983076,LA AMERICA,50,77,True
5545,S-553,5,553,CR 81 A  CL 50,6.26392566,-75.5983076,LA AMERICA,50,56,True
5546,S-553,6,553,CR 81 A  CL 50,6.26392566,-75.5983076,LA AMERICA,50,52,True
5547,S-553,7,553,CR 81 A  CL 50,6.26392566,-75.5983076,LA AMERICA,50,53,True
5548,S-553,8,553,CR 81 A  CL 50,6.26392566,-75.5983076,LA AMERICA,50,38,False
5549,S-553,9,553,CR 81 A  CL 50,6.26392566,-75.5983076,LA AMERICA,50,64,True
5550,S-553,10,553,CR 81 A  CL 50,6.26392566,-75.5983076,LA AMERICA,50,80,True
5551,S-554,1,554,CR 82 A  CL 30,6.23109326,-75.60414015,BELEN,50,49,False
5552,S-554,2,554,CR 82 A  CL 30,6.23109326,-75.60414015,BELEN,50,66,True
5553,S-554,3,554,CR 82 A  CL 30,6.23109326,-75.60414015,BELEN,50,71,True
5554,S-554,4,554,CR 82 A  CL 30,6.23109326,-75.60414015,BELEN,50,46,False
5555,S-554,5,554,CR 82 A  CL 30,6.23109326,-75.60414015,BELEN,50,76,True
5556,S-554,6,554,CR 82 A  CL 30,6.23109326,-75.60414015,BELEN,50,60,True
5557,S-554,7,554,CR 82 A  CL 30,6.23109326,-75.60414015,BELEN,50,37,False
5558,S-554,8,554,CR 82 A  CL 30,6.23109326,-75.60414015,BELEN,50,44,False
5559,S-554,9,554,CR 82 A  CL 30,6.23109326,-75.60414015,BELEN,50,60,True
5560,S-554,10,554,CR 82 A  CL 30,6.23109326,-75.60414015,BELEN,50,59,True
5561,S-433,1,433,CR 66  CL 71CC LA FLORIDA,6.2707596,-75.57770191,CASTILLA,50,75,True
5562,S-433,2,433,CR 66  CL 71CC LA FLORIDA,6.2707596,-75.57770191,CASTILLA,50,49,False
5563,S-433,3,433,CR 66  CL 71CC LA FLORIDA,6.2707596,-75.57770191,CASTILLA,50,68,True
5564,S-433,4,433,CR 66  CL 71CC LA FLORIDA,6.2707596,-75.57770191,CASTILLA,50,41,False
5565,S-433,5,433,CR 66  CL 71CC LA FLORIDA,6.2707596,-75.57770191,CASTILLA,50,78,True
5566,S-433,6,433,CR 66  CL 71CC LA FLORIDA,6.2707596,-75.57770191,CASTILLA,50,46,False
5567,S-433,7,433,CR 66  CL 71CC LA FLORIDA,6.2707596,-75.57770191,CASTILLA,50,71,True
5568,S-433,8,433,CR 66  CL 71CC LA FLORIDA,6.2707596,-75.57770191,CASTILLA,50,59,True
5569,S-433,9,433,CR 66  CL 71CC LA FLORIDA,6.2707596,-75.57770191,CASTILLA,50,58,True
5570,S-433,10,433,CR 66  CL 71CC LA FLORIDA,6.2707596,-75.57770191,CASTILLA,50,48,False
5571,S-116,1,116,CR 43 C  CL 10,6.211158,-75.57195281,EL POBLADO,50,75,True
5572,S-116,2,116,CR 43 C  CL 10,6.211158,-75.57195281,EL POBLADO,50,40,False
5573,S-116,3,116,CR 43 C  CL 10,6.211158,-75.57195281,EL POBLADO,50,63,True
5574,S-116,4,116,CR 43 C  CL 10,6.211158,-75.57195281,EL POBLADO,50,79,True
5575,S-116,5,116,CR 43 C  CL 10,6.211158,-75.57195281,EL POBLADO,50,36,False
5576,S-116,6,116,CR 43 C  CL 10,6.211158,-75.57195281,EL POBLADO,50,73,True
5577,S-116,7,116,CR 43 C  CL 10,6.211158,-75.57195281,EL POBLADO,50,63,True
5578,S-116,8,116,CR 43 C  CL 10,6.211158,-75.57195281,EL POBLADO,50,49,False
5579,S-116,9,116,CR 43 C  CL 10,6.211158,-75.57195281,EL POBLADO,50,79,True
5580,S-116,10,116,CR 43 C  CL 10,6.211158,-75.57195281,EL POBLADO,50,67,True
5581,S-117,1,117,CR 43 C  CL 11,6.21211174,-75.57159773,EL POBLADO,50,53,True
5582,S-117,2,117,CR 43 C  CL 11,6.21211174,-75.57159773,EL POBLADO,50,39,False
5583,S-117,3,117,CR 43 C  CL 11,6.21211174,-75.57159773,EL POBLADO,50,61,True
5584,S-117,4,117,CR 43 C  CL 11,6.21211174,-75.57159773,EL POBLADO,50,44,False
5585,S-117,5,117,CR 43 C  CL 11,6.21211174,-75.57159773,EL POBLADO,50,66,True
5586,S-117,6,117,CR 43 C  CL 11,6.21211174,-75.57159773,EL POBLADO,50,49,False
5587,S-117,7,117,CR 43 C  CL 11,6.21211174,-75.57159773,EL POBLADO,50,32,False
5588,S-117,8,117,CR 43 C  CL 11,6.21211174,-75.57159773,EL POBLADO,50,66,True
5589,S-117,9,117,CR 43 C  CL 11,6.21211174,-75.57159773,EL POBLADO,50,69,True
5590,S-117,10,117,CR 43 C  CL 11,6.21211174,-75.57159773,EL POBLADO,50,37,False
5591,S-612,1,612,CR 25  CL 2 STV SUP x CL 2 SUR,6.19512646,-75.55874203,EL POBLADO,50,69,True
5592,S-612,2,612,CR 25  CL 2 STV SUP x CL 2 SUR,6.19512646,-75.55874203,EL POBLADO,50,73,True
5593,S-612,3,612,CR 25  CL 2 STV SUP x CL 2 SUR,6.19512646,-75.55874203,EL POBLADO,50,52,True
5594,S-612,4,612,CR 25  CL 2 STV SUP x CL 2 SUR,6.19512646,-75.55874203,EL POBLADO,50,69,True
5595,S-612,5,612,CR 25  CL 2 STV SUP x CL 2 SUR,6.19512646,-75.55874203,EL POBLADO,50,40,False
5596,S-612,6,612,CR 25  CL 2 STV SUP x CL 2 SUR,6.19512646,-75.55874203,EL POBLADO,50,75,True
5597,S-612,7,612,CR 25  CL 2 STV SUP x CL 2 SUR,6.19512646,-75.55874203,EL POBLADO,50,37,False
5598,S-612,8,612,CR 25  CL 2 STV SUP x CL 2 SUR,6.19512646,-75.55874203,EL POBLADO,50,58,True
5599,S-612,9,612,CR 25  CL 2 STV SUP x CL 2 SUR,6.19512646,-75.55874203,EL POBLADO,50,59,True
5600,S-612,10,612,CR 25  CL 2 STV SUP x CL 2 SUR,6.19512646,-75.55874203,EL POBLADO,50,39,False
5601,S-610,1,610,CR 29  CL 5 S,6.19367137,-75.56257323,EL POBLADO,50,68,True
5602,S-610,2,610,CR 29  CL 5 S,6.19367137,-75.56257323,EL POBLADO,50,57,True
5603,S-610,3,610,CR 29  CL 5 S,6.19367137,-75.56257323,EL POBLADO,50,78,True
5604,S-610,4,610,CR 29  CL 5 S,6.19367137,-75.56257323,EL POBLADO,50,65,True
5605,S-610,5,610,CR 29  CL 5 S,6.19367137,-75.56257323,EL POBLADO,50,42,False
5606,S-610,6,610,CR 29  CL 5 S,6.19367137,-75.56257323,EL POBLADO,50,61,True
5607,S-610,7,610,CR 29  CL 5 S,6.19367137,-75.56257323,EL POBLADO,50,65,True
5608,S-610,8,610,CR 29  CL 5 S,6.19367137,-75.56257323,EL POBLADO,50,66,True
5609,S-610,9,610,CR 29  CL 5 S,6.19367137,-75.56257323,EL POBLADO,50,55,True
5610,S-610,10,610,CR 29  CL 5 S,6.19367137,-75.56257323,EL POBLADO,50,51,True
5611,S-613,1,613,CR 43 D  CL 1 S,6.20455006,-75.57448781,EL POBLADO,50,33,False
5612,S-613,2,613,CR 43 D  CL 1 S,6.20455006,-75.57448781,EL POBLADO,50,60,True
5613,S-613,3,613,CR 43 D  CL 1 S,6.20455006,-75.57448781,EL POBLADO,50,47,False
5614,S-613,4,613,CR 43 D  CL 1 S,6.20455006,-75.57448781,EL POBLADO,50,67,True
5615,S-613,5,613,CR 43 D  CL 1 S,6.20455006,-75.57448781,EL POBLADO,50,53,True
5616,S-613,6,613,CR 43 D  CL 1 S,6.20455006,-75.57448781,EL POBLADO,50,52,True
5617,S-613,7,613,CR 43 D  CL 1 S,6.20455006,-75.57448781,EL POBLADO,50,51,True
5618,S-613,8,613,CR 43 D  CL 1 S,6.20455006,-75.57448781,EL POBLADO,50,31,False
5619,S-613,9,613,CR 43 D  CL 1 S,6.20455006,-75.57448781,EL POBLADO,50,60,True
5620,S-613,10,613,CR 43 D  CL 1 S,6.20455006,-75.57448781,EL POBLADO,50,40,False
5621,S-393,1,393,CR 63 D  CL 44,6.24801657,-75.58077575,LAURELES,50,57,True
5622,S-393,2,393,CR 63 D  CL 44,6.24801657,-75.58077575,LAURELES,50,75,True
5623,S-393,3,393,CR 63 D  CL 44,6.24801657,-75.58077575,LAURELES,50,61,True
5624,S-393,4,393,CR 63 D  CL 44,6.24801657,-75.58077575,LAURELES,50,34,False
5625,S-393,5,393,CR 63 D  CL 44,6.24801657,-75.58077575,LAURELES,50,67,True
5626,S-393,6,393,CR 63 D  CL 44,6.24801657,-75.58077575,LAURELES,50,39,False
5627,S-393,7,393,CR 63 D  CL 44,6.24801657,-75.58077575,LAURELES,50,69,True
5628,S-393,8,393,CR 63 D  CL 44,6.24801657,-75.58077575,LAURELES,50,75,True
5629,S-393,9,393,CR 63 D  CL 44,6.24801657,-75.58077575,LAURELES,50,53,True
5630,S-393,10,393,CR 63 D  CL 44,6.24801657,-75.58077575,LAURELES,50,64,True
5631,S-617,1,617,DG 74 B  CL 32,6.23374074,-75.59543458,BELEN,50,73,True
5632,S-617,2,617,DG 74 B  CL 32,6.23374074,-75.59543458,BELEN,50,77,True
5633,S-617,3,617,DG 74 B  CL 32,6.23374074,-75.59543458,BELEN,50,52,True
5634,S-617,4,617,DG 74 B  CL 32,6.23374074,-75.59543458,BELEN,50,46,False
5635,S-617,5,617,DG 74 B  CL 32,6.23374074,-75.59543458,BELEN,50,30,False
5636,S-617,6,617,DG 74 B  CL 32,6.23374074,-75.59543458,BELEN,50,60,True
5637,S-617,7,617,DG 74 B  CL 32,6.23374074,-75.59543458,BELEN,50,60,True
5638,S-617,8,617,DG 74 B  CL 32,6.23374074,-75.59543458,BELEN,50,71,True
5639,S-617,9,617,DG 74 B  CL 32,6.23374074,-75.59543458,BELEN,50,71,True
5640,S-617,10,617,DG 74 B  CL 32,6.23374074,-75.59543458,BELEN,50,63,True
5641,S-614,1,614,CR 43 A  CL 30PEAT. PREMIUM,6.2293015,-75.56972712,LA CANDELARIA,50,38,False
5642,S-614,2,614,CR 43 A  CL 30PEAT. PREMIUM,6.2293015,-75.56972712,LA CANDELARIA,50,51,True
5643,S-614,3,614,CR 43 A  CL 30PEAT. PREMIUM,6.2293015,-75.56972712,LA CANDELARIA,50,42,False
5644,S-614,4,614,CR 43 A  CL 30PEAT. PREMIUM,6.2293015,-75.56972712,LA CANDELARIA,50,54,True
5645,S-614,5,614,CR 43 A  CL 30PEAT. PREMIUM,6.2293015,-75.56972712,LA CANDELARIA,50,77,True
5646,S-614,6,614,CR 43 A  CL 30PEAT. PREMIUM,6.2293015,-75.56972712,LA CANDELARIA,50,47,False
5647,S-614,7,614,CR 43 A  CL 30PEAT. PREMIUM,6.2293015,-75.56972712,LA CANDELARIA,50,80,True
5648,S-614,8,614,CR 43 A  CL 30PEAT. PREMIUM,6.2293015,-75.56972712,LA CANDELARIA,50,41,False
5649,S-614,9,614,CR 43 A  CL 30PEAT. PREMIUM,6.2293015,-75.56972712,LA CANDELARIA,50,69,True
5650,S-614,10,614,CR 43 A  CL 30PEAT. PREMIUM,6.2293015,-75.56972712,LA CANDELARIA,50,46,False
5651,S-615,1,615,CR 85  CL 65,6.27585161,-75.59635537,ROBLEDO,50,44,False
5652,S-615,2,615,CR 85  CL 65,6.27585161,-75.59635537,ROBLEDO,50,71,True
5653,S-615,3,615,CR 85  CL 65,6.27585161,-75.59635537,ROBLEDO,50,44,False
5654,S-615,4,615,CR 85  CL 65,6.27585161,-75.59635537,ROBLEDO,50,44,False
5655,S-615,5,615,CR 85  CL 65,6.27585161,-75.59635537,ROBLEDO,50,68,True
5656,S-615,6,615,CR 85  CL 65,6.27585161,-75.59635537,ROBLEDO,50,42,False
5657,S-615,7,615,CR 85  CL 65,6.27585161,-75.59635537,ROBLEDO,50,46,False
5658,S-615,8,615,CR 85  CL 65,6.27585161,-75.59635537,ROBLEDO,50,61,True
5659,S-615,9,615,CR 85  CL 65,6.27585161,-75.59635537,ROBLEDO,50,38,False
5660,S-615,10,615,CR 85  CL 65,6.27585161,-75.59635537,ROBLEDO,50,69,True
5661,S-616,1,616,CR 44  CL 37Peatonal San Diego,6.23676086,-75.56918625,LA CANDELARIA,50,49,False
5662,S-616,2,616,CR 44  CL 37Peatonal San Diego,6.23676086,-75.56918625,LA CANDELARIA,50,55,True
5663,S-616,3,616,CR 44  CL 37Peatonal San Diego,6.23676086,-75.56918625,LA CANDELARIA,50,56,True
5664,S-616,4,616,CR 44  CL 37Peatonal San Diego,6.23676086,-75.56918625,LA CANDELARIA,50,50,False
5665,S-616,5,616,CR 44  CL 37Peatonal San Diego,6.23676086,-75.56918625,LA CANDELARIA,50,47,False
5666,S-616,6,616,CR 44  CL 37Peatonal San Diego,6.23676086,-75.56918625,LA CANDELARIA,50,42,False
5667,S-616,7,616,CR 44  CL 37Peatonal San Diego,6.23676086,-75.56918625,LA CANDELARIA,50,45,False
5668,S-616,8,616,CR 44  CL 37Peatonal San Diego,6.23676086,-75.56918625,LA CANDELARIA,50,38,False
5669,S-616,9,616,CR 44  CL 37Peatonal San Diego,6.23676086,-75.56918625,LA CANDELARIA,50,41,False
5670,S-616,10,616,CR 44  CL 37Peatonal San Diego,6.23676086,-75.56918625,LA CANDELARIA,50,73,True
5671,S-618,1,618,CR 70  CL 2PRICE SMART,6.21346411,-75.59381249,,50,67,True
5672,S-618,2,618,CR 70  CL 2PRICE SMART,6.21346411,-75.59381249,,50,48,False
5673,S-618,3,618,CR 70  CL 2PRICE SMART,6.21346411,-75.59381249,,50,36,False
5674,S-618,4,618,CR 70  CL 2PRICE SMART,6.21346411,-75.59381249,,50,64,True
5675,S-618,5,618,CR 70  CL 2PRICE SMART,6.21346411,-75.59381249,,50,77,True
5676,S-618,6,618,CR 70  CL 2PRICE SMART,6.21346411,-75.59381249,,50,47,False
5677,S-618,7,618,CR 70  CL 2PRICE SMART,6.21346411,-75.59381249,,50,45,False
5678,S-618,8,618,CR 70  CL 2PRICE SMART,6.21346411,-75.59381249,,50,68,True
5679,S-618,9,618,CR 70  CL 2PRICE SMART,6.21346411,-75.59381249,,50,33,False
5680,S-618,10,618,CR 70  CL 2PRICE SMART,6.21346411,-75.59381249,,50,54,True
5681,S-624,1,624,CR 84  CL 34,6.24192553,-75.60780999,LAURELES,50,61,True
5682,S-624,2,624,CR 84  CL 34,6.24192553,-75.60780999,LAURELES,50,69,True
5683,S-624,3,624,CR 84  CL 34,6.24192553,-75.60780999,LAURELES,50,42,False
5684,S-624,4,624,CR 84  CL 34,6.24192553,-75.60780999,LAURELES,50,74,True
5685,S-624,5,624,CR 84  CL 34,6.24192553,-75.60780999,LAURELES,50,46,False
5686,S-624,6,624,CR 84  CL 34,6.24192553,-75.60780999,LAURELES,50,78,True
5687,S-624,7,624,CR 84  CL 34,6.24192553,-75.60780999,LAURELES,50,66,True
5688,S-624,8,624,CR 84  CL 34,6.24192553,-75.60780999,LAURELES,50,35,False
5689,S-624,9,624,CR 84  CL 34,6.24192553,-75.60780999,LAURELES,50,48,False
5690,S-624,10,624,CR 84  CL 34,6.24192553,-75.60780999,LAURELES,50,42,False
5691,S-620,1,620,CR 74  CL 53,6.26297644,-75.58868997,LAURELES,50,55,True
5692,S-620,2,620,CR 74  CL 53,6.26297644,-75.58868997,LAURELES,50,43,False
5693,S-620,3,620,CR 74  CL 53,6.26297644,-75.58868997,LAURELES,50,60,True
5694,S-620,4,620,CR 74  CL 53,6.26297644,-75.58868997,LAURELES,50,33,False
5695,S-620,5,620,CR 74  CL 53,6.26297644,-75.58868997,LAURELES,50,68,True
5696,S-620,6,620,CR 74  CL 53,6.26297644,-75.58868997,LAURELES,50,37,False
5697,S-620,7,620,CR 74  CL 53,6.26297644,-75.58868997,LAURELES,50,54,True
5698,S-620,8,620,CR 74  CL 53,6.26297644,-75.58868997,LAURELES,50,42,False
5699,S-620,9,620,CR 74  CL 53,6.26297644,-75.58868997,LAURELES,50,61,True
5700,S-620,10,620,CR 74  CL 53,6.26297644,-75.58868997,LAURELES,50,67,True
5701,S-619,1,619,CR 73  CL 53,6.26231303,-75.58772627,LAURELES,50,67,True
5702,S-619,2,619,CR 73  CL 53,6.26231303,-75.58772627,LAURELES,50,57,True
5703,S-619,3,619,CR 73  CL 53,6.26231303,-75.58772627,LAURELES,50,59,True
5704,S-619,4,619,CR 73  CL 53,6.26231303,-75.58772627,LAURELES,50,32,False
5705,S-619,5,619,CR 73  CL 53,6.26231303,-75.58772627,LAURELES,50,57,True
5706,S-619,6,619,CR 73  CL 53,6.26231303,-75.58772627,LAURELES,50,32,False
5707,S-619,7,619,CR 73  CL 53,6.26231303,-75.58772627,LAURELES,50,74,True
5708,S-619,8,619,CR 73  CL 53,6.26231303,-75.58772627,LAURELES,50,63,True
5709,S-619,9,619,CR 73  CL 53,6.26231303,-75.58772627,LAURELES,50,45,False
5710,S-619,10,619,CR 73  CL 53,6.26231303,-75.58772627,LAURELES,50,51,True
5711,S-622,1,622,CR 81  CL 54EMAUS,6.26851597,-75.59685328,LA AMERICA,50,61,True
5712,S-622,2,622,CR 81  CL 54EMAUS,6.26851597,-75.59685328,LA AMERICA,50,67,True
5713,S-622,3,622,CR 81  CL 54EMAUS,6.26851597,-75.59685328,LA AMERICA,50,37,False
5714,S-622,4,622,CR 81  CL 54EMAUS,6.26851597,-75.59685328,LA AMERICA,50,37,False
5715,S-622,5,622,CR 81  CL 54EMAUS,6.26851597,-75.59685328,LA AMERICA,50,35,False
5716,S-622,6,622,CR 81  CL 54EMAUS,6.26851597,-75.59685328,LA AMERICA,50,43,False
5717,S-622,7,622,CR 81  CL 54EMAUS,6.26851597,-75.59685328,LA AMERICA,50,61,True
5718,S-622,8,622,CR 81  CL 54EMAUS,6.26851597,-75.59685328,LA AMERICA,50,64,True
5719,S-622,9,622,CR 81  CL 54EMAUS,6.26851597,-75.59685328,LA AMERICA,50,39,False
5720,S-622,10,622,CR 81  CL 54EMAUS,6.26851597,-75.59685328,LA AMERICA,50,32,False
5721,S-623,1,623,CR 65  CL 103 FF,6.30027481,-75.56643617,CASTILLA,50,41,False
5722,S-623,2,623,CR 65  CL 103 FF,6.30027481,-75.56643617,CASTILLA,50,78,True
5723,S-623,3,623,CR 65  CL 103 FF,6.30027481,-75.56643617,CASTILLA,50,60,True
5724,S-623,4,623,CR 65  CL 103 FF,6.30027481,-75.56643617,CASTILLA,50,58,True
5725,S-623,5,623,CR 65  CL 103 FF,6.30027481,-75.56643617,CASTILLA,50,34,False
5726,S-623,6,623,CR 65  CL 103 FF,6.30027481,-75.56643617,CASTILLA,50,54,True
5727,S-623,7,623,CR 65  CL 103 FF,6.30027481,-75.56643617,CASTILLA,50,70,True
5728,S-623,8,623,CR 65  CL 103 FF,6.30027481,-75.56643617,CASTILLA,50,60,True
5729,S-623,9,623,CR 65  CL 103 FF,6.30027481,-75.56643617,CASTILLA,50,50,False
5730,S-623,10,623,CR 65  CL 103 FF,6.30027481,-75.56643617,CASTILLA,50,49,False
5731,S-621,1,621,CR 75  CL 80,6.28239817,-75.58171591,ROBLEDO,50,68,True
5732,S-621,2,621,CR 75  CL 80,6.28239817,-75.58171591,ROBLEDO,50,51,True
5733,S-621,3,621,CR 75  CL 80,6.28239817,-75.58171591,ROBLEDO,50,33,False
5734,S-621,4,621,CR 75  CL 80,6.28239817,-75.58171591,ROBLEDO,50,42,False
5735,S-621,5,621,CR 75  CL 80,6.28239817,-75.58171591,ROBLEDO,50,74,True
5736,S-621,6,621,CR 75  CL 80,6.28239817,-75.58171591,ROBLEDO,50,71,True
5737,S-621,7,621,CR 75  CL 80,6.28239817,-75.58171591,ROBLEDO,50,79,True
5738,S-621,8,621,CR 75  CL 80,6.28239817,-75.58171591,ROBLEDO,50,78,True
5739,S-621,9,621,CR 75  CL 80,6.28239817,-75.58171591,ROBLEDO,50,49,False
5740,S-621,10,621,CR 75  CL 80,6.28239817,-75.58171591,ROBLEDO,50,42,False
5741,S-203,1,203,CR 48  CL 1 S,6.20564972,-75.5769884,EL POBLADO,50,46,False
5742,S-203,2,203,CR 48  CL 1 S,6.20564972,-75.5769884,EL POBLADO,50,65,True
5743,S-203,3,203,CR 48  CL 1 S,6.20564972,-75.5769884,EL POBLADO,50,62,True
5744,S-203,4,203,CR 48  CL 1 S,6.20564972,-75.5769884,EL POBLADO,50,30,False
5745,S-203,5,203,CR 48  CL 1 S,6.20564972,-75.5769884,EL POBLADO,50,44,False
5746,S-203,6,203,CR 48  CL 1 S,6.20564972,-75.5769884,EL POBLADO,50,42,False
5747,S-203,7,203,CR 48  CL 1 S,6.20564972,-75.5769884,EL POBLADO,50,46,False
5748,S-203,8,203,CR 48  CL 1 S,6.20564972,-75.5769884,EL POBLADO,50,53,True
5749,S-203,9,203,CR 48  CL 1 S,6.20564972,-75.5769884,EL POBLADO,50,37,False
5750,S-203,10,203,CR 48  CL 1 S,6.20564972,-75.5769884,EL POBLADO,50,79,True
5751,S-625,1,625,CR 108 B  CL 62 D,6.2767234,-75.61895953,ROBLEDO,50,56,True
5752,S-625,2,625,CR 108 B  CL 62 D,6.2767234,-75.61895953,ROBLEDO,50,74,True
5753,S-625,3,625,CR 108 B  CL 62 D,6.2767234,-75.61895953,ROBLEDO,50,52,True
5754,S-625,4,625,CR 108 B  CL 62 D,6.2767234,-75.61895953,ROBLEDO,50,75,True
5755,S-625,5,625,CR 108 B  CL 62 D,6.2767234,-75.61895953,ROBLEDO,50,37,False
5756,S-625,6,625,CR 108 B  CL 62 D,6.2767234,-75.61895953,ROBLEDO,50,37,False
5757,S-625,7,625,CR 108 B  CL 62 D,6.2767234,-75.61895953,ROBLEDO,50,55,True
5758,S-625,8,625,CR 108 B  CL 62 D,6.2767234,-75.61895953,ROBLEDO,50,76,True
5759,S-625,9,625,CR 108 B  CL 62 D,6.2767234,-75.61895953,ROBLEDO,50,42,False
5760,S-625,10,625,CR 108 B  CL 62 D,6.2767234,-75.61895953,ROBLEDO,50,68,True
5761,S-626,1,626,TV 39B  CQ 73 BCARULLA LAURELES,6.24442324,-75.59465783,LAURELES,50,66,True
5762,S-626,2,626,TV 39B  CQ 73 BCARULLA LAURELES,6.24442324,-75.59465783,LAURELES,50,78,True
5763,S-626,3,626,TV 39B  CQ 73 BCARULLA LAURELES,6.24442324,-75.59465783,LAURELES,50,57,True
5764,S-626,4,626,TV 39B  CQ 73 BCARULLA LAURELES,6.24442324,-75.59465783,LAURELES,50,54,True
5765,S-626,5,626,TV 39B  CQ 73 BCARULLA LAURELES,6.24442324,-75.59465783,LAURELES,50,45,False
5766,S-626,6,626,TV 39B  CQ 73 BCARULLA LAURELES,6.24442324,-75.59465783,LAURELES,50,31,False
5767,S-626,7,626,TV 39B  CQ 73 BCARULLA LAURELES,6.24442324,-75.59465783,LAURELES,50,47,False
5768,S-626,8,626,TV 39B  CQ 73 BCARULLA LAURELES,6.24442324,-75.59465783,LAURELES,50,46,False
5769,S-626,9,626,TV 39B  CQ 73 BCARULLA LAURELES,6.24442324,-75.59465783,LAURELES,50,59,True
5770,S-626,10,626,TV 39B  CQ 73 BCARULLA LAURELES,6.24442324,-75.59465783,LAURELES,50,68,True
5771,S-627,1,627,CR 48  CL 18 C S,6.18778395,-75.58150016,EL POBLADO,50,42,False
5772,S-627,2,627,CR 48  CL 18 C S,6.18778395,-75.58150016,EL POBLADO,50,61,True
5773,S-627,3,627,CR 48  CL 18 C S,6.18778395,-75.58150016,EL POBLADO,50,79,True
5774,S-627,4,627,CR 48  CL 18 C S,6.18778395,-75.58150016,EL POBLADO,50,58,True
5775,S-627,5,627,CR 48  CL 18 C S,6.18778395,-75.58150016,EL POBLADO,50,75,True
5776,S-627,6,627,CR 48  CL 18 C S,6.18778395,-75.58150016,EL POBLADO,50,59,True
5777,S-627,7,627,CR 48  CL 18 C S,6.18778395,-75.58150016,EL POBLADO,50,47,False
5778,S-627,8,627,CR 48  CL 18 C S,6.18778395,-75.58150016,EL POBLADO,50,42,False
5779,S-627,9,627,CR 48  CL 18 C S,6.18778395,-75.58150016,EL POBLADO,50,72,True
5780,S-627,10,627,CR 48  CL 18 C S,6.18778395,-75.58150016,EL POBLADO,50,50,False
5781,S-628,1,628,CR 48  CL 19 AClofan,6.22329941,-75.57524567,EL POBLADO,50,59,True
5782,S-628,2,628,CR 48  CL 19 AClofan,6.22329941,-75.57524567,EL POBLADO,50,50,False
5783,S-628,3,628,CR 48  CL 19 AClofan,6.22329941,-75.57524567,EL POBLADO,50,77,True
5784,S-628,4,628,CR 48  CL 19 AClofan,6.22329941,-75.57524567,EL POBLADO,50,46,False
5785,S-628,5,628,CR 48  CL 19 AClofan,6.22329941,-75.57524567,EL POBLADO,50,69,True
5786,S-628,6,628,CR 48  CL 19 AClofan,6.22329941,-75.57524567,EL POBLADO,50,48,False
5787,S-628,7,628,CR 48  CL 19 AClofan,6.22329941,-75.57524567,EL POBLADO,50,44,False
5788,S-628,8,628,CR 48  CL 19 AClofan,6.22329941,-75.57524567,EL POBLADO,50,38,False
5789,S-628,9,628,CR 48  CL 19 AClofan,6.22329941,-75.57524567,EL POBLADO,50,39,False
5790,S-628,10,628,CR 48  CL 19 AClofan,6.22329941,-75.57524567,EL POBLADO,50,73,True
5791,S-629,1,629,CR 80  CL 78,6.28149926,-75.58626386,ROBLEDO,50,60,True
5792,S-629,2,629,CR 80  CL 78,6.28149926,-75.58626386,ROBLEDO,50,52,True
5793,S-629,3,629,CR 80  CL 78,6.28149926,-75.58626386,ROBLEDO,50,59,True
5794,S-629,4,629,CR 80  CL 78,6.28149926,-75.58626386,ROBLEDO,50,62,True
5795,S-629,5,629,CR 80  CL 78,6.28149926,-75.58626386,ROBLEDO,50,38,False
5796,S-629,6,629,CR 80  CL 78,6.28149926,-75.58626386,ROBLEDO,50,76,True
5797,S-629,7,629,CR 80  CL 78,6.28149926,-75.58626386,ROBLEDO,50,30,False
5798,S-629,8,629,CR 80  CL 78,6.28149926,-75.58626386,ROBLEDO,50,73,True
5799,S-629,9,629,CR 80  CL 78,6.28149926,-75.58626386,ROBLEDO,50,64,True
5800,S-629,10,629,CR 80  CL 78,6.28149926,-75.58626386,ROBLEDO,50,40,False
5801,S-630,1,630,CR 80  CL 79,6.28211849,-75.58556308,ROBLEDO,50,63,True
5802,S-630,2,630,CR 80  CL 79,6.28211849,-75.58556308,ROBLEDO,50,45,False
5803,S-630,3,630,CR 80  CL 79,6.28211849,-75.58556308,ROBLEDO,50,38,False
5804,S-630,4,630,CR 80  CL 79,6.28211849,-75.58556308,ROBLEDO,50,61,True
5805,S-630,5,630,CR 80  CL 79,6.28211849,-75.58556308,ROBLEDO,50,44,False
5806,S-630,6,630,CR 80  CL 79,6.28211849,-75.58556308,ROBLEDO,50,41,False
5807,S-630,7,630,CR 80  CL 79,6.28211849,-75.58556308,ROBLEDO,50,62,True
5808,S-630,8,630,CR 80  CL 79,6.28211849,-75.58556308,ROBLEDO,50,74,True
5809,S-630,9,630,CR 80  CL 79,6.28211849,-75.58556308,ROBLEDO,50,43,False
5810,S-630,10,630,CR 80  CL 79,6.28211849,-75.58556308,ROBLEDO,50,37,False
5811,S-631,1,631,CR 43 A  CL 5 A S,6.20572588,-75.57135727,EL POBLADO,50,37,False
5812,S-631,2,631,CR 43 A  CL 5 A S,6.20572588,-75.57135727,EL POBLADO,50,56,True
5813,S-631,3,631,CR 43 A  CL 5 A S,6.20572588,-75.57135727,EL POBLADO,50,41,False
5814,S-631,4,631,CR 43 A  CL 5 A S,6.20572588,-75.57135727,EL POBLADO,50,30,False
5815,S-631,5,631,CR 43 A  CL 5 A S,6.20572588,-75.57135727,EL POBLADO,50,72,True
5816,S-631,6,631,CR 43 A  CL 5 A S,6.20572588,-75.57135727,EL POBLADO,50,69,True
5817,S-631,7,631,CR 43 A  CL 5 A S,6.20572588,-75.57135727,EL POBLADO,50,71,True
5818,S-631,8,631,CR 43 A  CL 5 A S,6.20572588,-75.57135727,EL POBLADO,50,80,True
5819,S-631,9,631,CR 43 A  CL 5 A S,6.20572588,-75.57135727,EL POBLADO,50,40,False
5820,S-631,10,631,CR 43 A  CL 5 A S,6.20572588,-75.57135727,EL POBLADO,50,68,True
5821,S-632,1,632,CR 48 B  CL 4 S,6.20307502,-75.57859263,EL POBLADO,50,72,True
5822,S-632,2,632,CR 48 B  CL 4 S,6.20307502,-75.57859263,EL POBLADO,50,60,True
5823,S-632,3,632,CR 48 B  CL 4 S,6.20307502,-75.57859263,EL POBLADO,50,46,False
5824,S-632,4,632,CR 48 B  CL 4 S,6.20307502,-75.57859263,EL POBLADO,50,62,True
5825,S-632,5,632,CR 48 B  CL 4 S,6.20307502,-75.57859263,EL POBLADO,50,61,True
5826,S-632,6,632,CR 48 B  CL 4 S,6.20307502,-75.57859263,EL POBLADO,50,58,True
5827,S-632,7,632,CR 48 B  CL 4 S,6.20307502,-75.57859263,EL POBLADO,50,50,False
5828,S-632,8,632,CR 48 B  CL 4 S,6.20307502,-75.57859263,EL POBLADO,50,50,False
5829,S-632,9,632,CR 48 B  CL 4 S,6.20307502,-75.57859263,EL POBLADO,50,69,True
5830,S-632,10,632,CR 48 B  CL 4 S,6.20307502,-75.57859263,EL POBLADO,50,52,True
5831,S-643,1,643,CR 27  CL 20 S,6.18110017,-75.56898796,EL POBLADO,50,35,False
5832,S-643,2,643,CR 27  CL 20 S,6.18110017,-75.56898796,EL POBLADO,50,51,True
5833,S-643,3,643,CR 27  CL 20 S,6.18110017,-75.56898796,EL POBLADO,50,79,True
5834,S-643,4,643,CR 27  CL 20 S,6.18110017,-75.56898796,EL POBLADO,50,67,True
5835,S-643,5,643,CR 27  CL 20 S,6.18110017,-75.56898796,EL POBLADO,50,66,True
5836,S-643,6,643,CR 27  CL 20 S,6.18110017,-75.56898796,EL POBLADO,50,74,True
5837,S-643,7,643,CR 27  CL 20 S,6.18110017,-75.56898796,EL POBLADO,50,80,True
5838,S-643,8,643,CR 27  CL 20 S,6.18110017,-75.56898796,EL POBLADO,50,37,False
5839,S-643,9,643,CR 27  CL 20 S,6.18110017,-75.56898796,EL POBLADO,50,70,True
5840,S-643,10,643,CR 27  CL 20 S,6.18110017,-75.56898796,EL POBLADO,50,78,True
5841,S-633,1,633,CR 22  CL 12 S,6.18704918,-75.56075704,EL POBLADO,50,64,True
5842,S-633,2,633,CR 22  CL 12 S,6.18704918,-75.56075704,EL POBLADO,50,80,True
5843,S-633,3,633,CR 22  CL 12 S,6.18704918,-75.56075704,EL POBLADO,50,40,False
5844,S-633,4,633,CR 22  CL 12 S,6.18704918,-75.56075704,EL POBLADO,50,53,True
5845,S-633,5,633,CR 22  CL 12 S,6.18704918,-75.56075704,EL POBLADO,50,78,True
5846,S-633,6,633,CR 22  CL 12 S,6.18704918,-75.56075704,EL POBLADO,50,50,False
5847,S-633,7,633,CR 22  CL 12 S,6.18704918,-75.56075704,EL POBLADO,50,80,True
5848,S-633,8,633,CR 22  CL 12 S,6.18704918,-75.56075704,EL POBLADO,50,31,False
5849,S-633,9,633,CR 22  CL 12 S,6.18704918,-75.56075704,EL POBLADO,50,69,True
5850,S-633,10,633,CR 22  CL 12 S,6.18704918,-75.56075704,EL POBLADO,50,48,False
5851,S-642,1,642,CR 55  CL 92,6.28445133,-75.56519197,ARANJUEZ,50,68,True
5852,S-642,2,642,CR 55  CL 92,6.28445133,-75.56519197,ARANJUEZ,50,57,True
5853,S-642,3,642,CR 55  CL 92,6.28445133,-75.56519197,ARANJUEZ,50,46,False
5854,S-642,4,642,CR 55  CL 92,6.28445133,-75.56519197,ARANJUEZ,50,35,False
5855,S-642,5,642,CR 55  CL 92,6.28445133,-75.56519197,ARANJUEZ,50,48,False
5856,S-642,6,642,CR 55  CL 92,6.28445133,-75.56519197,ARANJUEZ,50,67,True
5857,S-642,7,642,CR 55  CL 92,6.28445133,-75.56519197,ARANJUEZ,50,57,True
5858,S-642,8,642,CR 55  CL 92,6.28445133,-75.56519197,ARANJUEZ,50,31,False
5859,S-642,9,642,CR 55  CL 92,6.28445133,-75.56519197,ARANJUEZ,50,67,True
5860,S-642,10,642,CR 55  CL 92,6.28445133,-75.56519197,ARANJUEZ,50,66,True
5861,S-634,1,634,CR 51 A  CL 92,6.28350816,-75.56161898,ARANJUEZ,50,80,True
5862,S-634,2,634,CR 51 A  CL 92,6.28350816,-75.56161898,ARANJUEZ,50,33,False
5863,S-634,3,634,CR 51 A  CL 92,6.28350816,-75.56161898,ARANJUEZ,50,51,True
5864,S-634,4,634,CR 51 A  CL 92,6.28350816,-75.56161898,ARANJUEZ,50,55,True
5865,S-634,5,634,CR 51 A  CL 92,6.28350816,-75.56161898,ARANJUEZ,50,78,True
5866,S-634,6,634,CR 51 A  CL 92,6.28350816,-75.56161898,ARANJUEZ,50,72,True
5867,S-634,7,634,CR 51 A  CL 92,6.28350816,-75.56161898,ARANJUEZ,50,65,True
5868,S-634,8,634,CR 51 A  CL 92,6.28350816,-75.56161898,ARANJUEZ,50,42,False
5869,S-634,9,634,CR 51 A  CL 92,6.28350816,-75.56161898,ARANJUEZ,50,61,True
5870,S-634,10,634,CR 51 A  CL 92,6.28350816,-75.56161898,ARANJUEZ,50,46,False
5871,S-635,1,635,CR 53  CL 93,6.2855372,-75.56292327,ARANJUEZ,50,70,True
5872,S-635,2,635,CR 53  CL 93,6.2855372,-75.56292327,ARANJUEZ,50,65,True
5873,S-635,3,635,CR 53  CL 93,6.2855372,-75.56292327,ARANJUEZ,50,75,True
5874,S-635,4,635,CR 53  CL 93,6.2855372,-75.56292327,ARANJUEZ,50,48,False
5875,S-635,5,635,CR 53  CL 93,6.2855372,-75.56292327,ARANJUEZ,50,64,True
5876,S-635,6,635,CR 53  CL 93,6.2855372,-75.56292327,ARANJUEZ,50,75,True
5877,S-635,7,635,CR 53  CL 93,6.2855372,-75.56292327,ARANJUEZ,50,69,True
5878,S-635,8,635,CR 53  CL 93,6.2855372,-75.56292327,ARANJUEZ,50,57,True
5879,S-635,9,635,CR 53  CL 93,6.2855372,-75.56292327,ARANJUEZ,50,30,False
5880,S-635,10,635,CR 53  CL 93,6.2855372,-75.56292327,ARANJUEZ,50,71,True
5881,S-636,1,636,CR 55  CL 93Glorieta madre Laura cost. Suroriental,6.28546036,-75.56411663,ARANJUEZ,50,47,False
5882,S-636,2,636,CR 55  CL 93Glorieta madre Laura cost. Suroriental,6.28546036,-75.56411663,ARANJUEZ,50,77,True
5883,S-636,3,636,CR 55  CL 93Glorieta madre Laura cost. Suroriental,6.28546036,-75.56411663,ARANJUEZ,50,69,True
5884,S-636,4,636,CR 55  CL 93Glorieta madre Laura cost. Suroriental,6.28546036,-75.56411663,ARANJUEZ,50,62,True
5885,S-636,5,636,CR 55  CL 93Glorieta madre Laura cost. Suroriental,6.28546036,-75.56411663,ARANJUEZ,50,41,False
5886,S-636,6,636,CR 55  CL 93Glorieta madre Laura cost. Suroriental,6.28546036,-75.56411663,ARANJUEZ,50,37,False
5887,S-636,7,636,CR 55  CL 93Glorieta madre Laura cost. Suroriental,6.28546036,-75.56411663,ARANJUEZ,50,53,True
5888,S-636,8,636,CR 55  CL 93Glorieta madre Laura cost. Suroriental,6.28546036,-75.56411663,ARANJUEZ,50,45,False
5889,S-636,9,636,CR 55  CL 93Glorieta madre Laura cost. Suroriental,6.28546036,-75.56411663,ARANJUEZ,50,79,True
5890,S-636,10,636,CR 55  CL 93Glorieta madre Laura cost. Suroriental,6.28546036,-75.56411663,ARANJUEZ,50,33,False
5891,S-638,1,638,CR 66  CL 94,6.28816493,-75.57151914,CASTILLA,50,67,True
5892,S-638,2,638,CR 66  CL 94,6.28816493,-75.57151914,CASTILLA,50,73,True
5893,S-638,3,638,CR 66  CL 94,6.28816493,-75.57151914,CASTILLA,50,56,True
5894,S-638,4,638,CR 66  CL 94,6.28816493,-75.57151914,CASTILLA,50,38,False
5895,S-638,5,638,CR 66  CL 94,6.28816493,-75.57151914,CASTILLA,50,76,True
5896,S-638,6,638,CR 66  CL 94,6.28816493,-75.57151914,CASTILLA,50,45,False
5897,S-638,7,638,CR 66  CL 94,6.28816493,-75.57151914,CASTILLA,50,41,False
5898,S-638,8,638,CR 66  CL 94,6.28816493,-75.57151914,CASTILLA,50,60,True
5899,S-638,9,638,CR 66  CL 94,6.28816493,-75.57151914,CASTILLA,50,53,True
5900,S-638,10,638,CR 66  CL 94,6.28816493,-75.57151914,CASTILLA,50,43,False
5901,S-637,1,637,CR 66  CL 95,6.289402,-75.57110248,CASTILLA,50,74,True
5902,S-637,2,637,CR 66  CL 95,6.289402,-75.57110248,CASTILLA,50,54,True
5903,S-637,3,637,CR 66  CL 95,6.289402,-75.57110248,CASTILLA,50,63,True
5904,S-637,4,637,CR 66  CL 95,6.289402,-75.57110248,CASTILLA,50,32,False
5905,S-637,5,637,CR 66  CL 95,6.289402,-75.57110248,CASTILLA,50,53,True
5906,S-637,6,637,CR 66  CL 95,6.289402,-75.57110248,CASTILLA,50,71,True
5907,S-637,7,637,CR 66  CL 95,6.289402,-75.57110248,CASTILLA,50,38,False
5908,S-637,8,637,CR 66  CL 95,6.289402,-75.57110248,CASTILLA,50,55,True
5909,S-637,9,637,CR 66  CL 95,6.289402,-75.57110248,CASTILLA,50,49,False
5910,S-637,10,637,CR 66  CL 95,6.289402,-75.57110248,CASTILLA,50,69,True
5911,S-640,1,640,CR 65  CL 94,6.28783273,-75.57038436,CASTILLA,50,39,False
5912,S-640,2,640,CR 65  CL 94,6.28783273,-75.57038436,CASTILLA,50,48,False
5913,S-640,3,640,CR 65  CL 94,6.28783273,-75.57038436,CASTILLA,50,32,False
5914,S-640,4,640,CR 65  CL 94,6.28783273,-75.57038436,CASTILLA,50,53,True
5915,S-640,5,640,CR 65  CL 94,6.28783273,-75.57038436,CASTILLA,50,34,False
5916,S-640,6,640,CR 65  CL 94,6.28783273,-75.57038436,CASTILLA,50,32,False
5917,S-640,7,640,CR 65  CL 94,6.28783273,-75.57038436,CASTILLA,50,56,True
5918,S-640,8,640,CR 65  CL 94,6.28783273,-75.57038436,CASTILLA,50,45,False
5919,S-640,9,640,CR 65  CL 94,6.28783273,-75.57038436,CASTILLA,50,78,True
5920,S-640,10,640,CR 65  CL 94,6.28783273,-75.57038436,CASTILLA,50,44,False
5921,S-639,1,639,CR 65  CL 95,6.28917833,-75.57043284,CASTILLA,50,64,True
5922,S-639,2,639,CR 65  CL 95,6.28917833,-75.57043284,CASTILLA,50,41,False
5923,S-639,3,639,CR 65  CL 95,6.28917833,-75.57043284,CASTILLA,50,70,True
5924,S-639,4,639,CR 65  CL 95,6.28917833,-75.57043284,CASTILLA,50,73,True
5925,S-639,5,639,CR 65  CL 95,6.28917833,-75.57043284,CASTILLA,50,55,True
5926,S-639,6,639,CR 65  CL 95,6.28917833,-75.57043284,CASTILLA,50,76,True
5927,S-639,7,639,CR 65  CL 95,6.28917833,-75.57043284,CASTILLA,50,63,True
5928,S-639,8,639,CR 65  CL 95,6.28917833,-75.57043284,CASTILLA,50,52,True
5929,S-639,9,639,CR 65  CL 95,6.28917833,-75.57043284,CASTILLA,50,60,True
5930,S-639,10,639,CR 65  CL 95,6.28917833,-75.57043284,CASTILLA,50,79,True
5931,S-644,1,644,CR 43 C  CL 1 S,6.20428313,-75.57343511,EL POBLADO,50,49,False
5932,S-644,2,644,CR 43 C  CL 1 S,6.20428313,-75.57343511,EL POBLADO,50,41,False
5933,S-644,3,644,CR 43 C  CL 1 S,6.20428313,-75.57343511,EL POBLADO,50,52,True
5934,S-644,4,644,CR 43 C  CL 1 S,6.20428313,-75.57343511,EL POBLADO,50,33,False
5935,S-644,5,644,CR 43 C  CL 1 S,6.20428313,-75.57343511,EL POBLADO,50,52,True
5936,S-644,6,644,CR 43 C  CL 1 S,6.20428313,-75.57343511,EL POBLADO,50,77,True
5937,S-644,7,644,CR 43 C  CL 1 S,6.20428313,-75.57343511,EL POBLADO,50,77,True
5938,S-644,8,644,CR 43 C  CL 1 S,6.20428313,-75.57343511,EL POBLADO,50,30,False
5939,S-644,9,644,CR 43 C  CL 1 S,6.20428313,-75.57343511,EL POBLADO,50,54,True
5940,S-644,10,644,CR 43 C  CL 1 S,6.20428313,-75.57343511,EL POBLADO,50,31,False
5941,S-641,1,641,CR 53  CL 94,6.28607925,-75.56303295,ARANJUEZ,50,59,True
5942,S-641,2,641,CR 53  CL 94,6.28607925,-75.56303295,ARANJUEZ,50,32,False
5943,S-641,3,641,CR 53  CL 94,6.28607925,-75.56303295,ARANJUEZ,50,50,False
5944,S-641,4,641,CR 53  CL 94,6.28607925,-75.56303295,ARANJUEZ,50,54,True
5945,S-641,5,641,CR 53  CL 94,6.28607925,-75.56303295,ARANJUEZ,50,49,False
5946,S-641,6,641,CR 53  CL 94,6.28607925,-75.56303295,ARANJUEZ,50,78,True
5947,S-641,7,641,CR 53  CL 94,6.28607925,-75.56303295,ARANJUEZ,50,51,True
5948,S-641,8,641,CR 53  CL 94,6.28607925,-75.56303295,ARANJUEZ,50,50,False
5949,S-641,9,641,CR 53  CL 94,6.28607925,-75.56303295,ARANJUEZ,50,62,True
5950,S-641,10,641,CR 53  CL 94,6.28607925,-75.56303295,ARANJUEZ,50,67,True
5951,S-646,1,646,CR 63  CL 42Paso peatonal unidad colseguros parques del rio,6.24320596,-75.57940899,LAURELES,50,44,False
5952,S-646,2,646,CR 63  CL 42Paso peatonal unidad colseguros parques del rio,6.24320596,-75.57940899,LAURELES,50,75,True
5953,S-646,3,646,CR 63  CL 42Paso peatonal unidad colseguros parques del rio,6.24320596,-75.57940899,LAURELES,50,44,False
5954,S-646,4,646,CR 63  CL 42Paso peatonal unidad colseguros parques del rio,6.24320596,-75.57940899,LAURELES,50,75,True
5955,S-646,5,646,CR 63  CL 42Paso peatonal unidad colseguros parques del rio,6.24320596,-75.57940899,LAURELES,50,54,True
5956,S-646,6,646,CR 63  CL 42Paso peatonal unidad colseguros parques del rio,6.24320596,-75.57940899,LAURELES,50,50,False
5957,S-646,7,646,CR 63  CL 42Paso peatonal unidad colseguros parques del rio,6.24320596,-75.57940899,LAURELES,50,53,True
5958,S-646,8,646,CR 63  CL 42Paso peatonal unidad colseguros parques del rio,6.24320596,-75.57940899,LAURELES,50,34,False
5959,S-646,9,646,CR 63  CL 42Paso peatonal unidad colseguros parques del rio,6.24320596,-75.57940899,LAURELES,50,35,False
5960,S-646,10,646,CR 63  CL 42Paso peatonal unidad colseguros parques del rio,6.24320596,-75.57940899,LAURELES,50,78,True
5961,S-649,1,649,CR 41  CL 44,6.24187892,-75.56363452,LA CANDELARIA,50,72,True
5962,S-649,2,649,CR 41  CL 44,6.24187892,-75.56363452,LA CANDELARIA,50,77,True
5963,S-649,3,649,CR 41  CL 44,6.24187892,-75.56363452,LA CANDELARIA,50,73,True
5964,S-649,4,649,CR 41  CL 44,6.24187892,-75.56363452,LA CANDELARIA,50,76,True
5965,S-649,5,649,CR 41  CL 44,6.24187892,-75.56363452,LA CANDELARIA,50,52,True
5966,S-649,6,649,CR 41  CL 44,6.24187892,-75.56363452,LA CANDELARIA,50,33,False
5967,S-649,7,649,CR 41  CL 44,6.24187892,-75.56363452,LA CANDELARIA,50,56,True
5968,S-649,8,649,CR 41  CL 44,6.24187892,-75.56363452,LA CANDELARIA,50,47,False
5969,S-649,9,649,CR 41  CL 44,6.24187892,-75.56363452,LA CANDELARIA,50,50,False
5970,S-649,10,649,CR 41  CL 44,6.24187892,-75.56363452,LA CANDELARIA,50,57,True
5971,S-435,1,435,CR 66 A  CL 33 - LAT ORIENTAL,6.23926164,-75.58707702,BELEN,50,64,True
5972,S-435,2,435,CR 66 A  CL 33 - LAT ORIENTAL,6.23926164,-75.58707702,BELEN,50,51,True
5973,S-435,3,435,CR 66 A  CL 33 - LAT ORIENTAL,6.23926164,-75.58707702,BELEN,50,69,True
5974,S-435,4,435,CR 66 A  CL 33 - LAT ORIENTAL,6.23926164,-75.58707702,BELEN,50,52,True
5975,S-435,5,435,CR 66 A  CL 33 - LAT ORIENTAL,6.23926164,-75.58707702,BELEN,50,32,False
5976,S-435,6,435,CR 66 A  CL 33 - LAT ORIENTAL,6.23926164,-75.58707702,BELEN,50,69,True
5977,S-435,7,435,CR 66 A  CL 33 - LAT ORIENTAL,6.23926164,-75.58707702,BELEN,50,79,True
5978,S-435,8,435,CR 66 A  CL 33 - LAT ORIENTAL,6.23926164,-75.58707702,BELEN,50,39,False
5979,S-435,9,435,CR 66 A  CL 33 - LAT ORIENTAL,6.23926164,-75.58707702,BELEN,50,54,True
5980,S-435,10,435,CR 66 A  CL 33 - LAT ORIENTAL,6.23926164,-75.58707702,BELEN,50,78,True
5981,S-1039,1,1039,CR 73 CL 51,6.26043221,-75.58879765,LAURELES,50,37,False
5982,S-1039,2,1039,CR 73 CL 51,6.26043221,-75.58879765,LAURELES,50,40,False
5983,S-1039,3,1039,CR 73 CL 51,6.26043221,-75.58879765,LAURELES,50,34,False
5984,S-1039,4,1039,CR 73 CL 51,6.26043221,-75.58879765,LAURELES,50,74,True
5985,S-1039,5,1039,CR 73 CL 51,6.26043221,-75.58879765,LAURELES,50,66,True
5986,S-1039,6,1039,CR 73 CL 51,6.26043221,-75.58879765,LAURELES,50,74,True
5987,S-1039,7,1039,CR 73 CL 51,6.26043221,-75.58879765,LAURELES,50,67,True
5988,S-1039,8,1039,CR 73 CL 51,6.26043221,-75.58879765,LAURELES,50,58,True
5989,S-1039,9,1039,CR 73 CL 51,6.26043221,-75.58879765,LAURELES,50,34,False
5990,S-1039,10,1039,CR 73 CL 51,6.26043221,-75.58879765,LAURELES,50,38,False
5991,S-1068,1,1068,carrera 12,6.23241499,-75.59210895,BELEN,50,77,True
5992,S-1068,2,1068,carrera 12,6.23241499,-75.59210895,BELEN,50,31,False
5993,S-1068,3,1068,carrera 12,6.23241499,-75.59210895,BELEN,50,30,False
5994,S-1068,4,1068,carrera 12,6.23241499,-75.59210895,BELEN,50,69,True
5995,S-1068,5,1068,carrera 12,6.23241499,-75.59210895,BELEN,50,80,True
5996,S-1068,6,1068,carrera 12,6.23241499,-75.59210895,BELEN,50,59,True
5997,S-1068,7,1068,carrera 12,6.23241499,-75.59210895,BELEN,50,40,False
5998,S-1068,8,1068,carrera 12,6.23241499,-75.59210895,BELEN,50,57,True
5999,S-1068,9,1068,carrera 12,6.23241499,-75.59210895,BELEN,50,73,True
6000,S-1068,10,1068,carrera 12,6.23241499,-75.59210895,BELEN,50,41,False
6001,S-1036,1,1036,CR 55 X CL 53,6.25360872,-75.57078572,LA CANDELARIA,50,68,True
6002,S-1036,2,1036,CR 55 X CL 53,6.25360872,-75.57078572,LA CANDELARIA,50,55,True
6003,S-1036,3,1036,CR 55 X CL 53,6.25360872,-75.57078572,LA CANDELARIA,50,42,False
6004,S-1036,4,1036,CR 55 X CL 53,6.25360872,-75.57078572,LA CANDELARIA,50,37,False
6005,S-1036,5,1036,CR 55 X CL 53,6.25360872,-75.57078572,LA CANDELARIA,50,57,True
6006,S-1036,6,1036,CR 55 X CL 53,6.25360872,-75.57078572,LA CANDELARIA,50,59,True
6007,S-1036,7,1036,CR 55 X CL 53,6.25360872,-75.57078572,LA CANDELARIA,50,38,False
6008,S-1036,8,1036,CR 55 X CL 53,6.25360872,-75.57078572,LA CANDELARIA,50,68,True
6009,S-1036,9,1036,CR 55 X CL 53,6.25360872,-75.57078572,LA CANDELARIA,50,60,True
6010,S-1036,10,1036,CR 55 X CL 53,6.25360872,-75.57078572,LA CANDELARIA,50,50,False
6011,S-1037,1,1037,CR 55 CL 52,6.25304987,-75.57121674,LA CANDELARIA,50,76,True
6012,S-1037,2,1037,CR 55 CL 52,6.25304987,-75.57121674,LA CANDELARIA,50,63,True
6013,S-1037,3,1037,CR 55 CL 52,6.25304987,-75.57121674,LA CANDELARIA,50,60,True
6014,S-1037,4,1037,CR 55 CL 52,6.25304987,-75.57121674,LA CANDELARIA,50,54,True
6015,S-1037,5,1037,CR 55 CL 52,6.25304987,-75.57121674,LA CANDELARIA,50,41,False
6016,S-1037,6,1037,CR 55 CL 52,6.25304987,-75.57121674,LA CANDELARIA,50,30,False
6017,S-1037,7,1037,CR 55 CL 52,6.25304987,-75.57121674,LA CANDELARIA,50,51,True
6018,S-1037,8,1037,CR 55 CL 52,6.25304987,-75.57121674,LA CANDELARIA,50,69,True
6019,S-1037,9,1037,CR 55 CL 52,6.25304987,-75.57121674,LA CANDELARIA,50,66,True
6020,S-1037,10,1037,CR 55 CL 52,6.25304987,-75.57121674,LA CANDELARIA,50,76,True
6021,S-1038,1,1038,CR 73 CL 50,6.25988204,-75.58900996,LAURELES,50,30,False
6022,S-1038,2,1038,CR 73 CL 50,6.25988204,-75.58900996,LAURELES,50,30,False
6023,S-1038,3,1038,CR 73 CL 50,6.25988204,-75.58900996,LAURELES,50,71,True
6024,S-1038,4,1038,CR 73 CL 50,6.25988204,-75.58900996,LAURELES,50,71,True
6025,S-1038,5,1038,CR 73 CL 50,6.25988204,-75.58900996,LAURELES,50,50,False
6026,S-1038,6,1038,CR 73 CL 50,6.25988204,-75.58900996,LAURELES,50,44,False
6027,S-1038,7,1038,CR 73 CL 50,6.25988204,-75.58900996,LAURELES,50,46,False
6028,S-1038,8,1038,CR 73 CL 50,6.25988204,-75.58900996,LAURELES,50,51,True
6029,S-1038,9,1038,CR 73 CL 50,6.25988204,-75.58900996,LAURELES,50,67,True
6030,S-1038,10,1038,CR 73 CL 50,6.25988204,-75.58900996,LAURELES,50,64,True
6031,S-647,1,647,CR 41  CL 46,6.24258368,-75.56314735,LA CANDELARIA,50,74,True
6032,S-647,2,647,CR 41  CL 46,6.24258368,-75.56314735,LA CANDELARIA,50,45,False
6033,S-647,3,647,CR 41  CL 46,6.24258368,-75.56314735,LA CANDELARIA,50,37,False
6034,S-647,4,647,CR 41  CL 46,6.24258368,-75.56314735,LA CANDELARIA,50,76,True
6035,S-647,5,647,CR 41  CL 46,6.24258368,-75.56314735,LA CANDELARIA,50,46,False
6036,S-647,6,647,CR 41  CL 46,6.24258368,-75.56314735,LA CANDELARIA,50,46,False
6037,S-647,7,647,CR 41  CL 46,6.24258368,-75.56314735,LA CANDELARIA,50,55,True
6038,S-647,8,647,CR 41  CL 46,6.24258368,-75.56314735,LA CANDELARIA,50,42,False
6039,S-647,9,647,CR 41  CL 46,6.24258368,-75.56314735,LA CANDELARIA,50,46,False
6040,S-647,10,647,CR 41  CL 46,6.24258368,-75.56314735,LA CANDELARIA,50,67,True
6041,S-648,1,648,CR 41  CL 47,6.24360097,-75.56261729,LA CANDELARIA,50,46,False
6042,S-648,2,648,CR 41  CL 47,6.24360097,-75.56261729,LA CANDELARIA,50,77,True
6043,S-648,3,648,CR 41  CL 47,6.24360097,-75.56261729,LA CANDELARIA,50,43,False
6044,S-648,4,648,CR 41  CL 47,6.24360097,-75.56261729,LA CANDELARIA,50,74,True
6045,S-648,5,648,CR 41  CL 47,6.24360097,-75.56261729,LA CANDELARIA,50,35,False
6046,S-648,6,648,CR 41  CL 47,6.24360097,-75.56261729,LA CANDELARIA,50,64,True
6047,S-648,7,648,CR 41  CL 47,6.24360097,-75.56261729,LA CANDELARIA,50,75,True
6048,S-648,8,648,CR 41  CL 47,6.24360097,-75.56261729,LA CANDELARIA,50,43,False
6049,S-648,9,648,CR 41  CL 47,6.24360097,-75.56261729,LA CANDELARIA,50,76,True
6050,S-648,10,648,CR 41  CL 47,6.24360097,-75.56261729,LA CANDELARIA,50,37,False
6051,S-650,1,650,CR 40  CL 47,6.24324448,-75.56192407,LA CANDELARIA,50,44,False
6052,S-650,2,650,CR 40  CL 47,6.24324448,-75.56192407,LA CANDELARIA,50,56,True
6053,S-650,3,650,CR 40  CL 47,6.24324448,-75.56192407,LA CANDELARIA,50,42,False
6054,S-650,4,650,CR 40  CL 47,6.24324448,-75.56192407,LA CANDELARIA,50,78,True
6055,S-650,5,650,CR 40  CL 47,6.24324448,-75.56192407,LA CANDELARIA,50,60,True
6056,S-650,6,650,CR 40  CL 47,6.24324448,-75.56192407,LA CANDELARIA,50,64,True
6057,S-650,7,650,CR 40  CL 47,6.24324448,-75.56192407,LA CANDELARIA,50,35,False
6058,S-650,8,650,CR 40  CL 47,6.24324448,-75.56192407,LA CANDELARIA,50,34,False
6059,S-650,9,650,CR 40  CL 47,6.24324448,-75.56192407,LA CANDELARIA,50,51,True
6060,S-650,10,650,CR 40  CL 47,6.24324448,-75.56192407,LA CANDELARIA,50,78,True
6061,S-651,1,651,CR 40  CL 48,6.24415483,-75.56144802,LA CANDELARIA,50,52,True
6062,S-651,2,651,CR 40  CL 48,6.24415483,-75.56144802,LA CANDELARIA,50,54,True
6063,S-651,3,651,CR 40  CL 48,6.24415483,-75.56144802,LA CANDELARIA,50,63,True
6064,S-651,4,651,CR 40  CL 48,6.24415483,-75.56144802,LA CANDELARIA,50,55,True
6065,S-651,5,651,CR 40  CL 48,6.24415483,-75.56144802,LA CANDELARIA,50,76,True
6066,S-651,6,651,CR 40  CL 48,6.24415483,-75.56144802,LA CANDELARIA,50,34,False
6067,S-651,7,651,CR 40  CL 48,6.24415483,-75.56144802,LA CANDELARIA,50,55,True
6068,S-651,8,651,CR 40  CL 48,6.24415483,-75.56144802,LA CANDELARIA,50,49,False
6069,S-651,9,651,CR 40  CL 48,6.24415483,-75.56144802,LA CANDELARIA,50,35,False
6070,S-651,10,651,CR 40  CL 48,6.24415483,-75.56144802,LA CANDELARIA,50,35,False
6071,S-654,1,654,CR 85  CL 76,6.27838783,-75.59323606,ROBLEDO,50,79,True
6072,S-654,2,654,CR 85  CL 76,6.27838783,-75.59323606,ROBLEDO,50,47,False
6073,S-654,3,654,CR 85  CL 76,6.27838783,-75.59323606,ROBLEDO,50,33,False
6074,S-654,4,654,CR 85  CL 76,6.27838783,-75.59323606,ROBLEDO,50,46,False
6075,S-654,5,654,CR 85  CL 76,6.27838783,-75.59323606,ROBLEDO,50,43,False
6076,S-654,6,654,CR 85  CL 76,6.27838783,-75.59323606,ROBLEDO,50,43,False
6077,S-654,7,654,CR 85  CL 76,6.27838783,-75.59323606,ROBLEDO,50,42,False
6078,S-654,8,654,CR 85  CL 76,6.27838783,-75.59323606,ROBLEDO,50,36,False
6079,S-654,9,654,CR 85  CL 76,6.27838783,-75.59323606,ROBLEDO,50,73,True
6080,S-654,10,654,CR 85  CL 76,6.27838783,-75.59323606,ROBLEDO,50,44,False
6081,S-653,1,653,CR 40  CL 55,6.24924703,-75.55871778,LA CANDELARIA,50,48,False
6082,S-653,2,653,CR 40  CL 55,6.24924703,-75.55871778,LA CANDELARIA,50,72,True
6083,S-653,3,653,CR 40  CL 55,6.24924703,-75.55871778,LA CANDELARIA,50,76,True
6084,S-653,4,653,CR 40  CL 55,6.24924703,-75.55871778,LA CANDELARIA,50,73,True
6085,S-653,5,653,CR 40  CL 55,6.24924703,-75.55871778,LA CANDELARIA,50,64,True
6086,S-653,6,653,CR 40  CL 55,6.24924703,-75.55871778,LA CANDELARIA,50,46,False
6087,S-653,7,653,CR 40  CL 55,6.24924703,-75.55871778,LA CANDELARIA,50,64,True
6088,S-653,8,653,CR 40  CL 55,6.24924703,-75.55871778,LA CANDELARIA,50,48,False
6089,S-653,9,653,CR 40  CL 55,6.24924703,-75.55871778,LA CANDELARIA,50,49,False
6090,S-653,10,653,CR 40  CL 55,6.24924703,-75.55871778,LA CANDELARIA,50,65,True
6091,S-656,1,656,CR 54  CL 45,6.24688749,-75.57319865,LA CANDELARIA,50,64,True
6092,S-656,2,656,CR 54  CL 45,6.24688749,-75.57319865,LA CANDELARIA,50,61,True
6093,S-656,3,656,CR 54  CL 45,6.24688749,-75.57319865,LA CANDELARIA,50,77,True
6094,S-656,4,656,CR 54  CL 45,6.24688749,-75.57319865,LA CANDELARIA,50,73,True
6095,S-656,5,656,CR 54  CL 45,6.24688749,-75.57319865,LA CANDELARIA,50,69,True
6096,S-656,6,656,CR 54  CL 45,6.24688749,-75.57319865,LA CANDELARIA,50,53,True
6097,S-656,7,656,CR 54  CL 45,6.24688749,-75.57319865,LA CANDELARIA,50,46,False
6098,S-656,8,656,CR 54  CL 45,6.24688749,-75.57319865,LA CANDELARIA,50,36,False
6099,S-656,9,656,CR 54  CL 45,6.24688749,-75.57319865,LA CANDELARIA,50,72,True
6100,S-656,10,656,CR 54  CL 45,6.24688749,-75.57319865,LA CANDELARIA,50,79,True
6101,S-655,1,655,CR 55  CL 97,6.29057579,-75.56278784,ARANJUEZ,50,30,False
6102,S-655,2,655,CR 55  CL 97,6.29057579,-75.56278784,ARANJUEZ,50,64,True
6103,S-655,3,655,CR 55  CL 97,6.29057579,-75.56278784,ARANJUEZ,50,61,True
6104,S-655,4,655,CR 55  CL 97,6.29057579,-75.56278784,ARANJUEZ,50,65,True
6105,S-655,5,655,CR 55  CL 97,6.29057579,-75.56278784,ARANJUEZ,50,42,False
6106,S-655,6,655,CR 55  CL 97,6.29057579,-75.56278784,ARANJUEZ,50,35,False
6107,S-655,7,655,CR 55  CL 97,6.29057579,-75.56278784,ARANJUEZ,50,43,False
6108,S-655,8,655,CR 55  CL 97,6.29057579,-75.56278784,ARANJUEZ,50,66,True
6109,S-655,9,655,CR 55  CL 97,6.29057579,-75.56278784,ARANJUEZ,50,77,True
6110,S-655,10,655,CR 55  CL 97,6.29057579,-75.56278784,ARANJUEZ,50,44,False
6111,S-657,1,657,CR 32  CL 45,6.23874374,-75.55580241,BUENOS AIRES,50,76,True
6112,S-657,2,657,CR 32  CL 45,6.23874374,-75.55580241,BUENOS AIRES,50,33,False
6113,S-657,3,657,CR 32  CL 45,6.23874374,-75.55580241,BUENOS AIRES,50,69,True
6114,S-657,4,657,CR 32  CL 45,6.23874374,-75.55580241,BUENOS AIRES,50,45,False
6115,S-657,5,657,CR 32  CL 45,6.23874374,-75.55580241,BUENOS AIRES,50,57,True
6116,S-657,6,657,CR 32  CL 45,6.23874374,-75.55580241,BUENOS AIRES,50,45,False
6117,S-657,7,657,CR 32  CL 45,6.23874374,-75.55580241,BUENOS AIRES,50,33,False
6118,S-657,8,657,CR 32  CL 45,6.23874374,-75.55580241,BUENOS AIRES,50,74,True
6119,S-657,9,657,CR 32  CL 45,6.23874374,-75.55580241,BUENOS AIRES,50,55,True
6120,S-657,10,657,CR 32  CL 45,6.23874374,-75.55580241,BUENOS AIRES,50,57,True
6121,S-652,1,652,CR 30  CL 47,6.23915769,-75.55380528,BUENOS AIRES,50,61,True
6122,S-652,2,652,CR 30  CL 47,6.23915769,-75.55380528,BUENOS AIRES,50,74,True
6123,S-652,3,652,CR 30  CL 47,6.23915769,-75.55380528,BUENOS AIRES,50,31,False
6124,S-652,4,652,CR 30  CL 47,6.23915769,-75.55380528,BUENOS AIRES,50,60,True
6125,S-652,5,652,CR 30  CL 47,6.23915769,-75.55380528,BUENOS AIRES,50,32,False
6126,S-652,6,652,CR 30  CL 47,6.23915769,-75.55380528,BUENOS AIRES,50,37,False
6127,S-652,7,652,CR 30  CL 47,6.23915769,-75.55380528,BUENOS AIRES,50,53,True
6128,S-652,8,652,CR 30  CL 47,6.23915769,-75.55380528,BUENOS AIRES,50,44,False
6129,S-652,9,652,CR 30  CL 47,6.23915769,-75.55380528,BUENOS AIRES,50,72,True
6130,S-652,10,652,CR 30  CL 47,6.23915769,-75.55380528,BUENOS AIRES,50,60,True
6131,S-658,1,658,CR 36  CL 47,6.24121295,-75.55805723,BUENOS AIRES,50,38,False
6132,S-658,2,658,CR 36  CL 47,6.24121295,-75.55805723,BUENOS AIRES,50,68,True
6133,S-658,3,658,CR 36  CL 47,6.24121295,-75.55805723,BUENOS AIRES,50,74,True
6134,S-658,4,658,CR 36  CL 47,6.24121295,-75.55805723,BUENOS AIRES,50,31,False
6135,S-658,5,658,CR 36  CL 47,6.24121295,-75.55805723,BUENOS AIRES,50,37,False
6136,S-658,6,658,CR 36  CL 47,6.24121295,-75.55805723,BUENOS AIRES,50,36,False
6137,S-658,7,658,CR 36  CL 47,6.24121295,-75.55805723,BUENOS AIRES,50,73,True
6138,S-658,8,658,CR 36  CL 47,6.24121295,-75.55805723,BUENOS AIRES,50,80,True
6139,S-658,9,658,CR 36  CL 47,6.24121295,-75.55805723,BUENOS AIRES,50,68,True
6140,S-658,10,658,CR 36  CL 47,6.24121295,-75.55805723,BUENOS AIRES,50,71,True
6141,S-659,1,659,CR 52  CL 100,6.29296348,-75.5616794,SANTA CRUZ,50,45,False
6142,S-659,2,659,CR 52  CL 100,6.29296348,-75.5616794,SANTA CRUZ,50,64,True
6143,S-659,3,659,CR 52  CL 100,6.29296348,-75.5616794,SANTA CRUZ,50,59,True
6144,S-659,4,659,CR 52  CL 100,6.29296348,-75.5616794,SANTA CRUZ,50,39,False
6145,S-659,5,659,CR 52  CL 100,6.29296348,-75.5616794,SANTA CRUZ,50,67,True
6146,S-659,6,659,CR 52  CL 100,6.29296348,-75.5616794,SANTA CRUZ,50,47,False
6147,S-659,7,659,CR 52  CL 100,6.29296348,-75.5616794,SANTA CRUZ,50,79,True
6148,S-659,8,659,CR 52  CL 100,6.29296348,-75.5616794,SANTA CRUZ,50,34,False
6149,S-659,9,659,CR 52  CL 100,6.29296348,-75.5616794,SANTA CRUZ,50,58,True
6150,S-659,10,659,CR 52  CL 100,6.29296348,-75.5616794,SANTA CRUZ,50,68,True
6151,S-660,1,660,CR 64  CL 94,6.28761618,-75.56924145,,50,63,True
6152,S-660,2,660,CR 64  CL 94,6.28761618,-75.56924145,,50,72,True
6153,S-660,3,660,CR 64  CL 94,6.28761618,-75.56924145,,50,74,True
6154,S-660,4,660,CR 64  CL 94,6.28761618,-75.56924145,,50,52,True
6155,S-660,5,660,CR 64  CL 94,6.28761618,-75.56924145,,50,34,False
6156,S-660,6,660,CR 64  CL 94,6.28761618,-75.56924145,,50,59,True
6157,S-660,7,660,CR 64  CL 94,6.28761618,-75.56924145,,50,35,False
6158,S-660,8,660,CR 64  CL 94,6.28761618,-75.56924145,,50,75,True
6159,S-660,9,660,CR 64  CL 94,6.28761618,-75.56924145,,50,73,True
6160,S-660,10,660,CR 64  CL 94,6.28761618,-75.56924145,,50,33,False
6161,S-661,1,661,CR 44  CL 49,6.24678617,-75.56439962,LA CANDELARIA,50,58,True
6162,S-661,2,661,CR 44  CL 49,6.24678617,-75.56439962,LA CANDELARIA,50,52,True
6163,S-661,3,661,CR 44  CL 49,6.24678617,-75.56439962,LA CANDELARIA,50,35,False
6164,S-661,4,661,CR 44  CL 49,6.24678617,-75.56439962,LA CANDELARIA,50,61,True
6165,S-661,5,661,CR 44  CL 49,6.24678617,-75.56439962,LA CANDELARIA,50,71,True
6166,S-661,6,661,CR 44  CL 49,6.24678617,-75.56439962,LA CANDELARIA,50,47,False
6167,S-661,7,661,CR 44  CL 49,6.24678617,-75.56439962,LA CANDELARIA,50,44,False
6168,S-661,8,661,CR 44  CL 49,6.24678617,-75.56439962,LA CANDELARIA,50,69,True
6169,S-661,9,661,CR 44  CL 49,6.24678617,-75.56439962,LA CANDELARIA,50,61,True
6170,S-661,10,661,CR 44  CL 49,6.24678617,-75.56439962,LA CANDELARIA,50,38,False
6171,S-662,1,662,CR 42  CL 49,6.2458558,-75.56259915,LA CANDELARIA,50,66,True
6172,S-662,2,662,CR 42  CL 49,6.2458558,-75.56259915,LA CANDELARIA,50,39,False
6173,S-662,3,662,CR 42  CL 49,6.2458558,-75.56259915,LA CANDELARIA,50,49,False
6174,S-662,4,662,CR 42  CL 49,6.2458558,-75.56259915,LA CANDELARIA,50,35,False
6175,S-662,5,662,CR 42  CL 49,6.2458558,-75.56259915,LA CANDELARIA,50,77,True
6176,S-662,6,662,CR 42  CL 49,6.2458558,-75.56259915,LA CANDELARIA,50,32,False
6177,S-662,7,662,CR 42  CL 49,6.2458558,-75.56259915,LA CANDELARIA,50,71,True
6178,S-662,8,662,CR 42  CL 49,6.2458558,-75.56259915,LA CANDELARIA,50,40,False
6179,S-662,9,662,CR 42  CL 49,6.2458558,-75.56259915,LA CANDELARIA,50,72,True
6180,S-662,10,662,CR 42  CL 49,6.2458558,-75.56259915,LA CANDELARIA,50,46,False
6181,S-663,1,663,CR 40  CL 49,6.24504369,-75.56100802,LA CANDELARIA,50,61,True
6182,S-663,2,663,CR 40  CL 49,6.24504369,-75.56100802,LA CANDELARIA,50,33,False
6183,S-663,3,663,CR 40  CL 49,6.24504369,-75.56100802,LA CANDELARIA,50,33,False
6184,S-663,4,663,CR 40  CL 49,6.24504369,-75.56100802,LA CANDELARIA,50,46,False
6185,S-663,5,663,CR 40  CL 49,6.24504369,-75.56100802,LA CANDELARIA,50,70,True
6186,S-663,6,663,CR 40  CL 49,6.24504369,-75.56100802,LA CANDELARIA,50,48,False
6187,S-663,7,663,CR 40  CL 49,6.24504369,-75.56100802,LA CANDELARIA,50,34,False
6188,S-663,8,663,CR 40  CL 49,6.24504369,-75.56100802,LA CANDELARIA,50,61,True
6189,S-663,9,663,CR 40  CL 49,6.24504369,-75.56100802,LA CANDELARIA,50,51,True
6190,S-663,10,663,CR 40  CL 49,6.24504369,-75.56100802,LA CANDELARIA,50,35,False
6191,S-664,1,664,CR 36A  CL 49,6.24330752,-75.55758959,BUENOS AIRES,50,64,True
6192,S-664,2,664,CR 36A  CL 49,6.24330752,-75.55758959,BUENOS AIRES,50,51,True
6193,S-664,3,664,CR 36A  CL 49,6.24330752,-75.55758959,BUENOS AIRES,50,30,False
6194,S-664,4,664,CR 36A  CL 49,6.24330752,-75.55758959,BUENOS AIRES,50,49,False
6195,S-664,5,664,CR 36A  CL 49,6.24330752,-75.55758959,BUENOS AIRES,50,51,True
6196,S-664,6,664,CR 36A  CL 49,6.24330752,-75.55758959,BUENOS AIRES,50,77,True
6197,S-664,7,664,CR 36A  CL 49,6.24330752,-75.55758959,BUENOS AIRES,50,40,False
6198,S-664,8,664,CR 36A  CL 49,6.24330752,-75.55758959,BUENOS AIRES,50,42,False
6199,S-664,9,664,CR 36A  CL 49,6.24330752,-75.55758959,BUENOS AIRES,50,71,True
6200,S-664,10,664,CR 36A  CL 49,6.24330752,-75.55758959,BUENOS AIRES,50,32,False
6201,S-665,1,665,CR 36  CL 49,6.24300031,-75.55699768,BUENOS AIRES,50,38,False
6202,S-665,2,665,CR 36  CL 49,6.24300031,-75.55699768,BUENOS AIRES,50,41,False
6203,S-665,3,665,CR 36  CL 49,6.24300031,-75.55699768,BUENOS AIRES,50,52,True
6204,S-665,4,665,CR 36  CL 49,6.24300031,-75.55699768,BUENOS AIRES,50,43,False
6205,S-665,5,665,CR 36  CL 49,6.24300031,-75.55699768,BUENOS AIRES,50,62,True
6206,S-665,6,665,CR 36  CL 49,6.24300031,-75.55699768,BUENOS AIRES,50,47,False
6207,S-665,7,665,CR 36  CL 49,6.24300031,-75.55699768,BUENOS AIRES,50,78,True
6208,S-665,8,665,CR 36  CL 49,6.24300031,-75.55699768,BUENOS AIRES,50,70,True
6209,S-665,9,665,CR 36  CL 49,6.24300031,-75.55699768,BUENOS AIRES,50,38,False
6210,S-665,10,665,CR 36  CL 49,6.24300031,-75.55699768,BUENOS AIRES,50,52,True
6211,S-709,1,709,CR 65  TV 22,6.22461913,-75.58385836,GUAYABAL,50,39,False
6212,S-709,2,709,CR 65  TV 22,6.22461913,-75.58385836,GUAYABAL,50,48,False
6213,S-709,3,709,CR 65  TV 22,6.22461913,-75.58385836,GUAYABAL,50,76,True
6214,S-709,4,709,CR 65  TV 22,6.22461913,-75.58385836,GUAYABAL,50,34,False
6215,S-709,5,709,CR 65  TV 22,6.22461913,-75.58385836,GUAYABAL,50,76,True
6216,S-709,6,709,CR 65  TV 22,6.22461913,-75.58385836,GUAYABAL,50,52,True
6217,S-709,7,709,CR 65  TV 22,6.22461913,-75.58385836,GUAYABAL,50,59,True
6218,S-709,8,709,CR 65  TV 22,6.22461913,-75.58385836,GUAYABAL,50,54,True
6219,S-709,9,709,CR 65  TV 22,6.22461913,-75.58385836,GUAYABAL,50,57,True
6220,S-709,10,709,CR 65  TV 22,6.22461913,-75.58385836,GUAYABAL,50,63,True
6221,S-710,1,710,CR 67  CL 73,6.27350154,-75.5790305,CASTILLA,50,74,True
6222,S-710,2,710,CR 67  CL 73,6.27350154,-75.5790305,CASTILLA,50,77,True
6223,S-710,3,710,CR 67  CL 73,6.27350154,-75.5790305,CASTILLA,50,76,True
6224,S-710,4,710,CR 67  CL 73,6.27350154,-75.5790305,CASTILLA,50,54,True
6225,S-710,5,710,CR 67  CL 73,6.27350154,-75.5790305,CASTILLA,50,39,False
6226,S-710,6,710,CR 67  CL 73,6.27350154,-75.5790305,CASTILLA,50,43,False
6227,S-710,7,710,CR 67  CL 73,6.27350154,-75.5790305,CASTILLA,50,71,True
6228,S-710,8,710,CR 67  CL 73,6.27350154,-75.5790305,CASTILLA,50,75,True
6229,S-710,9,710,CR 67  CL 73,6.27350154,-75.5790305,CASTILLA,50,59,True
6230,S-710,10,710,CR 67  CL 73,6.27350154,-75.5790305,CASTILLA,50,70,True
6231,S-711,1,711,CR 43  CL 31,6.23128063,-75.56880383,LA CANDELARIA,50,54,True
6232,S-711,2,711,CR 43  CL 31,6.23128063,-75.56880383,LA CANDELARIA,50,43,False
6233,S-711,3,711,CR 43  CL 31,6.23128063,-75.56880383,LA CANDELARIA,50,64,True
6234,S-711,4,711,CR 43  CL 31,6.23128063,-75.56880383,LA CANDELARIA,50,77,True
6235,S-711,5,711,CR 43  CL 31,6.23128063,-75.56880383,LA CANDELARIA,50,63,True
6236,S-711,6,711,CR 43  CL 31,6.23128063,-75.56880383,LA CANDELARIA,50,39,False
6237,S-711,7,711,CR 43  CL 31,6.23128063,-75.56880383,LA CANDELARIA,50,64,True
6238,S-711,8,711,CR 43  CL 31,6.23128063,-75.56880383,LA CANDELARIA,50,40,False
6239,S-711,9,711,CR 43  CL 31,6.23128063,-75.56880383,LA CANDELARIA,50,40,False
6240,S-711,10,711,CR 43  CL 31,6.23128063,-75.56880383,LA CANDELARIA,50,50,False
6241,S-712,1,712,CR 26B  CL 20A S,6.18024857,-75.56561565,EL POBLADO,50,50,False
6242,S-712,2,712,CR 26B  CL 20A S,6.18024857,-75.56561565,EL POBLADO,50,51,True
6243,S-712,3,712,CR 26B  CL 20A S,6.18024857,-75.56561565,EL POBLADO,50,74,True
6244,S-712,4,712,CR 26B  CL 20A S,6.18024857,-75.56561565,EL POBLADO,50,36,False
6245,S-712,5,712,CR 26B  CL 20A S,6.18024857,-75.56561565,EL POBLADO,50,46,False
6246,S-712,6,712,CR 26B  CL 20A S,6.18024857,-75.56561565,EL POBLADO,50,31,False
6247,S-712,7,712,CR 26B  CL 20A S,6.18024857,-75.56561565,EL POBLADO,50,41,False
6248,S-712,8,712,CR 26B  CL 20A S,6.18024857,-75.56561565,EL POBLADO,50,71,True
6249,S-712,9,712,CR 26B  CL 20A S,6.18024857,-75.56561565,EL POBLADO,50,47,False
6250,S-712,10,712,CR 26B  CL 20A S,6.18024857,-75.56561565,EL POBLADO,50,40,False
6251,S-713,1,713,CR 83  CL 32,6.23370493,-75.60636036,BELEN,50,45,False
6252,S-713,2,713,CR 83  CL 32,6.23370493,-75.60636036,BELEN,50,78,True
6253,S-713,3,713,CR 83  CL 32,6.23370493,-75.60636036,BELEN,50,80,True
6254,S-713,4,713,CR 83  CL 32,6.23370493,-75.60636036,BELEN,50,47,False
6255,S-713,5,713,CR 83  CL 32,6.23370493,-75.60636036,BELEN,50,64,True
6256,S-713,6,713,CR 83  CL 32,6.23370493,-75.60636036,BELEN,50,55,True
6257,S-713,7,713,CR 83  CL 32,6.23370493,-75.60636036,BELEN,50,45,False
6258,S-713,8,713,CR 83  CL 32,6.23370493,-75.60636036,BELEN,50,35,False
6259,S-713,9,713,CR 83  CL 32,6.23370493,-75.60636036,BELEN,50,73,True
6260,S-713,10,713,CR 83  CL 32,6.23370493,-75.60636036,BELEN,50,72,True
6261,S-714,1,714,CR 50  CL 35,6.23625332,-75.57325669,LA CANDELARIA,50,76,True
6262,S-714,2,714,CR 50  CL 35,6.23625332,-75.57325669,LA CANDELARIA,50,76,True
6263,S-714,3,714,CR 50  CL 35,6.23625332,-75.57325669,LA CANDELARIA,50,77,True
6264,S-714,4,714,CR 50  CL 35,6.23625332,-75.57325669,LA CANDELARIA,50,71,True
6265,S-714,5,714,CR 50  CL 35,6.23625332,-75.57325669,LA CANDELARIA,50,41,False
6266,S-714,6,714,CR 50  CL 35,6.23625332,-75.57325669,LA CANDELARIA,50,42,False
6267,S-714,7,714,CR 50  CL 35,6.23625332,-75.57325669,LA CANDELARIA,50,33,False
6268,S-714,8,714,CR 50  CL 35,6.23625332,-75.57325669,LA CANDELARIA,50,68,True
6269,S-714,9,714,CR 50  CL 35,6.23625332,-75.57325669,LA CANDELARIA,50,31,False
6270,S-714,10,714,CR 50  CL 35,6.23625332,-75.57325669,LA CANDELARIA,50,55,True
6271,S-716,1,716,CR 60  CL 41,6.24219717,-75.57763645,,50,56,True
6272,S-716,2,716,CR 60  CL 41,6.24219717,-75.57763645,,50,56,True
6273,S-716,3,716,CR 60  CL 41,6.24219717,-75.57763645,,50,44,False
6274,S-716,4,716,CR 60  CL 41,6.24219717,-75.57763645,,50,37,False
6275,S-716,5,716,CR 60  CL 41,6.24219717,-75.57763645,,50,36,False
6276,S-716,6,716,CR 60  CL 41,6.24219717,-75.57763645,,50,76,True
6277,S-716,7,716,CR 60  CL 41,6.24219717,-75.57763645,,50,75,True
6278,S-716,8,716,CR 60  CL 41,6.24219717,-75.57763645,,50,69,True
6279,S-716,9,716,CR 60  CL 41,6.24219717,-75.57763645,,50,41,False
6280,S-716,10,716,CR 60  CL 41,6.24219717,-75.57763645,,50,42,False
6281,S-717,1,717,CR 60  CL 42,6.24421443,-75.57831091,LA CANDELARIA,50,72,True
6282,S-717,2,717,CR 60  CL 42,6.24421443,-75.57831091,LA CANDELARIA,50,46,False
6283,S-717,3,717,CR 60  CL 42,6.24421443,-75.57831091,LA CANDELARIA,50,46,False
6284,S-717,4,717,CR 60  CL 42,6.24421443,-75.57831091,LA CANDELARIA,50,65,True
6285,S-717,5,717,CR 60  CL 42,6.24421443,-75.57831091,LA CANDELARIA,50,50,False
6286,S-717,6,717,CR 60  CL 42,6.24421443,-75.57831091,LA CANDELARIA,50,37,False
6287,S-717,7,717,CR 60  CL 42,6.24421443,-75.57831091,LA CANDELARIA,50,34,False
6288,S-717,8,717,CR 60  CL 42,6.24421443,-75.57831091,LA CANDELARIA,50,55,True
6289,S-717,9,717,CR 60  CL 42,6.24421443,-75.57831091,LA CANDELARIA,50,45,False
6290,S-717,10,717,CR 60  CL 42,6.24421443,-75.57831091,LA CANDELARIA,50,65,True
6291,S-718,1,718,CR 56  CL 67,6.26474062,-75.5693591,LA CANDELARIA,50,57,True
6292,S-718,2,718,CR 56  CL 67,6.26474062,-75.5693591,LA CANDELARIA,50,58,True
6293,S-718,3,718,CR 56  CL 67,6.26474062,-75.5693591,LA CANDELARIA,50,76,True
6294,S-718,4,718,CR 56  CL 67,6.26474062,-75.5693591,LA CANDELARIA,50,41,False
6295,S-718,5,718,CR 56  CL 67,6.26474062,-75.5693591,LA CANDELARIA,50,66,True
6296,S-718,6,718,CR 56  CL 67,6.26474062,-75.5693591,LA CANDELARIA,50,59,True
6297,S-718,7,718,CR 56  CL 67,6.26474062,-75.5693591,LA CANDELARIA,50,52,True
6298,S-718,8,718,CR 56  CL 67,6.26474062,-75.5693591,LA CANDELARIA,50,45,False
6299,S-718,9,718,CR 56  CL 67,6.26474062,-75.5693591,LA CANDELARIA,50,43,False
6300,S-718,10,718,CR 56  CL 67,6.26474062,-75.5693591,LA CANDELARIA,50,39,False
6301,S-546,1,546,CR 80  DG 75 DCost Norte La Mota,6.21632777,-75.59785174,BELEN,50,36,False
6302,S-546,2,546,CR 80  DG 75 DCost Norte La Mota,6.21632777,-75.59785174,BELEN,50,74,True
6303,S-546,3,546,CR 80  DG 75 DCost Norte La Mota,6.21632777,-75.59785174,BELEN,50,66,True
6304,S-546,4,546,CR 80  DG 75 DCost Norte La Mota,6.21632777,-75.59785174,BELEN,50,58,True
6305,S-546,5,546,CR 80  DG 75 DCost Norte La Mota,6.21632777,-75.59785174,BELEN,50,32,False
6306,S-546,6,546,CR 80  DG 75 DCost Norte La Mota,6.21632777,-75.59785174,BELEN,50,44,False
6307,S-546,7,546,CR 80  DG 75 DCost Norte La Mota,6.21632777,-75.59785174,BELEN,50,65,True
6308,S-546,8,546,CR 80  DG 75 DCost Norte La Mota,6.21632777,-75.59785174,BELEN,50,76,True
6309,S-546,9,546,CR 80  DG 75 DCost Norte La Mota,6.21632777,-75.59785174,BELEN,50,75,True
6310,S-546,10,546,CR 80  DG 75 DCost Norte La Mota,6.21632777,-75.59785174,BELEN,50,48,False
6311,S-545,1,545,CR 80  DG 75 DCost Sur,6.2159914,-75.59735965,BELEN,50,42,False
6312,S-545,2,545,CR 80  DG 75 DCost Sur,6.2159914,-75.59735965,BELEN,50,71,True
6313,S-545,3,545,CR 80  DG 75 DCost Sur,6.2159914,-75.59735965,BELEN,50,50,False
6314,S-545,4,545,CR 80  DG 75 DCost Sur,6.2159914,-75.59735965,BELEN,50,66,True
6315,S-545,5,545,CR 80  DG 75 DCost Sur,6.2159914,-75.59735965,BELEN,50,56,True
6316,S-545,6,545,CR 80  DG 75 DCost Sur,6.2159914,-75.59735965,BELEN,50,58,True
6317,S-545,7,545,CR 80  DG 75 DCost Sur,6.2159914,-75.59735965,BELEN,50,49,False
6318,S-545,8,545,CR 80  DG 75 DCost Sur,6.2159914,-75.59735965,BELEN,50,54,True
6319,S-545,9,545,CR 80  DG 75 DCost Sur,6.2159914,-75.59735965,BELEN,50,35,False
6320,S-545,10,545,CR 80  DG 75 DCost Sur,6.2159914,-75.59735965,BELEN,50,65,True
6321,S-550,1,550,CR 80  CL 9Cost NORTE  RINCON  CR 76,6.21923048,-75.59934325,BELEN,50,31,False
6322,S-550,2,550,CR 80  CL 9Cost NORTE  RINCON  CR 76,6.21923048,-75.59934325,BELEN,50,51,True
6323,S-550,3,550,CR 80  CL 9Cost NORTE  RINCON  CR 76,6.21923048,-75.59934325,BELEN,50,61,True
6324,S-550,4,550,CR 80  CL 9Cost NORTE  RINCON  CR 76,6.21923048,-75.59934325,BELEN,50,45,False
6325,S-550,5,550,CR 80  CL 9Cost NORTE  RINCON  CR 76,6.21923048,-75.59934325,BELEN,50,47,False
6326,S-550,6,550,CR 80  CL 9Cost NORTE  RINCON  CR 76,6.21923048,-75.59934325,BELEN,50,34,False
6327,S-550,7,550,CR 80  CL 9Cost NORTE  RINCON  CR 76,6.21923048,-75.59934325,BELEN,50,65,True
6328,S-550,8,550,CR 80  CL 9Cost NORTE  RINCON  CR 76,6.21923048,-75.59934325,BELEN,50,59,True
6329,S-550,9,550,CR 80  CL 9Cost NORTE  RINCON  CR 76,6.21923048,-75.59934325,BELEN,50,74,True
6330,S-550,10,550,CR 80  CL 9Cost NORTE  RINCON  CR 76,6.21923048,-75.59934325,BELEN,50,48,False
6331,S-551,1,551,CR 80  CL 9Cost Sur,6.21871138,-75.59892048,BELEN,50,52,True
6332,S-551,2,551,CR 80  CL 9Cost Sur,6.21871138,-75.59892048,BELEN,50,63,True
6333,S-551,3,551,CR 80  CL 9Cost Sur,6.21871138,-75.59892048,BELEN,50,42,False
6334,S-551,4,551,CR 80  CL 9Cost Sur,6.21871138,-75.59892048,BELEN,50,72,True
6335,S-551,5,551,CR 80  CL 9Cost Sur,6.21871138,-75.59892048,BELEN,50,58,True
6336,S-551,6,551,CR 80  CL 9Cost Sur,6.21871138,-75.59892048,BELEN,50,65,True
6337,S-551,7,551,CR 80  CL 9Cost Sur,6.21871138,-75.59892048,BELEN,50,51,True
6338,S-551,8,551,CR 80  CL 9Cost Sur,6.21871138,-75.59892048,BELEN,50,76,True
6339,S-551,9,551,CR 80  CL 9Cost Sur,6.21871138,-75.59892048,BELEN,50,65,True
6340,S-551,10,551,CR 80  CL 9Cost Sur,6.21871138,-75.59892048,BELEN,50,38,False
6341,S-587,1,587,CR 53  CL 52PEATONAL MUSEO DE ANT,6.25255407,-75.5694888,LA CANDELARIA,50,68,True
6342,S-587,2,587,CR 53  CL 52PEATONAL MUSEO DE ANT,6.25255407,-75.5694888,LA CANDELARIA,50,80,True
6343,S-587,3,587,CR 53  CL 52PEATONAL MUSEO DE ANT,6.25255407,-75.5694888,LA CANDELARIA,50,48,False
6344,S-587,4,587,CR 53  CL 52PEATONAL MUSEO DE ANT,6.25255407,-75.5694888,LA CANDELARIA,50,67,True
6345,S-587,5,587,CR 53  CL 52PEATONAL MUSEO DE ANT,6.25255407,-75.5694888,LA CANDELARIA,50,35,False
6346,S-587,6,587,CR 53  CL 52PEATONAL MUSEO DE ANT,6.25255407,-75.5694888,LA CANDELARIA,50,76,True
6347,S-587,7,587,CR 53  CL 52PEATONAL MUSEO DE ANT,6.25255407,-75.5694888,LA CANDELARIA,50,44,False
6348,S-587,8,587,CR 53  CL 52PEATONAL MUSEO DE ANT,6.25255407,-75.5694888,LA CANDELARIA,50,49,False
6349,S-587,9,587,CR 53  CL 52PEATONAL MUSEO DE ANT,6.25255407,-75.5694888,LA CANDELARIA,50,38,False
6350,S-587,10,587,CR 53  CL 52PEATONAL MUSEO DE ANT,6.25255407,-75.5694888,LA CANDELARIA,50,61,True
6351,S-595,1,595,TV 73  CL 65SAN GERMAN,6.27232027,-75.59070826,,50,33,False
6352,S-595,2,595,TV 73  CL 65SAN GERMAN,6.27232027,-75.59070826,,50,79,True
6353,S-595,3,595,TV 73  CL 65SAN GERMAN,6.27232027,-75.59070826,,50,47,False
6354,S-595,4,595,TV 73  CL 65SAN GERMAN,6.27232027,-75.59070826,,50,34,False
6355,S-595,5,595,TV 73  CL 65SAN GERMAN,6.27232027,-75.59070826,,50,49,False
6356,S-595,6,595,TV 73  CL 65SAN GERMAN,6.27232027,-75.59070826,,50,52,True
6357,S-595,7,595,TV 73  CL 65SAN GERMAN,6.27232027,-75.59070826,,50,40,False
6358,S-595,8,595,TV 73  CL 65SAN GERMAN,6.27232027,-75.59070826,,50,66,True
6359,S-595,9,595,TV 73  CL 65SAN GERMAN,6.27232027,-75.59070826,,50,51,True
6360,S-595,10,595,TV 73  CL 65SAN GERMAN,6.27232027,-75.59070826,,50,33,False
6361,S-37,1,37,AV 80  CL 15PEATONAL COLEGIO LA INMACULADA,6.22155218,-75.59945281,BELEN,50,58,True
6362,S-37,2,37,AV 80  CL 15PEATONAL COLEGIO LA INMACULADA,6.22155218,-75.59945281,BELEN,50,73,True
6363,S-37,3,37,AV 80  CL 15PEATONAL COLEGIO LA INMACULADA,6.22155218,-75.59945281,BELEN,50,63,True
6364,S-37,4,37,AV 80  CL 15PEATONAL COLEGIO LA INMACULADA,6.22155218,-75.59945281,BELEN,50,42,False
6365,S-37,5,37,AV 80  CL 15PEATONAL COLEGIO LA INMACULADA,6.22155218,-75.59945281,BELEN,50,71,True
6366,S-37,6,37,AV 80  CL 15PEATONAL COLEGIO LA INMACULADA,6.22155218,-75.59945281,BELEN,50,38,False
6367,S-37,7,37,AV 80  CL 15PEATONAL COLEGIO LA INMACULADA,6.22155218,-75.59945281,BELEN,50,71,True
6368,S-37,8,37,AV 80  CL 15PEATONAL COLEGIO LA INMACULADA,6.22155218,-75.59945281,BELEN,50,60,True
6369,S-37,9,37,AV 80  CL 15PEATONAL COLEGIO LA INMACULADA,6.22155218,-75.59945281,BELEN,50,36,False
6370,S-37,10,37,AV 80  CL 15PEATONAL COLEGIO LA INMACULADA,6.22155218,-75.59945281,BELEN,50,33,False
6371,S-48,1,48,CR 34  CL 10 A,6.20924279,-75.5646978,EL POBLADO,50,48,False
6372,S-48,2,48,CR 34  CL 10 A,6.20924279,-75.5646978,EL POBLADO,50,71,True
6373,S-48,3,48,CR 34  CL 10 A,6.20924279,-75.5646978,EL POBLADO,50,59,True
6374,S-48,4,48,CR 34  CL 10 A,6.20924279,-75.5646978,EL POBLADO,50,60,True
6375,S-48,5,48,CR 34  CL 10 A,6.20924279,-75.5646978,EL POBLADO,50,64,True
6376,S-48,6,48,CR 34  CL 10 A,6.20924279,-75.5646978,EL POBLADO,50,50,False
6377,S-48,7,48,CR 34  CL 10 A,6.20924279,-75.5646978,EL POBLADO,50,60,True
6378,S-48,8,48,CR 34  CL 10 A,6.20924279,-75.5646978,EL POBLADO,50,48,False
6379,S-48,9,48,CR 34  CL 10 A,6.20924279,-75.5646978,EL POBLADO,50,60,True
6380,S-48,10,48,CR 34  CL 10 A,6.20924279,-75.5646978,EL POBLADO,50,61,True
6381,S-451,1,451,CR 72  CL 73Cost Occidental Paso Peatonal,6.27359726,-75.58263972,ROBLEDO,50,31,False
6382,S-451,2,451,CR 72  CL 73Cost Occidental Paso Peatonal,6.27359726,-75.58263972,ROBLEDO,50,39,False
6383,S-451,3,451,CR 72  CL 73Cost Occidental Paso Peatonal,6.27359726,-75.58263972,ROBLEDO,50,31,False
6384,S-451,4,451,CR 72  CL 73Cost Occidental Paso Peatonal,6.27359726,-75.58263972,ROBLEDO,50,31,False
6385,S-451,5,451,CR 72  CL 73Cost Occidental Paso Peatonal,6.27359726,-75.58263972,ROBLEDO,50,53,True
6386,S-451,6,451,CR 72  CL 73Cost Occidental Paso Peatonal,6.27359726,-75.58263972,ROBLEDO,50,46,False
6387,S-451,7,451,CR 72  CL 73Cost Occidental Paso Peatonal,6.27359726,-75.58263972,ROBLEDO,50,61,True
6388,S-451,8,451,CR 72  CL 73Cost Occidental Paso Peatonal,6.27359726,-75.58263972,ROBLEDO,50,45,False
6389,S-451,9,451,CR 72  CL 73Cost Occidental Paso Peatonal,6.27359726,-75.58263972,ROBLEDO,50,45,False
6390,S-451,10,451,CR 72  CL 73Cost Occidental Paso Peatonal,6.27359726,-75.58263972,ROBLEDO,50,75,True
6391,S-115,1,115,CR 43 C  CL 5 SC. EJECUTIVO,6.20145241,-75.5752891,EL POBLADO,50,68,True
6392,S-115,2,115,CR 43 C  CL 5 SC. EJECUTIVO,6.20145241,-75.5752891,EL POBLADO,50,60,True
6393,S-115,3,115,CR 43 C  CL 5 SC. EJECUTIVO,6.20145241,-75.5752891,EL POBLADO,50,72,True
6394,S-115,4,115,CR 43 C  CL 5 SC. EJECUTIVO,6.20145241,-75.5752891,EL POBLADO,50,53,True
6395,S-115,5,115,CR 43 C  CL 5 SC. EJECUTIVO,6.20145241,-75.5752891,EL POBLADO,50,30,False
6396,S-115,6,115,CR 43 C  CL 5 SC. EJECUTIVO,6.20145241,-75.5752891,EL POBLADO,50,40,False
6397,S-115,7,115,CR 43 C  CL 5 SC. EJECUTIVO,6.20145241,-75.5752891,EL POBLADO,50,50,False
6398,S-115,8,115,CR 43 C  CL 5 SC. EJECUTIVO,6.20145241,-75.5752891,EL POBLADO,50,33,False
6399,S-115,9,115,CR 43 C  CL 5 SC. EJECUTIVO,6.20145241,-75.5752891,EL POBLADO,50,36,False
6400,S-115,10,115,CR 43 C  CL 5 SC. EJECUTIVO,6.20145241,-75.5752891,EL POBLADO,50,55,True
6401,S-32,1,32,CR 64 C  CL 67CARABINEROS  GLORIETA Ext SUROCCIDENTAL,6.26562752,-75.57549891,,50,76,True
6402,S-32,2,32,CR 64 C  CL 67CARABINEROS  GLORIETA Ext SUROCCIDENTAL,6.26562752,-75.57549891,,50,79,True
6403,S-32,3,32,CR 64 C  CL 67CARABINEROS  GLORIETA Ext SUROCCIDENTAL,6.26562752,-75.57549891,,50,41,False
6404,S-32,4,32,CR 64 C  CL 67CARABINEROS  GLORIETA Ext SUROCCIDENTAL,6.26562752,-75.57549891,,50,60,True
6405,S-32,5,32,CR 64 C  CL 67CARABINEROS  GLORIETA Ext SUROCCIDENTAL,6.26562752,-75.57549891,,50,46,False
6406,S-32,6,32,CR 64 C  CL 67CARABINEROS  GLORIETA Ext SUROCCIDENTAL,6.26562752,-75.57549891,,50,62,True
6407,S-32,7,32,CR 64 C  CL 67CARABINEROS  GLORIETA Ext SUROCCIDENTAL,6.26562752,-75.57549891,,50,40,False
6408,S-32,8,32,CR 64 C  CL 67CARABINEROS  GLORIETA Ext SUROCCIDENTAL,6.26562752,-75.57549891,,50,57,True
6409,S-32,9,32,CR 64 C  CL 67CARABINEROS  GLORIETA Ext SUROCCIDENTAL,6.26562752,-75.57549891,,50,61,True
6410,S-32,10,32,CR 64 C  CL 67CARABINEROS  GLORIETA Ext SUROCCIDENTAL,6.26562752,-75.57549891,,50,30,False
6411,S-30,1,30,CR 64 C  CL 67CARABINEROS  GLORIETA Ext NOROCCIDENTAL,6.26624117,-75.57510801,CASTILLA,50,76,True
6412,S-30,2,30,CR 64 C  CL 67CARABINEROS  GLORIETA Ext NOROCCIDENTAL,6.26624117,-75.57510801,CASTILLA,50,57,True
6413,S-30,3,30,CR 64 C  CL 67CARABINEROS  GLORIETA Ext NOROCCIDENTAL,6.26624117,-75.57510801,CASTILLA,50,71,True
6414,S-30,4,30,CR 64 C  CL 67CARABINEROS  GLORIETA Ext NOROCCIDENTAL,6.26624117,-75.57510801,CASTILLA,50,36,False
6415,S-30,5,30,CR 64 C  CL 67CARABINEROS  GLORIETA Ext NOROCCIDENTAL,6.26624117,-75.57510801,CASTILLA,50,31,False
6416,S-30,6,30,CR 64 C  CL 67CARABINEROS  GLORIETA Ext NOROCCIDENTAL,6.26624117,-75.57510801,CASTILLA,50,71,True
6417,S-30,7,30,CR 64 C  CL 67CARABINEROS  GLORIETA Ext NOROCCIDENTAL,6.26624117,-75.57510801,CASTILLA,50,53,True
6418,S-30,8,30,CR 64 C  CL 67CARABINEROS  GLORIETA Ext NOROCCIDENTAL,6.26624117,-75.57510801,CASTILLA,50,33,False
6419,S-30,9,30,CR 64 C  CL 67CARABINEROS  GLORIETA Ext NOROCCIDENTAL,6.26624117,-75.57510801,CASTILLA,50,73,True
6420,S-30,10,30,CR 64 C  CL 67CARABINEROS  GLORIETA Ext NOROCCIDENTAL,6.26624117,-75.57510801,CASTILLA,50,48,False
6421,S-31,1,31,CR 64 C  CL 67CARABINEROS  GLORIETA Ext NORORIENTAL,6.26595327,-75.57437663,CASTILLA,50,55,True
6422,S-31,2,31,CR 64 C  CL 67CARABINEROS  GLORIETA Ext NORORIENTAL,6.26595327,-75.57437663,CASTILLA,50,40,False
6423,S-31,3,31,CR 64 C  CL 67CARABINEROS  GLORIETA Ext NORORIENTAL,6.26595327,-75.57437663,CASTILLA,50,69,True
6424,S-31,4,31,CR 64 C  CL 67CARABINEROS  GLORIETA Ext NORORIENTAL,6.26595327,-75.57437663,CASTILLA,50,79,True
6425,S-31,5,31,CR 64 C  CL 67CARABINEROS  GLORIETA Ext NORORIENTAL,6.26595327,-75.57437663,CASTILLA,50,72,True
6426,S-31,6,31,CR 64 C  CL 67CARABINEROS  GLORIETA Ext NORORIENTAL,6.26595327,-75.57437663,CASTILLA,50,40,False
6427,S-31,7,31,CR 64 C  CL 67CARABINEROS  GLORIETA Ext NORORIENTAL,6.26595327,-75.57437663,CASTILLA,50,74,True
6428,S-31,8,31,CR 64 C  CL 67CARABINEROS  GLORIETA Ext NORORIENTAL,6.26595327,-75.57437663,CASTILLA,50,32,False
6429,S-31,9,31,CR 64 C  CL 67CARABINEROS  GLORIETA Ext NORORIENTAL,6.26595327,-75.57437663,CASTILLA,50,41,False
6430,S-31,10,31,CR 64 C  CL 67CARABINEROS  GLORIETA Ext NORORIENTAL,6.26595327,-75.57437663,CASTILLA,50,32,False
6431,S-33,1,33,CR 64 C  CL 67CARABINEROS  GLORIETA Ext SURORIENTAL,6.26531861,-75.57459099,,50,71,True
6432,S-33,2,33,CR 64 C  CL 67CARABINEROS  GLORIETA Ext SURORIENTAL,6.26531861,-75.57459099,,50,56,True
6433,S-33,3,33,CR 64 C  CL 67CARABINEROS  GLORIETA Ext SURORIENTAL,6.26531861,-75.57459099,,50,78,True
6434,S-33,4,33,CR 64 C  CL 67CARABINEROS  GLORIETA Ext SURORIENTAL,6.26531861,-75.57459099,,50,31,False
6435,S-33,5,33,CR 64 C  CL 67CARABINEROS  GLORIETA Ext SURORIENTAL,6.26531861,-75.57459099,,50,78,True
6436,S-33,6,33,CR 64 C  CL 67CARABINEROS  GLORIETA Ext SURORIENTAL,6.26531861,-75.57459099,,50,45,False
6437,S-33,7,33,CR 64 C  CL 67CARABINEROS  GLORIETA Ext SURORIENTAL,6.26531861,-75.57459099,,50,31,False
6438,S-33,8,33,CR 64 C  CL 67CARABINEROS  GLORIETA Ext SURORIENTAL,6.26531861,-75.57459099,,50,59,True
6439,S-33,9,33,CR 64 C  CL 67CARABINEROS  GLORIETA Ext SURORIENTAL,6.26531861,-75.57459099,,50,49,False
6440,S-33,10,33,CR 64 C  CL 67CARABINEROS  GLORIETA Ext SURORIENTAL,6.26531861,-75.57459099,,50,67,True
6441,S-144,1,144,CR 44  CL 86,6.27866904,-75.55208172,MANRIQUE,50,57,True
6442,S-144,2,144,CR 44  CL 86,6.27866904,-75.55208172,MANRIQUE,50,54,True
6443,S-144,3,144,CR 44  CL 86,6.27866904,-75.55208172,MANRIQUE,50,61,True
6444,S-144,4,144,CR 44  CL 86,6.27866904,-75.55208172,MANRIQUE,50,39,False
6445,S-144,5,144,CR 44  CL 86,6.27866904,-75.55208172,MANRIQUE,50,71,True
6446,S-144,6,144,CR 44  CL 86,6.27866904,-75.55208172,MANRIQUE,50,69,True
6447,S-144,7,144,CR 44  CL 86,6.27866904,-75.55208172,MANRIQUE,50,62,True
6448,S-144,8,144,CR 44  CL 86,6.27866904,-75.55208172,MANRIQUE,50,42,False
6449,S-144,9,144,CR 44  CL 86,6.27866904,-75.55208172,MANRIQUE,50,70,True
6450,S-144,10,144,CR 44  CL 86,6.27866904,-75.55208172,MANRIQUE,50,71,True
6451,S-161,1,161,CR 45  CL 67,6.2631454,-75.55548185,MANRIQUE,50,76,True
6452,S-161,2,161,CR 45  CL 67,6.2631454,-75.55548185,MANRIQUE,50,66,True
6453,S-161,3,161,CR 45  CL 67,6.2631454,-75.55548185,MANRIQUE,50,45,False
6454,S-161,4,161,CR 45  CL 67,6.2631454,-75.55548185,MANRIQUE,50,74,True
6455,S-161,5,161,CR 45  CL 67,6.2631454,-75.55548185,MANRIQUE,50,51,True
6456,S-161,6,161,CR 45  CL 67,6.2631454,-75.55548185,MANRIQUE,50,49,False
6457,S-161,7,161,CR 45  CL 67,6.2631454,-75.55548185,MANRIQUE,50,79,True
6458,S-161,8,161,CR 45  CL 67,6.2631454,-75.55548185,MANRIQUE,50,72,True
6459,S-161,9,161,CR 45  CL 67,6.2631454,-75.55548185,MANRIQUE,50,56,True
6460,S-161,10,161,CR 45  CL 67,6.2631454,-75.55548185,MANRIQUE,50,70,True
6461,S-300,1,300,CR 51  CL 67Cost OCCIDENTAL,6.26401391,-75.56385737,ARANJUEZ,50,45,False
6462,S-300,2,300,CR 51  CL 67Cost OCCIDENTAL,6.26401391,-75.56385737,ARANJUEZ,50,63,True
6463,S-300,3,300,CR 51  CL 67Cost OCCIDENTAL,6.26401391,-75.56385737,ARANJUEZ,50,61,True
6464,S-300,4,300,CR 51  CL 67Cost OCCIDENTAL,6.26401391,-75.56385737,ARANJUEZ,50,55,True
6465,S-300,5,300,CR 51  CL 67Cost OCCIDENTAL,6.26401391,-75.56385737,ARANJUEZ,50,54,True
6466,S-300,6,300,CR 51  CL 67Cost OCCIDENTAL,6.26401391,-75.56385737,ARANJUEZ,50,31,False
6467,S-300,7,300,CR 51  CL 67Cost OCCIDENTAL,6.26401391,-75.56385737,ARANJUEZ,50,41,False
6468,S-300,8,300,CR 51  CL 67Cost OCCIDENTAL,6.26401391,-75.56385737,ARANJUEZ,50,69,True
6469,S-300,9,300,CR 51  CL 67Cost OCCIDENTAL,6.26401391,-75.56385737,ARANJUEZ,50,38,False
6470,S-300,10,300,CR 51  CL 67Cost OCCIDENTAL,6.26401391,-75.56385737,ARANJUEZ,50,41,False
6471,S-298,1,298,CR 51  CL 67Cost SUR,6.26333776,-75.56353181,LA CANDELARIA,50,55,True
6472,S-298,2,298,CR 51  CL 67Cost SUR,6.26333776,-75.56353181,LA CANDELARIA,50,38,False
6473,S-298,3,298,CR 51  CL 67Cost SUR,6.26333776,-75.56353181,LA CANDELARIA,50,39,False
6474,S-298,4,298,CR 51  CL 67Cost SUR,6.26333776,-75.56353181,LA CANDELARIA,50,61,True
6475,S-298,5,298,CR 51  CL 67Cost SUR,6.26333776,-75.56353181,LA CANDELARIA,50,63,True
6476,S-298,6,298,CR 51  CL 67Cost SUR,6.26333776,-75.56353181,LA CANDELARIA,50,77,True
6477,S-298,7,298,CR 51  CL 67Cost SUR,6.26333776,-75.56353181,LA CANDELARIA,50,49,False
6478,S-298,8,298,CR 51  CL 67Cost SUR,6.26333776,-75.56353181,LA CANDELARIA,50,68,True
6479,S-298,9,298,CR 51  CL 67Cost SUR,6.26333776,-75.56353181,LA CANDELARIA,50,31,False
6480,S-298,10,298,CR 51  CL 67Cost SUR,6.26333776,-75.56353181,LA CANDELARIA,50,30,False
6481,S-299,1,299,CR 51  CL 67Cost ORIENTAL,6.2638987,-75.56241985,LA CANDELARIA,50,80,True
6482,S-299,2,299,CR 51  CL 67Cost ORIENTAL,6.2638987,-75.56241985,LA CANDELARIA,50,65,True
6483,S-299,3,299,CR 51  CL 67Cost ORIENTAL,6.2638987,-75.56241985,LA CANDELARIA,50,53,True
6484,S-299,4,299,CR 51  CL 67Cost ORIENTAL,6.2638987,-75.56241985,LA CANDELARIA,50,56,True
6485,S-299,5,299,CR 51  CL 67Cost ORIENTAL,6.2638987,-75.56241985,LA CANDELARIA,50,31,False
6486,S-299,6,299,CR 51  CL 67Cost ORIENTAL,6.2638987,-75.56241985,LA CANDELARIA,50,60,True
6487,S-299,7,299,CR 51  CL 67Cost ORIENTAL,6.2638987,-75.56241985,LA CANDELARIA,50,43,False
6488,S-299,8,299,CR 51  CL 67Cost ORIENTAL,6.2638987,-75.56241985,LA CANDELARIA,50,31,False
6489,S-299,9,299,CR 51  CL 67Cost ORIENTAL,6.2638987,-75.56241985,LA CANDELARIA,50,58,True
6490,S-299,10,299,CR 51  CL 67Cost ORIENTAL,6.2638987,-75.56241985,LA CANDELARIA,50,44,False
6491,S-471,1,471,CR 70  CL 49Peat Estadio,6.25719781,-75.58677903,,50,41,False
6492,S-471,2,471,CR 70  CL 49Peat Estadio,6.25719781,-75.58677903,,50,66,True
6493,S-471,3,471,CR 70  CL 49Peat Estadio,6.25719781,-75.58677903,,50,57,True
6494,S-471,4,471,CR 70  CL 49Peat Estadio,6.25719781,-75.58677903,,50,49,False
6495,S-471,5,471,CR 70  CL 49Peat Estadio,6.25719781,-75.58677903,,50,68,True
6496,S-471,6,471,CR 70  CL 49Peat Estadio,6.25719781,-75.58677903,,50,53,True
6497,S-471,7,471,CR 70  CL 49Peat Estadio,6.25719781,-75.58677903,,50,50,False
6498,S-471,8,471,CR 70  CL 49Peat Estadio,6.25719781,-75.58677903,,50,39,False
6499,S-471,9,471,CR 70  CL 49Peat Estadio,6.25719781,-75.58677903,,50,75,True
6500,S-471,10,471,CR 70  CL 49Peat Estadio,6.25719781,-75.58677903,,50,43,False
6501,S-377,1,377,CR 56 C  CL 50San Benito,6.25302565,-75.57448373,LA CANDELARIA,50,66,True
6502,S-377,2,377,CR 56 C  CL 50San Benito,6.25302565,-75.57448373,LA CANDELARIA,50,47,False
6503,S-377,3,377,CR 56 C  CL 50San Benito,6.25302565,-75.57448373,LA CANDELARIA,50,53,True
6504,S-377,4,377,CR 56 C  CL 50San Benito,6.25302565,-75.57448373,LA CANDELARIA,50,43,False
6505,S-377,5,377,CR 56 C  CL 50San Benito,6.25302565,-75.57448373,LA CANDELARIA,50,63,True
6506,S-377,6,377,CR 56 C  CL 50San Benito,6.25302565,-75.57448373,LA CANDELARIA,50,41,False
6507,S-377,7,377,CR 56 C  CL 50San Benito,6.25302565,-75.57448373,LA CANDELARIA,50,51,True
6508,S-377,8,377,CR 56 C  CL 50San Benito,6.25302565,-75.57448373,LA CANDELARIA,50,35,False
6509,S-377,9,377,CR 56 C  CL 50San Benito,6.25302565,-75.57448373,LA CANDELARIA,50,65,True
6510,S-377,10,377,CR 56 C  CL 50San Benito,6.25302565,-75.57448373,LA CANDELARIA,50,74,True
6511,S-256,1,256,CR 50  CL 43,6.24364398,-75.57014257,LA CANDELARIA,50,65,True
6512,S-256,2,256,CR 50  CL 43,6.24364398,-75.57014257,LA CANDELARIA,50,51,True
6513,S-256,3,256,CR 50  CL 43,6.24364398,-75.57014257,LA CANDELARIA,50,43,False
6514,S-256,4,256,CR 50  CL 43,6.24364398,-75.57014257,LA CANDELARIA,50,45,False
6515,S-256,5,256,CR 50  CL 43,6.24364398,-75.57014257,LA CANDELARIA,50,65,True
6516,S-256,6,256,CR 50  CL 43,6.24364398,-75.57014257,LA CANDELARIA,50,54,True
6517,S-256,7,256,CR 50  CL 43,6.24364398,-75.57014257,LA CANDELARIA,50,61,True
6518,S-256,8,256,CR 50  CL 43,6.24364398,-75.57014257,LA CANDELARIA,50,62,True
6519,S-256,9,256,CR 50  CL 43,6.24364398,-75.57014257,LA CANDELARIA,50,74,True
6520,S-256,10,256,CR 50  CL 43,6.24364398,-75.57014257,LA CANDELARIA,50,65,True
6521,S-405,1,405,CR 65  CL 30Cost SUR,6.23151939,-75.58272779,GUAYABAL,50,49,False
6522,S-405,2,405,CR 65  CL 30Cost SUR,6.23151939,-75.58272779,GUAYABAL,50,47,False
6523,S-405,3,405,CR 65  CL 30Cost SUR,6.23151939,-75.58272779,GUAYABAL,50,67,True
6524,S-405,4,405,CR 65  CL 30Cost SUR,6.23151939,-75.58272779,GUAYABAL,50,32,False
6525,S-405,5,405,CR 65  CL 30Cost SUR,6.23151939,-75.58272779,GUAYABAL,50,52,True
6526,S-405,6,405,CR 65  CL 30Cost SUR,6.23151939,-75.58272779,GUAYABAL,50,61,True
6527,S-405,7,405,CR 65  CL 30Cost SUR,6.23151939,-75.58272779,GUAYABAL,50,74,True
6528,S-405,8,405,CR 65  CL 30Cost SUR,6.23151939,-75.58272779,GUAYABAL,50,45,False
6529,S-405,9,405,CR 65  CL 30Cost SUR,6.23151939,-75.58272779,GUAYABAL,50,34,False
6530,S-405,10,405,CR 65  CL 30Cost SUR,6.23151939,-75.58272779,GUAYABAL,50,33,False
6531,S-215,1,215,CR 48  CL 27Peat Bancolombia,6.22963079,-75.57461651,EL POBLADO,50,50,False
6532,S-215,2,215,CR 48  CL 27Peat Bancolombia,6.22963079,-75.57461651,EL POBLADO,50,69,True
6533,S-215,3,215,CR 48  CL 27Peat Bancolombia,6.22963079,-75.57461651,EL POBLADO,50,80,True
6534,S-215,4,215,CR 48  CL 27Peat Bancolombia,6.22963079,-75.57461651,EL POBLADO,50,43,False
6535,S-215,5,215,CR 48  CL 27Peat Bancolombia,6.22963079,-75.57461651,EL POBLADO,50,68,True
6536,S-215,6,215,CR 48  CL 27Peat Bancolombia,6.22963079,-75.57461651,EL POBLADO,50,60,True
6537,S-215,7,215,CR 48  CL 27Peat Bancolombia,6.22963079,-75.57461651,EL POBLADO,50,43,False
6538,S-215,8,215,CR 48  CL 27Peat Bancolombia,6.22963079,-75.57461651,EL POBLADO,50,35,False
6539,S-215,9,215,CR 48  CL 27Peat Bancolombia,6.22963079,-75.57461651,EL POBLADO,50,41,False
6540,S-215,10,215,CR 48  CL 27Peat Bancolombia,6.22963079,-75.57461651,EL POBLADO,50,45,False
6541,S-528,1,528,CR 80  CL 19Col. Sn. Carlos,6.22419049,-75.59945281,BELEN,50,46,False
6542,S-528,2,528,CR 80  CL 19Col. Sn. Carlos,6.22419049,-75.59945281,BELEN,50,74,True
6543,S-528,3,528,CR 80  CL 19Col. Sn. Carlos,6.22419049,-75.59945281,BELEN,50,52,True
6544,S-528,4,528,CR 80  CL 19Col. Sn. Carlos,6.22419049,-75.59945281,BELEN,50,43,False
6545,S-528,5,528,CR 80  CL 19Col. Sn. Carlos,6.22419049,-75.59945281,BELEN,50,36,False
6546,S-528,6,528,CR 80  CL 19Col. Sn. Carlos,6.22419049,-75.59945281,BELEN,50,75,True
6547,S-528,7,528,CR 80  CL 19Col. Sn. Carlos,6.22419049,-75.59945281,BELEN,50,61,True
6548,S-528,8,528,CR 80  CL 19Col. Sn. Carlos,6.22419049,-75.59945281,BELEN,50,44,False
6549,S-528,9,528,CR 80  CL 19Col. Sn. Carlos,6.22419049,-75.59945281,BELEN,50,73,True
6550,S-528,10,528,CR 80  CL 19Col. Sn. Carlos,6.22419049,-75.59945281,BELEN,50,46,False
6551,S-454,1,454,CR 69 B  CL 25 APaso ciclista JP2,6.22675564,-75.59100171,,50,70,True
6552,S-454,2,454,CR 69 B  CL 25 APaso ciclista JP2,6.22675564,-75.59100171,,50,76,True
6553,S-454,3,454,CR 69 B  CL 25 APaso ciclista JP2,6.22675564,-75.59100171,,50,73,True
6554,S-454,4,454,CR 69 B  CL 25 APaso ciclista JP2,6.22675564,-75.59100171,,50,63,True
6555,S-454,5,454,CR 69 B  CL 25 APaso ciclista JP2,6.22675564,-75.59100171,,50,34,False
6556,S-454,6,454,CR 69 B  CL 25 APaso ciclista JP2,6.22675564,-75.59100171,,50,74,True
6557,S-454,7,454,CR 69 B  CL 25 APaso ciclista JP2,6.22675564,-75.59100171,,50,56,True
6558,S-454,8,454,CR 69 B  CL 25 APaso ciclista JP2,6.22675564,-75.59100171,,50,52,True
6559,S-454,9,454,CR 69 B  CL 25 APaso ciclista JP2,6.22675564,-75.59100171,,50,69,True
6560,S-454,10,454,CR 69 B  CL 25 APaso ciclista JP2,6.22675564,-75.59100171,,50,43,False
6561,S-499,1,499,CR 76  CL 29,6.23049328,-75.59613216,BELEN,50,44,False
6562,S-499,2,499,CR 76  CL 29,6.23049328,-75.59613216,BELEN,50,72,True
6563,S-499,3,499,CR 76  CL 29,6.23049328,-75.59613216,BELEN,50,62,True
6564,S-499,4,499,CR 76  CL 29,6.23049328,-75.59613216,BELEN,50,60,True
6565,S-499,5,499,CR 76  CL 29,6.23049328,-75.59613216,BELEN,50,64,True
6566,S-499,6,499,CR 76  CL 29,6.23049328,-75.59613216,BELEN,50,46,False
6567,S-499,7,499,CR 76  CL 29,6.23049328,-75.59613216,BELEN,50,57,True
6568,S-499,8,499,CR 76  CL 29,6.23049328,-75.59613216,BELEN,50,48,False
6569,S-499,9,499,CR 76  CL 29,6.23049328,-75.59613216,BELEN,50,75,True
6570,S-499,10,499,CR 76  CL 29,6.23049328,-75.59613216,BELEN,50,52,True
6571,S-1,1,1,AV 80  CL 30,6.23109639,-75.602103,BELEN,50,61,True
6572,S-1,2,1,AV 80  CL 30,6.23109639,-75.602103,BELEN,50,69,True
6573,S-1,3,1,AV 80  CL 30,6.23109639,-75.602103,BELEN,50,42,False
6574,S-1,4,1,AV 80  CL 30,6.23109639,-75.602103,BELEN,50,49,False
6575,S-1,5,1,AV 80  CL 30,6.23109639,-75.602103,BELEN,50,64,True
6576,S-1,6,1,AV 80  CL 30,6.23109639,-75.602103,BELEN,50,34,False
6577,S-1,7,1,AV 80  CL 30,6.23109639,-75.602103,BELEN,50,38,False
6578,S-1,8,1,AV 80  CL 30,6.23109639,-75.602103,BELEN,50,58,True
6579,S-1,9,1,AV 80  CL 30,6.23109639,-75.602103,BELEN,50,35,False
6580,S-1,10,1,AV 80  CL 30,6.23109639,-75.602103,BELEN,50,54,True
6581,S-59,1,59,CR 35  CL 29 CLOMA INDIO,6.22927058,-75.56399768,BUENOS AIRES,50,60,True
6582,S-59,2,59,CR 35  CL 29 CLOMA INDIO,6.22927058,-75.56399768,BUENOS AIRES,50,51,True
6583,S-59,3,59,CR 35  CL 29 CLOMA INDIO,6.22927058,-75.56399768,BUENOS AIRES,50,31,False
6584,S-59,4,59,CR 35  CL 29 CLOMA INDIO,6.22927058,-75.56399768,BUENOS AIRES,50,74,True
6585,S-59,5,59,CR 35  CL 29 CLOMA INDIO,6.22927058,-75.56399768,BUENOS AIRES,50,34,False
6586,S-59,6,59,CR 35  CL 29 CLOMA INDIO,6.22927058,-75.56399768,BUENOS AIRES,50,56,True
6587,S-59,7,59,CR 35  CL 29 CLOMA INDIO,6.22927058,-75.56399768,BUENOS AIRES,50,54,True
6588,S-59,8,59,CR 35  CL 29 CLOMA INDIO,6.22927058,-75.56399768,BUENOS AIRES,50,37,False
6589,S-59,9,59,CR 35  CL 29 CLOMA INDIO,6.22927058,-75.56399768,BUENOS AIRES,50,30,False
6590,S-59,10,59,CR 35  CL 29 CLOMA INDIO,6.22927058,-75.56399768,BUENOS AIRES,50,49,False
6591,S-62,1,62,CR 36  CL 36,6.23518197,-75.56316879,BUENOS AIRES,50,73,True
6592,S-62,2,62,CR 36  CL 36,6.23518197,-75.56316879,BUENOS AIRES,50,52,True
6593,S-62,3,62,CR 36  CL 36,6.23518197,-75.56316879,BUENOS AIRES,50,61,True
6594,S-62,4,62,CR 36  CL 36,6.23518197,-75.56316879,BUENOS AIRES,50,40,False
6595,S-62,5,62,CR 36  CL 36,6.23518197,-75.56316879,BUENOS AIRES,50,68,True
6596,S-62,6,62,CR 36  CL 36,6.23518197,-75.56316879,BUENOS AIRES,50,76,True
6597,S-62,7,62,CR 36  CL 36,6.23518197,-75.56316879,BUENOS AIRES,50,53,True
6598,S-62,8,62,CR 36  CL 36,6.23518197,-75.56316879,BUENOS AIRES,50,40,False
6599,S-62,9,62,CR 36  CL 36,6.23518197,-75.56316879,BUENOS AIRES,50,58,True
6600,S-62,10,62,CR 36  CL 36,6.23518197,-75.56316879,BUENOS AIRES,50,55,True
6601,S-63,1,63,CR 36  CL 36 A,6.23560482,-75.56361729,BUENOS AIRES,50,45,False
6602,S-63,2,63,CR 36  CL 36 A,6.23560482,-75.56361729,BUENOS AIRES,50,64,True
6603,S-63,3,63,CR 36  CL 36 A,6.23560482,-75.56361729,BUENOS AIRES,50,49,False
6604,S-63,4,63,CR 36  CL 36 A,6.23560482,-75.56361729,BUENOS AIRES,50,75,True
6605,S-63,5,63,CR 36  CL 36 A,6.23560482,-75.56361729,BUENOS AIRES,50,32,False
6606,S-63,6,63,CR 36  CL 36 A,6.23560482,-75.56361729,BUENOS AIRES,50,30,False
6607,S-63,7,63,CR 36  CL 36 A,6.23560482,-75.56361729,BUENOS AIRES,50,76,True
6608,S-63,8,63,CR 36  CL 36 A,6.23560482,-75.56361729,BUENOS AIRES,50,30,False
6609,S-63,9,63,CR 36  CL 36 A,6.23560482,-75.56361729,BUENOS AIRES,50,46,False
6610,S-63,10,63,CR 36  CL 36 A,6.23560482,-75.56361729,BUENOS AIRES,50,31,False
6611,S-64,1,64,CR 36  CL 40,6.23748689,-75.56116862,BUENOS AIRES,50,58,True
6612,S-64,2,64,CR 36  CL 40,6.23748689,-75.56116862,BUENOS AIRES,50,49,False
6613,S-64,3,64,CR 36  CL 40,6.23748689,-75.56116862,BUENOS AIRES,50,35,False
6614,S-64,4,64,CR 36  CL 40,6.23748689,-75.56116862,BUENOS AIRES,50,37,False
6615,S-64,5,64,CR 36  CL 40,6.23748689,-75.56116862,BUENOS AIRES,50,58,True
6616,S-64,6,64,CR 36  CL 40,6.23748689,-75.56116862,BUENOS AIRES,50,77,True
6617,S-64,7,64,CR 36  CL 40,6.23748689,-75.56116862,BUENOS AIRES,50,80,True
6618,S-64,8,64,CR 36  CL 40,6.23748689,-75.56116862,BUENOS AIRES,50,62,True
6619,S-64,9,64,CR 36  CL 40,6.23748689,-75.56116862,BUENOS AIRES,50,32,False
6620,S-64,10,64,CR 36  CL 40,6.23748689,-75.56116862,BUENOS AIRES,50,64,True
6621,S-65,1,65,CR 36 A  CL 40,6.23785898,-75.56157847,BUENOS AIRES,50,34,False
6622,S-65,2,65,CR 36 A  CL 40,6.23785898,-75.56157847,BUENOS AIRES,50,56,True
6623,S-65,3,65,CR 36 A  CL 40,6.23785898,-75.56157847,BUENOS AIRES,50,73,True
6624,S-65,4,65,CR 36 A  CL 40,6.23785898,-75.56157847,BUENOS AIRES,50,41,False
6625,S-65,5,65,CR 36 A  CL 40,6.23785898,-75.56157847,BUENOS AIRES,50,49,False
6626,S-65,6,65,CR 36 A  CL 40,6.23785898,-75.56157847,BUENOS AIRES,50,74,True
6627,S-65,7,65,CR 36 A  CL 40,6.23785898,-75.56157847,BUENOS AIRES,50,49,False
6628,S-65,8,65,CR 36 A  CL 40,6.23785898,-75.56157847,BUENOS AIRES,50,38,False
6629,S-65,9,65,CR 36 A  CL 40,6.23785898,-75.56157847,BUENOS AIRES,50,68,True
6630,S-65,10,65,CR 36 A  CL 40,6.23785898,-75.56157847,BUENOS AIRES,50,33,False
6631,S-66,1,66,CR 36 A  CL 45,6.24095985,-75.55922631,BUENOS AIRES,50,80,True
6632,S-66,2,66,CR 36 A  CL 45,6.24095985,-75.55922631,BUENOS AIRES,50,48,False
6633,S-66,3,66,CR 36 A  CL 45,6.24095985,-75.55922631,BUENOS AIRES,50,67,True
6634,S-66,4,66,CR 36 A  CL 45,6.24095985,-75.55922631,BUENOS AIRES,50,56,True
6635,S-66,5,66,CR 36 A  CL 45,6.24095985,-75.55922631,BUENOS AIRES,50,74,True
6636,S-66,6,66,CR 36 A  CL 45,6.24095985,-75.55922631,BUENOS AIRES,50,72,True
6637,S-66,7,66,CR 36 A  CL 45,6.24095985,-75.55922631,BUENOS AIRES,50,42,False
6638,S-66,8,66,CR 36 A  CL 45,6.24095985,-75.55922631,BUENOS AIRES,50,42,False
6639,S-66,9,66,CR 36 A  CL 45,6.24095985,-75.55922631,BUENOS AIRES,50,51,True
6640,S-66,10,66,CR 36 A  CL 45,6.24095985,-75.55922631,BUENOS AIRES,50,57,True
6641,S-67,1,67,CR 36 A  CL 47,6.24157459,-75.55871397,BUENOS AIRES,50,76,True
6642,S-67,2,67,CR 36 A  CL 47,6.24157459,-75.55871397,BUENOS AIRES,50,74,True
6643,S-67,3,67,CR 36 A  CL 47,6.24157459,-75.55871397,BUENOS AIRES,50,51,True
6644,S-67,4,67,CR 36 A  CL 47,6.24157459,-75.55871397,BUENOS AIRES,50,72,True
6645,S-67,5,67,CR 36 A  CL 47,6.24157459,-75.55871397,BUENOS AIRES,50,48,False
6646,S-67,6,67,CR 36 A  CL 47,6.24157459,-75.55871397,BUENOS AIRES,50,37,False
6647,S-67,7,67,CR 36 A  CL 47,6.24157459,-75.55871397,BUENOS AIRES,50,37,False
6648,S-67,8,67,CR 36 A  CL 47,6.24157459,-75.55871397,BUENOS AIRES,50,71,True
6649,S-67,9,67,CR 36 A  CL 47,6.24157459,-75.55871397,BUENOS AIRES,50,55,True
6650,S-67,10,67,CR 36 A  CL 47,6.24157459,-75.55871397,BUENOS AIRES,50,77,True
6651,S-68,1,68,CR 36 A  CL 50,6.24438738,-75.55754309,LA CANDELARIA,50,80,True
6652,S-68,2,68,CR 36 A  CL 50,6.24438738,-75.55754309,LA CANDELARIA,50,55,True
6653,S-68,3,68,CR 36 A  CL 50,6.24438738,-75.55754309,LA CANDELARIA,50,52,True
6654,S-68,4,68,CR 36 A  CL 50,6.24438738,-75.55754309,LA CANDELARIA,50,72,True
6655,S-68,5,68,CR 36 A  CL 50,6.24438738,-75.55754309,LA CANDELARIA,50,42,False
6656,S-68,6,68,CR 36 A  CL 50,6.24438738,-75.55754309,LA CANDELARIA,50,57,True
6657,S-68,7,68,CR 36 A  CL 50,6.24438738,-75.55754309,LA CANDELARIA,50,38,False
6658,S-68,8,68,CR 36 A  CL 50,6.24438738,-75.55754309,LA CANDELARIA,50,49,False
6659,S-68,9,68,CR 36 A  CL 50,6.24438738,-75.55754309,LA CANDELARIA,50,48,False
6660,S-68,10,68,CR 36 A  CL 50,6.24438738,-75.55754309,LA CANDELARIA,50,77,True
6661,S-69,1,69,CR 36 A  CL 51,6.24533855,-75.55651258,LA CANDELARIA,50,68,True
6662,S-69,2,69,CR 36 A  CL 51,6.24533855,-75.55651258,LA CANDELARIA,50,80,True
6663,S-69,3,69,CR 36 A  CL 51,6.24533855,-75.55651258,LA CANDELARIA,50,41,False
6664,S-69,4,69,CR 36 A  CL 51,6.24533855,-75.55651258,LA CANDELARIA,50,44,False
6665,S-69,5,69,CR 36 A  CL 51,6.24533855,-75.55651258,LA CANDELARIA,50,60,True
6666,S-69,6,69,CR 36 A  CL 51,6.24533855,-75.55651258,LA CANDELARIA,50,43,False
6667,S-69,7,69,CR 36 A  CL 51,6.24533855,-75.55651258,LA CANDELARIA,50,40,False
6668,S-69,8,69,CR 36 A  CL 51,6.24533855,-75.55651258,LA CANDELARIA,50,55,True
6669,S-69,9,69,CR 36 A  CL 51,6.24533855,-75.55651258,LA CANDELARIA,50,71,True
6670,S-69,10,69,CR 36 A  CL 51,6.24533855,-75.55651258,LA CANDELARIA,50,56,True
6671,S-70,1,70,CR 36 A  CL 54,6.24673199,-75.55616676,LA CANDELARIA,50,40,False
6672,S-70,2,70,CR 36 A  CL 54,6.24673199,-75.55616676,LA CANDELARIA,50,67,True
6673,S-70,3,70,CR 36 A  CL 54,6.24673199,-75.55616676,LA CANDELARIA,50,63,True
6674,S-70,4,70,CR 36 A  CL 54,6.24673199,-75.55616676,LA CANDELARIA,50,72,True
6675,S-70,5,70,CR 36 A  CL 54,6.24673199,-75.55616676,LA CANDELARIA,50,48,False
6676,S-70,6,70,CR 36 A  CL 54,6.24673199,-75.55616676,LA CANDELARIA,50,35,False
6677,S-70,7,70,CR 36 A  CL 54,6.24673199,-75.55616676,LA CANDELARIA,50,75,True
6678,S-70,8,70,CR 36 A  CL 54,6.24673199,-75.55616676,LA CANDELARIA,50,67,True
6679,S-70,9,70,CR 36 A  CL 54,6.24673199,-75.55616676,LA CANDELARIA,50,78,True
6680,S-70,10,70,CR 36 A  CL 54,6.24673199,-75.55616676,LA CANDELARIA,50,71,True
6681,S-111,1,111,CR 43 B  CL 8 SCARULLA,6.19812274,-75.57549354,EL POBLADO,50,57,True
6682,S-111,2,111,CR 43 B  CL 8 SCARULLA,6.19812274,-75.57549354,EL POBLADO,50,30,False
6683,S-111,3,111,CR 43 B  CL 8 SCARULLA,6.19812274,-75.57549354,EL POBLADO,50,64,True
6684,S-111,4,111,CR 43 B  CL 8 SCARULLA,6.19812274,-75.57549354,EL POBLADO,50,69,True
6685,S-111,5,111,CR 43 B  CL 8 SCARULLA,6.19812274,-75.57549354,EL POBLADO,50,37,False
6686,S-111,6,111,CR 43 B  CL 8 SCARULLA,6.19812274,-75.57549354,EL POBLADO,50,76,True
6687,S-111,7,111,CR 43 B  CL 8 SCARULLA,6.19812274,-75.57549354,EL POBLADO,50,36,False
6688,S-111,8,111,CR 43 B  CL 8 SCARULLA,6.19812274,-75.57549354,EL POBLADO,50,40,False
6689,S-111,9,111,CR 43 B  CL 8 SCARULLA,6.19812274,-75.57549354,EL POBLADO,50,68,True
6690,S-111,10,111,CR 43 B  CL 8 SCARULLA,6.19812274,-75.57549354,EL POBLADO,50,33,False
6691,S-112,1,112,CR 43 C  CL 3 SCañaveral,6.20197722,-75.57453617,EL POBLADO,50,54,True
6692,S-112,2,112,CR 43 C  CL 3 SCañaveral,6.20197722,-75.57453617,EL POBLADO,50,41,False
6693,S-112,3,112,CR 43 C  CL 3 SCañaveral,6.20197722,-75.57453617,EL POBLADO,50,55,True
6694,S-112,4,112,CR 43 C  CL 3 SCañaveral,6.20197722,-75.57453617,EL POBLADO,50,67,True
6695,S-112,5,112,CR 43 C  CL 3 SCañaveral,6.20197722,-75.57453617,EL POBLADO,50,75,True
6696,S-112,6,112,CR 43 C  CL 3 SCañaveral,6.20197722,-75.57453617,EL POBLADO,50,41,False
6697,S-112,7,112,CR 43 C  CL 3 SCañaveral,6.20197722,-75.57453617,EL POBLADO,50,72,True
6698,S-112,8,112,CR 43 C  CL 3 SCañaveral,6.20197722,-75.57453617,EL POBLADO,50,80,True
6699,S-112,9,112,CR 43 C  CL 3 SCañaveral,6.20197722,-75.57453617,EL POBLADO,50,66,True
6700,S-112,10,112,CR 43 C  CL 3 SCañaveral,6.20197722,-75.57453617,EL POBLADO,50,75,True
6701,S-113,1,113,CR 43 C  CL 7 SSHERATON,6.19955074,-75.57637293,EL POBLADO,50,53,True
6702,S-113,2,113,CR 43 C  CL 7 SSHERATON,6.19955074,-75.57637293,EL POBLADO,50,45,False
6703,S-113,3,113,CR 43 C  CL 7 SSHERATON,6.19955074,-75.57637293,EL POBLADO,50,42,False
6704,S-113,4,113,CR 43 C  CL 7 SSHERATON,6.19955074,-75.57637293,EL POBLADO,50,54,True
6705,S-113,5,113,CR 43 C  CL 7 SSHERATON,6.19955074,-75.57637293,EL POBLADO,50,33,False
6706,S-113,6,113,CR 43 C  CL 7 SSHERATON,6.19955074,-75.57637293,EL POBLADO,50,40,False
6707,S-113,7,113,CR 43 C  CL 7 SSHERATON,6.19955074,-75.57637293,EL POBLADO,50,61,True
6708,S-113,8,113,CR 43 C  CL 7 SSHERATON,6.19955074,-75.57637293,EL POBLADO,50,78,True
6709,S-113,9,113,CR 43 C  CL 7 SSHERATON,6.19955074,-75.57637293,EL POBLADO,50,36,False
6710,S-113,10,113,CR 43 C  CL 7 SSHERATON,6.19955074,-75.57637293,EL POBLADO,50,75,True
6711,S-114,1,114,CR 43 C  CL 6 SPOMONA,6.2003752,-75.57599246,EL POBLADO,50,40,False
6712,S-114,2,114,CR 43 C  CL 6 SPOMONA,6.2003752,-75.57599246,EL POBLADO,50,57,True
6713,S-114,3,114,CR 43 C  CL 6 SPOMONA,6.2003752,-75.57599246,EL POBLADO,50,70,True
6714,S-114,4,114,CR 43 C  CL 6 SPOMONA,6.2003752,-75.57599246,EL POBLADO,50,52,True
6715,S-114,5,114,CR 43 C  CL 6 SPOMONA,6.2003752,-75.57599246,EL POBLADO,50,74,True
6716,S-114,6,114,CR 43 C  CL 6 SPOMONA,6.2003752,-75.57599246,EL POBLADO,50,52,True
6717,S-114,7,114,CR 43 C  CL 6 SPOMONA,6.2003752,-75.57599246,EL POBLADO,50,79,True
6718,S-114,8,114,CR 43 C  CL 6 SPOMONA,6.2003752,-75.57599246,EL POBLADO,50,57,True
6719,S-114,9,114,CR 43 C  CL 6 SPOMONA,6.2003752,-75.57599246,EL POBLADO,50,72,True
6720,S-114,10,114,CR 43 C  CL 6 SPOMONA,6.2003752,-75.57599246,EL POBLADO,50,76,True
6721,S-169,1,169,CR 45  CL 88,6.28047343,-75.55276504,ARANJUEZ,50,55,True
6722,S-169,2,169,CR 45  CL 88,6.28047343,-75.55276504,ARANJUEZ,50,54,True
6723,S-169,3,169,CR 45  CL 88,6.28047343,-75.55276504,ARANJUEZ,50,58,True
6724,S-169,4,169,CR 45  CL 88,6.28047343,-75.55276504,ARANJUEZ,50,48,False
6725,S-169,5,169,CR 45  CL 88,6.28047343,-75.55276504,ARANJUEZ,50,62,True
6726,S-169,6,169,CR 45  CL 88,6.28047343,-75.55276504,ARANJUEZ,50,65,True
6727,S-169,7,169,CR 45  CL 88,6.28047343,-75.55276504,ARANJUEZ,50,43,False
6728,S-169,8,169,CR 45  CL 88,6.28047343,-75.55276504,ARANJUEZ,50,43,False
6729,S-169,9,169,CR 45  CL 88,6.28047343,-75.55276504,ARANJUEZ,50,64,True
6730,S-169,10,169,CR 45  CL 88,6.28047343,-75.55276504,ARANJUEZ,50,59,True
6731,S-170,1,170,CR 45  CL 90,6.28213451,-75.5528456,MANRIQUE,50,57,True
6732,S-170,2,170,CR 45  CL 90,6.28213451,-75.5528456,MANRIQUE,50,46,False
6733,S-170,3,170,CR 45  CL 90,6.28213451,-75.5528456,MANRIQUE,50,32,False
6734,S-170,4,170,CR 45  CL 90,6.28213451,-75.5528456,MANRIQUE,50,45,False
6735,S-170,5,170,CR 45  CL 90,6.28213451,-75.5528456,MANRIQUE,50,75,True
6736,S-170,6,170,CR 45  CL 90,6.28213451,-75.5528456,MANRIQUE,50,59,True
6737,S-170,7,170,CR 45  CL 90,6.28213451,-75.5528456,MANRIQUE,50,58,True
6738,S-170,8,170,CR 45  CL 90,6.28213451,-75.5528456,MANRIQUE,50,74,True
6739,S-170,9,170,CR 45  CL 90,6.28213451,-75.5528456,MANRIQUE,50,44,False
6740,S-170,10,170,CR 45  CL 90,6.28213451,-75.5528456,MANRIQUE,50,75,True
6741,S-190,1,190,CR 46  CL 93,6.28445134,-75.55362463,ARANJUEZ,50,54,True
6742,S-190,2,190,CR 46  CL 93,6.28445134,-75.55362463,ARANJUEZ,50,80,True
6743,S-190,3,190,CR 46  CL 93,6.28445134,-75.55362463,ARANJUEZ,50,67,True
6744,S-190,4,190,CR 46  CL 93,6.28445134,-75.55362463,ARANJUEZ,50,71,True
6745,S-190,5,190,CR 46  CL 93,6.28445134,-75.55362463,ARANJUEZ,50,76,True
6746,S-190,6,190,CR 46  CL 93,6.28445134,-75.55362463,ARANJUEZ,50,67,True
6747,S-190,7,190,CR 46  CL 93,6.28445134,-75.55362463,ARANJUEZ,50,52,True
6748,S-190,8,190,CR 46  CL 93,6.28445134,-75.55362463,ARANJUEZ,50,54,True
6749,S-190,9,190,CR 46  CL 93,6.28445134,-75.55362463,ARANJUEZ,50,71,True
6750,S-190,10,190,CR 46  CL 93,6.28445134,-75.55362463,ARANJUEZ,50,36,False
6751,S-191,1,191,CR 46 A  CL 93,6.28444353,-75.55427696,ARANJUEZ,50,51,True
6752,S-191,2,191,CR 46 A  CL 93,6.28444353,-75.55427696,ARANJUEZ,50,46,False
6753,S-191,3,191,CR 46 A  CL 93,6.28444353,-75.55427696,ARANJUEZ,50,47,False
6754,S-191,4,191,CR 46 A  CL 93,6.28444353,-75.55427696,ARANJUEZ,50,78,True
6755,S-191,5,191,CR 46 A  CL 93,6.28444353,-75.55427696,ARANJUEZ,50,70,True
6756,S-191,6,191,CR 46 A  CL 93,6.28444353,-75.55427696,ARANJUEZ,50,39,False
6757,S-191,7,191,CR 46 A  CL 93,6.28444353,-75.55427696,ARANJUEZ,50,39,False
6758,S-191,8,191,CR 46 A  CL 93,6.28444353,-75.55427696,ARANJUEZ,50,36,False
6759,S-191,9,191,CR 46 A  CL 93,6.28444353,-75.55427696,ARANJUEZ,50,77,True
6760,S-191,10,191,CR 46 A  CL 93,6.28444353,-75.55427696,ARANJUEZ,50,79,True
6761,S-213,1,213,CR 48  CL 18 APeat Ciudad del Rio,6.221218,-75.57543884,EL POBLADO,50,67,True
6762,S-213,2,213,CR 48  CL 18 APeat Ciudad del Rio,6.221218,-75.57543884,EL POBLADO,50,56,True
6763,S-213,3,213,CR 48  CL 18 APeat Ciudad del Rio,6.221218,-75.57543884,EL POBLADO,50,62,True
6764,S-213,4,213,CR 48  CL 18 APeat Ciudad del Rio,6.221218,-75.57543884,EL POBLADO,50,30,False
6765,S-213,5,213,CR 48  CL 18 APeat Ciudad del Rio,6.221218,-75.57543884,EL POBLADO,50,73,True
6766,S-213,6,213,CR 48  CL 18 APeat Ciudad del Rio,6.221218,-75.57543884,EL POBLADO,50,63,True
6767,S-213,7,213,CR 48  CL 18 APeat Ciudad del Rio,6.221218,-75.57543884,EL POBLADO,50,33,False
6768,S-213,8,213,CR 48  CL 18 APeat Ciudad del Rio,6.221218,-75.57543884,EL POBLADO,50,46,False
6769,S-213,9,213,CR 48  CL 18 APeat Ciudad del Rio,6.221218,-75.57543884,EL POBLADO,50,33,False
6770,S-213,10,213,CR 48  CL 18 APeat Ciudad del Rio,6.221218,-75.57543884,EL POBLADO,50,72,True
6771,S-231,1,231,CR 48  CL 93,6.28449476,-75.55548417,ARANJUEZ,50,55,True
6772,S-231,2,231,CR 48  CL 93,6.28449476,-75.55548417,ARANJUEZ,50,33,False
6773,S-231,3,231,CR 48  CL 93,6.28449476,-75.55548417,ARANJUEZ,50,30,False
6774,S-231,4,231,CR 48  CL 93,6.28449476,-75.55548417,ARANJUEZ,50,36,False
6775,S-231,5,231,CR 48  CL 93,6.28449476,-75.55548417,ARANJUEZ,50,59,True
6776,S-231,6,231,CR 48  CL 93,6.28449476,-75.55548417,ARANJUEZ,50,79,True
6777,S-231,7,231,CR 48  CL 93,6.28449476,-75.55548417,ARANJUEZ,50,38,False
6778,S-231,8,231,CR 48  CL 93,6.28449476,-75.55548417,ARANJUEZ,50,64,True
6779,S-231,9,231,CR 48  CL 93,6.28449476,-75.55548417,ARANJUEZ,50,37,False
6780,S-231,10,231,CR 48  CL 93,6.28449476,-75.55548417,ARANJUEZ,50,53,True
6781,S-243,1,243,CR 49 A  CL 93,6.28454681,-75.55673857,ARANJUEZ,50,48,False
6782,S-243,2,243,CR 49 A  CL 93,6.28454681,-75.55673857,ARANJUEZ,50,65,True
6783,S-243,3,243,CR 49 A  CL 93,6.28454681,-75.55673857,ARANJUEZ,50,79,True
6784,S-243,4,243,CR 49 A  CL 93,6.28454681,-75.55673857,ARANJUEZ,50,72,True
6785,S-243,5,243,CR 49 A  CL 93,6.28454681,-75.55673857,ARANJUEZ,50,56,True
6786,S-243,6,243,CR 49 A  CL 93,6.28454681,-75.55673857,ARANJUEZ,50,61,True
6787,S-243,7,243,CR 49 A  CL 93,6.28454681,-75.55673857,ARANJUEZ,50,43,False
6788,S-243,8,243,CR 49 A  CL 93,6.28454681,-75.55673857,ARANJUEZ,50,47,False
6789,S-243,9,243,CR 49 A  CL 93,6.28454681,-75.55673857,ARANJUEZ,50,57,True
6790,S-243,10,243,CR 49 A  CL 93,6.28454681,-75.55673857,ARANJUEZ,50,58,True
6791,S-244,1,244,CR 49 A  CL 94,6.28585162,-75.55663837,ARANJUEZ,50,45,False
6792,S-244,2,244,CR 49 A  CL 94,6.28585162,-75.55663837,ARANJUEZ,50,64,True
6793,S-244,3,244,CR 49 A  CL 94,6.28585162,-75.55663837,ARANJUEZ,50,76,True
6794,S-244,4,244,CR 49 A  CL 94,6.28585162,-75.55663837,ARANJUEZ,50,60,True
6795,S-244,5,244,CR 49 A  CL 94,6.28585162,-75.55663837,ARANJUEZ,50,33,False
6796,S-244,6,244,CR 49 A  CL 94,6.28585162,-75.55663837,ARANJUEZ,50,66,True
6797,S-244,7,244,CR 49 A  CL 94,6.28585162,-75.55663837,ARANJUEZ,50,46,False
6798,S-244,8,244,CR 49 A  CL 94,6.28585162,-75.55663837,ARANJUEZ,50,68,True
6799,S-244,9,244,CR 49 A  CL 94,6.28585162,-75.55663837,ARANJUEZ,50,77,True
6800,S-244,10,244,CR 49 A  CL 94,6.28585162,-75.55663837,ARANJUEZ,50,75,True
6801,S-267,1,267,CR 50 E  CL 2 S,6.20506563,-75.58208831,GUAYABAL,50,55,True
6802,S-267,2,267,CR 50 E  CL 2 S,6.20506563,-75.58208831,GUAYABAL,50,77,True
6803,S-267,3,267,CR 50 E  CL 2 S,6.20506563,-75.58208831,GUAYABAL,50,68,True
6804,S-267,4,267,CR 50 E  CL 2 S,6.20506563,-75.58208831,GUAYABAL,50,70,True
6805,S-267,5,267,CR 50 E  CL 2 S,6.20506563,-75.58208831,GUAYABAL,50,33,False
6806,S-267,6,267,CR 50 E  CL 2 S,6.20506563,-75.58208831,GUAYABAL,50,59,True
6807,S-267,7,267,CR 50 E  CL 2 S,6.20506563,-75.58208831,GUAYABAL,50,59,True
6808,S-267,8,267,CR 50 E  CL 2 S,6.20506563,-75.58208831,GUAYABAL,50,51,True
6809,S-267,9,267,CR 50 E  CL 2 S,6.20506563,-75.58208831,GUAYABAL,50,40,False
6810,S-267,10,267,CR 50 E  CL 2 S,6.20506563,-75.58208831,GUAYABAL,50,31,False
6811,S-274,1,274,CR 51  CL 2 S,6.20592059,-75.5840759,GUAYABAL,50,73,True
6812,S-274,2,274,CR 51  CL 2 S,6.20592059,-75.5840759,GUAYABAL,50,41,False
6813,S-274,3,274,CR 51  CL 2 S,6.20592059,-75.5840759,GUAYABAL,50,59,True
6814,S-274,4,274,CR 51  CL 2 S,6.20592059,-75.5840759,GUAYABAL,50,65,True
6815,S-274,5,274,CR 51  CL 2 S,6.20592059,-75.5840759,GUAYABAL,50,47,False
6816,S-274,6,274,CR 51  CL 2 S,6.20592059,-75.5840759,GUAYABAL,50,55,True
6817,S-274,7,274,CR 51  CL 2 S,6.20592059,-75.5840759,GUAYABAL,50,36,False
6818,S-274,8,274,CR 51  CL 2 S,6.20592059,-75.5840759,GUAYABAL,50,30,False
6819,S-274,9,274,CR 51  CL 2 S,6.20592059,-75.5840759,GUAYABAL,50,55,True
6820,S-274,10,274,CR 51  CL 2 S,6.20592059,-75.5840759,GUAYABAL,50,52,True
6821,S-308,1,308,CR 52  CL 4 S,6.20533692,-75.58653392,GUAYABAL,50,55,True
6822,S-308,2,308,CR 52  CL 4 S,6.20533692,-75.58653392,GUAYABAL,50,74,True
6823,S-308,3,308,CR 52  CL 4 S,6.20533692,-75.58653392,GUAYABAL,50,35,False
6824,S-308,4,308,CR 52  CL 4 S,6.20533692,-75.58653392,GUAYABAL,50,35,False
6825,S-308,5,308,CR 52  CL 4 S,6.20533692,-75.58653392,GUAYABAL,50,73,True
6826,S-308,6,308,CR 52  CL 4 S,6.20533692,-75.58653392,GUAYABAL,50,37,False
6827,S-308,7,308,CR 52  CL 4 S,6.20533692,-75.58653392,GUAYABAL,50,53,True
6828,S-308,8,308,CR 52  CL 4 S,6.20533692,-75.58653392,GUAYABAL,50,51,True
6829,S-308,9,308,CR 52  CL 4 S,6.20533692,-75.58653392,GUAYABAL,50,48,False
6830,S-308,10,308,CR 52  CL 4 S,6.20533692,-75.58653392,GUAYABAL,50,66,True
6831,S-311,1,311,CR 52  CL 29 BSalida Metro Plus Est. Ind.,6.23077153,-75.57725387,GUAYABAL,50,47,False
6832,S-311,2,311,CR 52  CL 29 BSalida Metro Plus Est. Ind.,6.23077153,-75.57725387,GUAYABAL,50,60,True
6833,S-311,3,311,CR 52  CL 29 BSalida Metro Plus Est. Ind.,6.23077153,-75.57725387,GUAYABAL,50,66,True
6834,S-311,4,311,CR 52  CL 29 BSalida Metro Plus Est. Ind.,6.23077153,-75.57725387,GUAYABAL,50,59,True
6835,S-311,5,311,CR 52  CL 29 BSalida Metro Plus Est. Ind.,6.23077153,-75.57725387,GUAYABAL,50,71,True
6836,S-311,6,311,CR 52  CL 29 BSalida Metro Plus Est. Ind.,6.23077153,-75.57725387,GUAYABAL,50,62,True
6837,S-311,7,311,CR 52  CL 29 BSalida Metro Plus Est. Ind.,6.23077153,-75.57725387,GUAYABAL,50,39,False
6838,S-311,8,311,CR 52  CL 29 BSalida Metro Plus Est. Ind.,6.23077153,-75.57725387,GUAYABAL,50,66,True
6839,S-311,9,311,CR 52  CL 29 BSalida Metro Plus Est. Ind.,6.23077153,-75.57725387,GUAYABAL,50,41,False
6840,S-311,10,311,CR 52  CL 29 BSalida Metro Plus Est. Ind.,6.23077153,-75.57725387,GUAYABAL,50,59,True
6841,S-489,1,489,CR 74  CL 104,6.30144804,-75.57225177,DOCE DE OCTUBRE,50,56,True
6842,S-489,2,489,CR 74  CL 104,6.30144804,-75.57225177,DOCE DE OCTUBRE,50,68,True
6843,S-489,3,489,CR 74  CL 104,6.30144804,-75.57225177,DOCE DE OCTUBRE,50,38,False
6844,S-489,4,489,CR 74  CL 104,6.30144804,-75.57225177,DOCE DE OCTUBRE,50,50,False
6845,S-489,5,489,CR 74  CL 104,6.30144804,-75.57225177,DOCE DE OCTUBRE,50,41,False
6846,S-489,6,489,CR 74  CL 104,6.30144804,-75.57225177,DOCE DE OCTUBRE,50,58,True
6847,S-489,7,489,CR 74  CL 104,6.30144804,-75.57225177,DOCE DE OCTUBRE,50,62,True
6848,S-489,8,489,CR 74  CL 104,6.30144804,-75.57225177,DOCE DE OCTUBRE,50,72,True
6849,S-489,9,489,CR 74  CL 104,6.30144804,-75.57225177,DOCE DE OCTUBRE,50,44,False
6850,S-489,10,489,CR 74  CL 104,6.30144804,-75.57225177,DOCE DE OCTUBRE,50,31,False
6851,S-490,1,490,CR 74 A  CL 104,6.30193097,-75.57316085,DOCE DE OCTUBRE,50,68,True
6852,S-490,2,490,CR 74 A  CL 104,6.30193097,-75.57316085,DOCE DE OCTUBRE,50,73,True
6853,S-490,3,490,CR 74 A  CL 104,6.30193097,-75.57316085,DOCE DE OCTUBRE,50,47,False
6854,S-490,4,490,CR 74 A  CL 104,6.30193097,-75.57316085,DOCE DE OCTUBRE,50,32,False
6855,S-490,5,490,CR 74 A  CL 104,6.30193097,-75.57316085,DOCE DE OCTUBRE,50,36,False
6856,S-490,6,490,CR 74 A  CL 104,6.30193097,-75.57316085,DOCE DE OCTUBRE,50,72,True
6857,S-490,7,490,CR 74 A  CL 104,6.30193097,-75.57316085,DOCE DE OCTUBRE,50,47,False
6858,S-490,8,490,CR 74 A  CL 104,6.30193097,-75.57316085,DOCE DE OCTUBRE,50,73,True
6859,S-490,9,490,CR 74 A  CL 104,6.30193097,-75.57316085,DOCE DE OCTUBRE,50,67,True
6860,S-490,10,490,CR 74 A  CL 104,6.30193097,-75.57316085,DOCE DE OCTUBRE,50,66,True
6861,S-526,1,526,CR 80 A  CL 63Exito Robledo,6.2735347,-75.59406779,ROBLEDO,50,62,True
6862,S-526,2,526,CR 80 A  CL 63Exito Robledo,6.2735347,-75.59406779,ROBLEDO,50,73,True
6863,S-526,3,526,CR 80 A  CL 63Exito Robledo,6.2735347,-75.59406779,ROBLEDO,50,60,True
6864,S-526,4,526,CR 80 A  CL 63Exito Robledo,6.2735347,-75.59406779,ROBLEDO,50,40,False
6865,S-526,5,526,CR 80 A  CL 63Exito Robledo,6.2735347,-75.59406779,ROBLEDO,50,33,False
6866,S-526,6,526,CR 80 A  CL 63Exito Robledo,6.2735347,-75.59406779,ROBLEDO,50,47,False
6867,S-526,7,526,CR 80 A  CL 63Exito Robledo,6.2735347,-75.59406779,ROBLEDO,50,33,False
6868,S-526,8,526,CR 80 A  CL 63Exito Robledo,6.2735347,-75.59406779,ROBLEDO,50,78,True
6869,S-526,9,526,CR 80 A  CL 63Exito Robledo,6.2735347,-75.59406779,ROBLEDO,50,63,True
6870,S-526,10,526,CR 80 A  CL 63Exito Robledo,6.2735347,-75.59406779,ROBLEDO,50,58,True
6871,S-552,1,552,CR 80  CR 78Fac Minas,6.27380985,-75.59175681,,50,53,True
6872,S-552,2,552,CR 80  CR 78Fac Minas,6.27380985,-75.59175681,,50,51,True
6873,S-552,3,552,CR 80  CR 78Fac Minas,6.27380985,-75.59175681,,50,31,False
6874,S-552,4,552,CR 80  CR 78Fac Minas,6.27380985,-75.59175681,,50,73,True
6875,S-552,5,552,CR 80  CR 78Fac Minas,6.27380985,-75.59175681,,50,35,False
6876,S-552,6,552,CR 80  CR 78Fac Minas,6.27380985,-75.59175681,,50,71,True
6877,S-552,7,552,CR 80  CR 78Fac Minas,6.27380985,-75.59175681,,50,54,True
6878,S-552,8,552,CR 80  CR 78Fac Minas,6.27380985,-75.59175681,,50,50,False
6879,S-552,9,552,CR 80  CR 78Fac Minas,6.27380985,-75.59175681,,50,45,False
6880,S-552,10,552,CR 80  CR 78Fac Minas,6.27380985,-75.59175681,,50,60,True
6881,S-566,1,566,CR 87  CL 30,6.23104588,-75.60980473,BELEN,50,43,False
6882,S-566,2,566,CR 87  CL 30,6.23104588,-75.60980473,BELEN,50,68,True
6883,S-566,3,566,CR 87  CL 30,6.23104588,-75.60980473,BELEN,50,57,True
6884,S-566,4,566,CR 87  CL 30,6.23104588,-75.60980473,BELEN,50,61,True
6885,S-566,5,566,CR 87  CL 30,6.23104588,-75.60980473,BELEN,50,57,True
6886,S-566,6,566,CR 87  CL 30,6.23104588,-75.60980473,BELEN,50,80,True
6887,S-566,7,566,CR 87  CL 30,6.23104588,-75.60980473,BELEN,50,78,True
6888,S-566,8,566,CR 87  CL 30,6.23104588,-75.60980473,BELEN,50,38,False
6889,S-566,9,566,CR 87  CL 30,6.23104588,-75.60980473,BELEN,50,74,True
6890,S-566,10,566,CR 87  CL 30,6.23104588,-75.60980473,BELEN,50,51,True
6891,S-569,1,569,CR 87  CL 47 F,6.25925957,-75.60416751,LA AMERICA,50,61,True
6892,S-569,2,569,CR 87  CL 47 F,6.25925957,-75.60416751,LA AMERICA,50,34,False
6893,S-569,3,569,CR 87  CL 47 F,6.25925957,-75.60416751,LA AMERICA,50,52,True
6894,S-569,4,569,CR 87  CL 47 F,6.25925957,-75.60416751,LA AMERICA,50,34,False
6895,S-569,5,569,CR 87  CL 47 F,6.25925957,-75.60416751,LA AMERICA,50,71,True
6896,S-569,6,569,CR 87  CL 47 F,6.25925957,-75.60416751,LA AMERICA,50,61,True
6897,S-569,7,569,CR 87  CL 47 F,6.25925957,-75.60416751,LA AMERICA,50,39,False
6898,S-569,8,569,CR 87  CL 47 F,6.25925957,-75.60416751,LA AMERICA,50,68,True
6899,S-569,9,569,CR 87  CL 47 F,6.25925957,-75.60416751,LA AMERICA,50,44,False
6900,S-569,10,569,CR 87  CL 47 F,6.25925957,-75.60416751,LA AMERICA,50,36,False
6901,S-570,1,570,CR 87  CL 48 A,6.25968492,-75.6046139,SAN JAVIER,50,58,True
6902,S-570,2,570,CR 87  CL 48 A,6.25968492,-75.6046139,SAN JAVIER,50,76,True
6903,S-570,3,570,CR 87  CL 48 A,6.25968492,-75.6046139,SAN JAVIER,50,32,False
6904,S-570,4,570,CR 87  CL 48 A,6.25968492,-75.6046139,SAN JAVIER,50,48,False
6905,S-570,5,570,CR 87  CL 48 A,6.25968492,-75.6046139,SAN JAVIER,50,39,False
6906,S-570,6,570,CR 87  CL 48 A,6.25968492,-75.6046139,SAN JAVIER,50,57,True
6907,S-570,7,570,CR 87  CL 48 A,6.25968492,-75.6046139,SAN JAVIER,50,58,True
6908,S-570,8,570,CR 87  CL 48 A,6.25968492,-75.6046139,SAN JAVIER,50,44,False
6909,S-570,9,570,CR 87  CL 48 A,6.25968492,-75.6046139,SAN JAVIER,50,64,True
6910,S-570,10,570,CR 87  CL 48 A,6.25968492,-75.6046139,SAN JAVIER,50,35,False
6911,S-588,1,588,CR 64 A  CL 33PASO SEGURO SAMEIN,6.23951621,-75.58132596,LAURELES,50,41,False
6912,S-588,2,588,CR 64 A  CL 33PASO SEGURO SAMEIN,6.23951621,-75.58132596,LAURELES,50,76,True
6913,S-588,3,588,CR 64 A  CL 33PASO SEGURO SAMEIN,6.23951621,-75.58132596,LAURELES,50,67,True
6914,S-588,4,588,CR 64 A  CL 33PASO SEGURO SAMEIN,6.23951621,-75.58132596,LAURELES,50,42,False
6915,S-588,5,588,CR 64 A  CL 33PASO SEGURO SAMEIN,6.23951621,-75.58132596,LAURELES,50,58,True
6916,S-588,6,588,CR 64 A  CL 33PASO SEGURO SAMEIN,6.23951621,-75.58132596,LAURELES,50,48,False
6917,S-588,7,588,CR 64 A  CL 33PASO SEGURO SAMEIN,6.23951621,-75.58132596,LAURELES,50,32,False
6918,S-588,8,588,CR 64 A  CL 33PASO SEGURO SAMEIN,6.23951621,-75.58132596,LAURELES,50,37,False
6919,S-588,9,588,CR 64 A  CL 33PASO SEGURO SAMEIN,6.23951621,-75.58132596,LAURELES,50,37,False
6920,S-588,10,588,CR 64 A  CL 33PASO SEGURO SAMEIN,6.23951621,-75.58132596,LAURELES,50,49,False
6921,S-592,1,592,CR 64 C  CL 78TERMINAL NORTE cost NORORIENTAL,6.27660332,-75.57197131,,50,76,True
6922,S-592,2,592,CR 64 C  CL 78TERMINAL NORTE cost NORORIENTAL,6.27660332,-75.57197131,,50,33,False
6923,S-592,3,592,CR 64 C  CL 78TERMINAL NORTE cost NORORIENTAL,6.27660332,-75.57197131,,50,80,True
6924,S-592,4,592,CR 64 C  CL 78TERMINAL NORTE cost NORORIENTAL,6.27660332,-75.57197131,,50,50,False
6925,S-592,5,592,CR 64 C  CL 78TERMINAL NORTE cost NORORIENTAL,6.27660332,-75.57197131,,50,32,False
6926,S-592,6,592,CR 64 C  CL 78TERMINAL NORTE cost NORORIENTAL,6.27660332,-75.57197131,,50,74,True
6927,S-592,7,592,CR 64 C  CL 78TERMINAL NORTE cost NORORIENTAL,6.27660332,-75.57197131,,50,37,False
6928,S-592,8,592,CR 64 C  CL 78TERMINAL NORTE cost NORORIENTAL,6.27660332,-75.57197131,,50,52,True
6929,S-592,9,592,CR 64 C  CL 78TERMINAL NORTE cost NORORIENTAL,6.27660332,-75.57197131,,50,45,False
6930,S-592,10,592,CR 64 C  CL 78TERMINAL NORTE cost NORORIENTAL,6.27660332,-75.57197131,,50,42,False
6931,S-593,1,593,CR 64 C  CL 81TERMINAL NORTE cost NOROCCIDENTAL,6.27717199,-75.572614,,50,32,False
6932,S-593,2,593,CR 64 C  CL 81TERMINAL NORTE cost NOROCCIDENTAL,6.27717199,-75.572614,,50,77,True
6933,S-593,3,593,CR 64 C  CL 81TERMINAL NORTE cost NOROCCIDENTAL,6.27717199,-75.572614,,50,38,False
6934,S-593,4,593,CR 64 C  CL 81TERMINAL NORTE cost NOROCCIDENTAL,6.27717199,-75.572614,,50,43,False
6935,S-593,5,593,CR 64 C  CL 81TERMINAL NORTE cost NOROCCIDENTAL,6.27717199,-75.572614,,50,42,False
6936,S-593,6,593,CR 64 C  CL 81TERMINAL NORTE cost NOROCCIDENTAL,6.27717199,-75.572614,,50,36,False
6937,S-593,7,593,CR 64 C  CL 81TERMINAL NORTE cost NOROCCIDENTAL,6.27717199,-75.572614,,50,44,False
6938,S-593,8,593,CR 64 C  CL 81TERMINAL NORTE cost NOROCCIDENTAL,6.27717199,-75.572614,,50,36,False
6939,S-593,9,593,CR 64 C  CL 81TERMINAL NORTE cost NOROCCIDENTAL,6.27717199,-75.572614,,50,67,True
6940,S-593,10,593,CR 64 C  CL 81TERMINAL NORTE cost NOROCCIDENTAL,6.27717199,-75.572614,,50,63,True
6941,S-594,1,594,CR 64 C  CL 78TERMINAL NORTE cost SURORIENTAL,6.27575031,-75.57243199,CASTILLA,50,70,True
6942,S-594,2,594,CR 64 C  CL 78TERMINAL NORTE cost SURORIENTAL,6.27575031,-75.57243199,CASTILLA,50,51,True
6943,S-594,3,594,CR 64 C  CL 78TERMINAL NORTE cost SURORIENTAL,6.27575031,-75.57243199,CASTILLA,50,53,True
6944,S-594,4,594,CR 64 C  CL 78TERMINAL NORTE cost SURORIENTAL,6.27575031,-75.57243199,CASTILLA,50,78,True
6945,S-594,5,594,CR 64 C  CL 78TERMINAL NORTE cost SURORIENTAL,6.27575031,-75.57243199,CASTILLA,50,66,True
6946,S-594,6,594,CR 64 C  CL 78TERMINAL NORTE cost SURORIENTAL,6.27575031,-75.57243199,CASTILLA,50,73,True
6947,S-594,7,594,CR 64 C  CL 78TERMINAL NORTE cost SURORIENTAL,6.27575031,-75.57243199,CASTILLA,50,30,False
6948,S-594,8,594,CR 64 C  CL 78TERMINAL NORTE cost SURORIENTAL,6.27575031,-75.57243199,CASTILLA,50,39,False
6949,S-594,9,594,CR 64 C  CL 78TERMINAL NORTE cost SURORIENTAL,6.27575031,-75.57243199,CASTILLA,50,72,True
6950,S-594,10,594,CR 64 C  CL 78TERMINAL NORTE cost SURORIENTAL,6.27575031,-75.57243199,CASTILLA,50,45,False
6951,S-395,1,395,CR 50  CL 4 S,6.20314851,-75.58069654,GUAYABAL,50,75,True
6952,S-395,2,395,CR 50  CL 4 S,6.20314851,-75.58069654,GUAYABAL,50,37,False
6953,S-395,3,395,CR 50  CL 4 S,6.20314851,-75.58069654,GUAYABAL,50,78,True
6954,S-395,4,395,CR 50  CL 4 S,6.20314851,-75.58069654,GUAYABAL,50,54,True
6955,S-395,5,395,CR 50  CL 4 S,6.20314851,-75.58069654,GUAYABAL,50,79,True
6956,S-395,6,395,CR 50  CL 4 S,6.20314851,-75.58069654,GUAYABAL,50,41,False
6957,S-395,7,395,CR 50  CL 4 S,6.20314851,-75.58069654,GUAYABAL,50,54,True
6958,S-395,8,395,CR 50  CL 4 S,6.20314851,-75.58069654,GUAYABAL,50,46,False
6959,S-395,9,395,CR 50  CL 4 S,6.20314851,-75.58069654,GUAYABAL,50,55,True
6960,S-395,10,395,CR 50  CL 4 S,6.20314851,-75.58069654,GUAYABAL,50,75,True
6961,S-396,1,396,CR 64 B  CL 50PASO SEGURO,6.25530767,-75.57941578,LAURELES,50,77,True
6962,S-396,2,396,CR 64 B  CL 50PASO SEGURO,6.25530767,-75.57941578,LAURELES,50,43,False
6963,S-396,3,396,CR 64 B  CL 50PASO SEGURO,6.25530767,-75.57941578,LAURELES,50,70,True
6964,S-396,4,396,CR 64 B  CL 50PASO SEGURO,6.25530767,-75.57941578,LAURELES,50,65,True
6965,S-396,5,396,CR 64 B  CL 50PASO SEGURO,6.25530767,-75.57941578,LAURELES,50,52,True
6966,S-396,6,396,CR 64 B  CL 50PASO SEGURO,6.25530767,-75.57941578,LAURELES,50,72,True
6967,S-396,7,396,CR 64 B  CL 50PASO SEGURO,6.25530767,-75.57941578,LAURELES,50,35,False
6968,S-396,8,396,CR 64 B  CL 50PASO SEGURO,6.25530767,-75.57941578,LAURELES,50,76,True
6969,S-396,9,396,CR 64 B  CL 50PASO SEGURO,6.25530767,-75.57941578,LAURELES,50,34,False
6970,S-396,10,396,CR 64 B  CL 50PASO SEGURO,6.25530767,-75.57941578,LAURELES,50,72,True
6971,S-205,1,205,CR 48  CL 4 SCost sur,6.20269404,-75.57719772,EL POBLADO,50,54,True
6972,S-205,2,205,CR 48  CL 4 SCost sur,6.20269404,-75.57719772,EL POBLADO,50,47,False
6973,S-205,3,205,CR 48  CL 4 SCost sur,6.20269404,-75.57719772,EL POBLADO,50,42,False
6974,S-205,4,205,CR 48  CL 4 SCost sur,6.20269404,-75.57719772,EL POBLADO,50,72,True
6975,S-205,5,205,CR 48  CL 4 SCost sur,6.20269404,-75.57719772,EL POBLADO,50,43,False
6976,S-205,6,205,CR 48  CL 4 SCost sur,6.20269404,-75.57719772,EL POBLADO,50,57,True
6977,S-205,7,205,CR 48  CL 4 SCost sur,6.20269404,-75.57719772,EL POBLADO,50,47,False
6978,S-205,8,205,CR 48  CL 4 SCost sur,6.20269404,-75.57719772,EL POBLADO,50,57,True
6979,S-205,9,205,CR 48  CL 4 SCost sur,6.20269404,-75.57719772,EL POBLADO,50,80,True
6980,S-205,10,205,CR 48  CL 4 SCost sur,6.20269404,-75.57719772,EL POBLADO,50,56,True
6981,S-206,1,206,CR 48  CL 4 SPeatonal,6.20306984,-75.57723012,EL POBLADO,50,61,True
6982,S-206,2,206,CR 48  CL 4 SPeatonal,6.20306984,-75.57723012,EL POBLADO,50,76,True
6983,S-206,3,206,CR 48  CL 4 SPeatonal,6.20306984,-75.57723012,EL POBLADO,50,38,False
6984,S-206,4,206,CR 48  CL 4 SPeatonal,6.20306984,-75.57723012,EL POBLADO,50,69,True
6985,S-206,5,206,CR 48  CL 4 SPeatonal,6.20306984,-75.57723012,EL POBLADO,50,61,True
6986,S-206,6,206,CR 48  CL 4 SPeatonal,6.20306984,-75.57723012,EL POBLADO,50,49,False
6987,S-206,7,206,CR 48  CL 4 SPeatonal,6.20306984,-75.57723012,EL POBLADO,50,57,True
6988,S-206,8,206,CR 48  CL 4 SPeatonal,6.20306984,-75.57723012,EL POBLADO,50,62,True
6989,S-206,9,206,CR 48  CL 4 SPeatonal,6.20306984,-75.57723012,EL POBLADO,50,33,False
6990,S-206,10,206,CR 48  CL 4 SPeatonal,6.20306984,-75.57723012,EL POBLADO,50,75,True
6991,S-430,1,430,CR 65  CL 101,6.29651849,-75.56757161,CASTILLA,50,63,True
6992,S-430,2,430,CR 65  CL 101,6.29651849,-75.56757161,CASTILLA,50,77,True
6993,S-430,3,430,CR 65  CL 101,6.29651849,-75.56757161,CASTILLA,50,32,False
6994,S-430,4,430,CR 65  CL 101,6.29651849,-75.56757161,CASTILLA,50,55,True
6995,S-430,5,430,CR 65  CL 101,6.29651849,-75.56757161,CASTILLA,50,37,False
6996,S-430,6,430,CR 65  CL 101,6.29651849,-75.56757161,CASTILLA,50,35,False
6997,S-430,7,430,CR 65  CL 101,6.29651849,-75.56757161,CASTILLA,50,45,False
6998,S-430,8,430,CR 65  CL 101,6.29651849,-75.56757161,CASTILLA,50,53,True
6999,S-430,9,430,CR 65  CL 101,6.29651849,-75.56757161,CASTILLA,50,77,True
7000,S-430,10,430,CR 65  CL 101,6.29651849,-75.56757161,CASTILLA,50,68,True
7001,S-431,1,431,CR 65  CL 103 E,6.2990491,-75.56675705,CASTILLA,50,59,True
7002,S-431,2,431,CR 65  CL 103 E,6.2990491,-75.56675705,CASTILLA,50,74,True
7003,S-431,3,431,CR 65  CL 103 E,6.2990491,-75.56675705,CASTILLA,50,42,False
7004,S-431,4,431,CR 65  CL 103 E,6.2990491,-75.56675705,CASTILLA,50,34,False
7005,S-431,5,431,CR 65  CL 103 E,6.2990491,-75.56675705,CASTILLA,50,54,True
7006,S-431,6,431,CR 65  CL 103 E,6.2990491,-75.56675705,CASTILLA,50,49,False
7007,S-431,7,431,CR 65  CL 103 E,6.2990491,-75.56675705,CASTILLA,50,47,False
7008,S-431,8,431,CR 65  CL 103 E,6.2990491,-75.56675705,CASTILLA,50,76,True
7009,S-431,9,431,CR 65  CL 103 E,6.2990491,-75.56675705,CASTILLA,50,47,False
7010,S-431,10,431,CR 65  CL 103 E,6.2990491,-75.56675705,CASTILLA,50,31,False
7011,S-572,1,572,"CR 91  CL 64Peatonal via al mar, I.E. Rafael Garcia H.",6.27867624,-75.60111081,ROBLEDO,50,39,False
7012,S-572,2,572,"CR 91  CL 64Peatonal via al mar, I.E. Rafael Garcia H.",6.27867624,-75.60111081,ROBLEDO,50,74,True
7013,S-572,3,572,"CR 91  CL 64Peatonal via al mar, I.E. Rafael Garcia H.",6.27867624,-75.60111081,ROBLEDO,50,79,True
7014,S-572,4,572,"CR 91  CL 64Peatonal via al mar, I.E. Rafael Garcia H.",6.27867624,-75.60111081,ROBLEDO,50,76,True
7015,S-572,5,572,"CR 91  CL 64Peatonal via al mar, I.E. Rafael Garcia H.",6.27867624,-75.60111081,ROBLEDO,50,41,False
7016,S-572,6,572,"CR 91  CL 64Peatonal via al mar, I.E. Rafael Garcia H.",6.27867624,-75.60111081,ROBLEDO,50,76,True
7017,S-572,7,572,"CR 91  CL 64Peatonal via al mar, I.E. Rafael Garcia H.",6.27867624,-75.60111081,ROBLEDO,50,42,False
7018,S-572,8,572,"CR 91  CL 64Peatonal via al mar, I.E. Rafael Garcia H.",6.27867624,-75.60111081,ROBLEDO,50,79,True
7019,S-572,9,572,"CR 91  CL 64Peatonal via al mar, I.E. Rafael Garcia H.",6.27867624,-75.60111081,ROBLEDO,50,76,True
7020,S-572,10,572,"CR 91  CL 64Peatonal via al mar, I.E. Rafael Garcia H.",6.27867624,-75.60111081,ROBLEDO,50,40,False
7021,S-491,1,491,CR 74 B  CL 65Peat. Monseñor Cano,6.26748301,-75.58704653,ROBLEDO,50,48,False
7022,S-491,2,491,CR 74 B  CL 65Peat. Monseñor Cano,6.26748301,-75.58704653,ROBLEDO,50,64,True
7023,S-491,3,491,CR 74 B  CL 65Peat. Monseñor Cano,6.26748301,-75.58704653,ROBLEDO,50,68,True
7024,S-491,4,491,CR 74 B  CL 65Peat. Monseñor Cano,6.26748301,-75.58704653,ROBLEDO,50,55,True
7025,S-491,5,491,CR 74 B  CL 65Peat. Monseñor Cano,6.26748301,-75.58704653,ROBLEDO,50,75,True
7026,S-491,6,491,CR 74 B  CL 65Peat. Monseñor Cano,6.26748301,-75.58704653,ROBLEDO,50,43,False
7027,S-491,7,491,CR 74 B  CL 65Peat. Monseñor Cano,6.26748301,-75.58704653,ROBLEDO,50,74,True
7028,S-491,8,491,CR 74 B  CL 65Peat. Monseñor Cano,6.26748301,-75.58704653,ROBLEDO,50,73,True
7029,S-491,9,491,CR 74 B  CL 65Peat. Monseñor Cano,6.26748301,-75.58704653,ROBLEDO,50,53,True
7030,S-491,10,491,CR 74 B  CL 65Peat. Monseñor Cano,6.26748301,-75.58704653,ROBLEDO,50,70,True
7031,S-420,1,420,CR 65  CL 71ACC LA FLORIDA,6.27051592,-75.57583444,CASTILLA,50,30,False
7032,S-420,2,420,CR 65  CL 71ACC LA FLORIDA,6.27051592,-75.57583444,CASTILLA,50,80,True
7033,S-420,3,420,CR 65  CL 71ACC LA FLORIDA,6.27051592,-75.57583444,CASTILLA,50,72,True
7034,S-420,4,420,CR 65  CL 71ACC LA FLORIDA,6.27051592,-75.57583444,CASTILLA,50,51,True
7035,S-420,5,420,CR 65  CL 71ACC LA FLORIDA,6.27051592,-75.57583444,CASTILLA,50,52,True
7036,S-420,6,420,CR 65  CL 71ACC LA FLORIDA,6.27051592,-75.57583444,CASTILLA,50,48,False
7037,S-420,7,420,CR 65  CL 71ACC LA FLORIDA,6.27051592,-75.57583444,CASTILLA,50,47,False
7038,S-420,8,420,CR 65  CL 71ACC LA FLORIDA,6.27051592,-75.57583444,CASTILLA,50,41,False
7039,S-420,9,420,CR 65  CL 71ACC LA FLORIDA,6.27051592,-75.57583444,CASTILLA,50,57,True
7040,S-420,10,420,CR 65  CL 71ACC LA FLORIDA,6.27051592,-75.57583444,CASTILLA,50,57,True
7041,S-732,1,732,CR 45 x CL 45,6.24459712,-75.56655986,LA CANDELARIA,50,62,True
7042,S-732,2,732,CR 45 x CL 45,6.24459712,-75.56655986,LA CANDELARIA,50,48,False
7043,S-732,3,732,CR 45 x CL 45,6.24459712,-75.56655986,LA CANDELARIA,50,57,True
7044,S-732,4,732,CR 45 x CL 45,6.24459712,-75.56655986,LA CANDELARIA,50,78,True
7045,S-732,5,732,CR 45 x CL 45,6.24459712,-75.56655986,LA CANDELARIA,50,66,True
7046,S-732,6,732,CR 45 x CL 45,6.24459712,-75.56655986,LA CANDELARIA,50,55,True
7047,S-732,7,732,CR 45 x CL 45,6.24459712,-75.56655986,LA CANDELARIA,50,64,True
7048,S-732,8,732,CR 45 x CL 45,6.24459712,-75.56655986,LA CANDELARIA,50,63,True
7049,S-732,9,732,CR 45 x CL 45,6.24459712,-75.56655986,LA CANDELARIA,50,64,True
7050,S-732,10,732,CR 45 x CL 45,6.24459712,-75.56655986,LA CANDELARIA,50,69,True
7051,S-733,1,733,CR 36 CL 11 B,6.21244648,-75.56451691,EL POBLADO,50,45,False
7052,S-733,2,733,CR 36 CL 11 B,6.21244648,-75.56451691,EL POBLADO,50,67,True
7053,S-733,3,733,CR 36 CL 11 B,6.21244648,-75.56451691,EL POBLADO,50,42,False
7054,S-733,4,733,CR 36 CL 11 B,6.21244648,-75.56451691,EL POBLADO,50,52,True
7055,S-733,5,733,CR 36 CL 11 B,6.21244648,-75.56451691,EL POBLADO,50,51,True
7056,S-733,6,733,CR 36 CL 11 B,6.21244648,-75.56451691,EL POBLADO,50,45,False
7057,S-733,7,733,CR 36 CL 11 B,6.21244648,-75.56451691,EL POBLADO,50,57,True
7058,S-733,8,733,CR 36 CL 11 B,6.21244648,-75.56451691,EL POBLADO,50,77,True
7059,S-733,9,733,CR 36 CL 11 B,6.21244648,-75.56451691,EL POBLADO,50,64,True
7060,S-733,10,733,CR 36 CL 11 B,6.21244648,-75.56451691,EL POBLADO,50,74,True
7061,S-745,1,745,clle 27 #81 36,6.2282617,-75.60228873,BELEN,50,75,True
7062,S-745,2,745,clle 27 #81 36,6.2282617,-75.60228873,BELEN,50,37,False
7063,S-745,3,745,clle 27 #81 36,6.2282617,-75.60228873,BELEN,50,73,True
7064,S-745,4,745,clle 27 #81 36,6.2282617,-75.60228873,BELEN,50,51,True
7065,S-745,5,745,clle 27 #81 36,6.2282617,-75.60228873,BELEN,50,50,False
7066,S-745,6,745,clle 27 #81 36,6.2282617,-75.60228873,BELEN,50,55,True
7067,S-745,7,745,clle 27 #81 36,6.2282617,-75.60228873,BELEN,50,69,True
7068,S-745,8,745,clle 27 #81 36,6.2282617,-75.60228873,BELEN,50,50,False
7069,S-745,9,745,clle 27 #81 36,6.2282617,-75.60228873,BELEN,50,54,True
7070,S-745,10,745,clle 27 #81 36,6.2282617,-75.60228873,BELEN,50,70,True
7071,S-753,1,753,CR 80 CL 50 NORTE,6.26403984,-75.59654156,LAURELES,50,30,False
7072,S-753,2,753,CR 80 CL 50 NORTE,6.26403984,-75.59654156,LAURELES,50,35,False
7073,S-753,3,753,CR 80 CL 50 NORTE,6.26403984,-75.59654156,LAURELES,50,52,True
7074,S-753,4,753,CR 80 CL 50 NORTE,6.26403984,-75.59654156,LAURELES,50,80,True
7075,S-753,5,753,CR 80 CL 50 NORTE,6.26403984,-75.59654156,LAURELES,50,52,True
7076,S-753,6,753,CR 80 CL 50 NORTE,6.26403984,-75.59654156,LAURELES,50,72,True
7077,S-753,7,753,CR 80 CL 50 NORTE,6.26403984,-75.59654156,LAURELES,50,72,True
7078,S-753,8,753,CR 80 CL 50 NORTE,6.26403984,-75.59654156,LAURELES,50,52,True
7079,S-753,9,753,CR 80 CL 50 NORTE,6.26403984,-75.59654156,LAURELES,50,61,True
7080,S-753,10,753,CR 80 CL 50 NORTE,6.26403984,-75.59654156,LAURELES,50,59,True
7081,S-754,1,754,CR 80 CL 50 ORIENTE,6.26339595,-75.59625992,LA AMERICA,50,42,False
7082,S-754,2,754,CR 80 CL 50 ORIENTE,6.26339595,-75.59625992,LA AMERICA,50,72,True
7083,S-754,3,754,CR 80 CL 50 ORIENTE,6.26339595,-75.59625992,LA AMERICA,50,47,False
7084,S-754,4,754,CR 80 CL 50 ORIENTE,6.26339595,-75.59625992,LA AMERICA,50,52,True
7085,S-754,5,754,CR 80 CL 50 ORIENTE,6.26339595,-75.59625992,LA AMERICA,50,44,False
7086,S-754,6,754,CR 80 CL 50 ORIENTE,6.26339595,-75.59625992,LA AMERICA,50,62,True
7087,S-754,7,754,CR 80 CL 50 ORIENTE,6.26339595,-75.59625992,LA AMERICA,50,50,False
7088,S-754,8,754,CR 80 CL 50 ORIENTE,6.26339595,-75.59625992,LA AMERICA,50,68,True
7089,S-754,9,754,CR 80 CL 50 ORIENTE,6.26339595,-75.59625992,LA AMERICA,50,52,True
7090,S-754,10,754,CR 80 CL 50 ORIENTE,6.26339595,-75.59625992,LA AMERICA,50,56,True
7091,S-755,1,755,CR 79 CL 50 NORTE,6.26323727,-75.59580572,LAURELES,50,74,True
7092,S-755,2,755,CR 79 CL 50 NORTE,6.26323727,-75.59580572,LAURELES,50,73,True
7093,S-755,3,755,CR 79 CL 50 NORTE,6.26323727,-75.59580572,LAURELES,50,47,False
7094,S-755,4,755,CR 79 CL 50 NORTE,6.26323727,-75.59580572,LAURELES,50,53,True
7095,S-755,5,755,CR 79 CL 50 NORTE,6.26323727,-75.59580572,LAURELES,50,80,True
7096,S-755,6,755,CR 79 CL 50 NORTE,6.26323727,-75.59580572,LAURELES,50,76,True
7097,S-755,7,755,CR 79 CL 50 NORTE,6.26323727,-75.59580572,LAURELES,50,69,True
7098,S-755,8,755,CR 79 CL 50 NORTE,6.26323727,-75.59580572,LAURELES,50,80,True
7099,S-755,9,755,CR 79 CL 50 NORTE,6.26323727,-75.59580572,LAURELES,50,71,True
7100,S-755,10,755,CR 79 CL 50 NORTE,6.26323727,-75.59580572,LAURELES,50,36,False
7101,S-756,1,756,CR 79 CL 50 SUR,6.26301634,-75.5959088,LAURELES,50,79,True
7102,S-756,2,756,CR 79 CL 50 SUR,6.26301634,-75.5959088,LAURELES,50,77,True
7103,S-756,3,756,CR 79 CL 50 SUR,6.26301634,-75.5959088,LAURELES,50,49,False
7104,S-756,4,756,CR 79 CL 50 SUR,6.26301634,-75.5959088,LAURELES,50,56,True
7105,S-756,5,756,CR 79 CL 50 SUR,6.26301634,-75.5959088,LAURELES,50,35,False
7106,S-756,6,756,CR 79 CL 50 SUR,6.26301634,-75.5959088,LAURELES,50,56,True
7107,S-756,7,756,CR 79 CL 50 SUR,6.26301634,-75.5959088,LAURELES,50,38,False
7108,S-756,8,756,CR 79 CL 50 SUR,6.26301634,-75.5959088,LAURELES,50,74,True
7109,S-756,9,756,CR 79 CL 50 SUR,6.26301634,-75.5959088,LAURELES,50,60,True
7110,S-756,10,756,CR 79 CL 50 SUR,6.26301634,-75.5959088,LAURELES,50,50,False
7111,S-757,1,757,CR 77 B CL 50,6.2619232,-75.59333522,LAURELES,50,55,True
7112,S-757,2,757,CR 77 B CL 50,6.2619232,-75.59333522,LAURELES,50,69,True
7113,S-757,3,757,CR 77 B CL 50,6.2619232,-75.59333522,LAURELES,50,77,True
7114,S-757,4,757,CR 77 B CL 50,6.2619232,-75.59333522,LAURELES,50,74,True
7115,S-757,5,757,CR 77 B CL 50,6.2619232,-75.59333522,LAURELES,50,42,False
7116,S-757,6,757,CR 77 B CL 50,6.2619232,-75.59333522,LAURELES,50,78,True
7117,S-757,7,757,CR 77 B CL 50,6.2619232,-75.59333522,LAURELES,50,52,True
7118,S-757,8,757,CR 77 B CL 50,6.2619232,-75.59333522,LAURELES,50,49,False
7119,S-757,9,757,CR 77 B CL 50,6.2619232,-75.59333522,LAURELES,50,66,True
7120,S-757,10,757,CR 77 B CL 50,6.2619232,-75.59333522,LAURELES,50,57,True
7121,S-758,1,758,CR 75 CL 44,6.24990464,-75.594572,LAURELES,50,46,False
7122,S-758,2,758,CR 75 CL 44,6.24990464,-75.594572,LAURELES,50,57,True
7123,S-758,3,758,CR 75 CL 44,6.24990464,-75.594572,LAURELES,50,70,True
7124,S-758,4,758,CR 75 CL 44,6.24990464,-75.594572,LAURELES,50,31,False
7125,S-758,5,758,CR 75 CL 44,6.24990464,-75.594572,LAURELES,50,54,True
7126,S-758,6,758,CR 75 CL 44,6.24990464,-75.594572,LAURELES,50,79,True
7127,S-758,7,758,CR 75 CL 44,6.24990464,-75.594572,LAURELES,50,70,True
7128,S-758,8,758,CR 75 CL 44,6.24990464,-75.594572,LAURELES,50,35,False
7129,S-758,9,758,CR 75 CL 44,6.24990464,-75.594572,LAURELES,50,40,False
7130,S-758,10,758,CR 75 CL 44,6.24990464,-75.594572,LAURELES,50,67,True
7131,S-764,1,764,DG 74A TV 39CA,6.24501441,-75.5952062,LAURELES,50,35,False
7132,S-764,2,764,DG 74A TV 39CA,6.24501441,-75.5952062,LAURELES,50,74,True
7133,S-764,3,764,DG 74A TV 39CA,6.24501441,-75.5952062,LAURELES,50,40,False
7134,S-764,4,764,DG 74A TV 39CA,6.24501441,-75.5952062,LAURELES,50,43,False
7135,S-764,5,764,DG 74A TV 39CA,6.24501441,-75.5952062,LAURELES,50,31,False
7136,S-764,6,764,DG 74A TV 39CA,6.24501441,-75.5952062,LAURELES,50,69,True
7137,S-764,7,764,DG 74A TV 39CA,6.24501441,-75.5952062,LAURELES,50,32,False
7138,S-764,8,764,DG 74A TV 39CA,6.24501441,-75.5952062,LAURELES,50,64,True
7139,S-764,9,764,DG 74A TV 39CA,6.24501441,-75.5952062,LAURELES,50,62,True
7140,S-764,10,764,DG 74A TV 39CA,6.24501441,-75.5952062,LAURELES,50,53,True
7141,S-766,1,766,DG 74A CR 76,6.2467395,-75.59673506,LAURELES,50,48,False
7142,S-766,2,766,DG 74A CR 76,6.2467395,-75.59673506,LAURELES,50,47,False
7143,S-766,3,766,DG 74A CR 76,6.2467395,-75.59673506,LAURELES,50,78,True
7144,S-766,4,766,DG 74A CR 76,6.2467395,-75.59673506,LAURELES,50,53,True
7145,S-766,5,766,DG 74A CR 76,6.2467395,-75.59673506,LAURELES,50,74,True
7146,S-766,6,766,DG 74A CR 76,6.2467395,-75.59673506,LAURELES,50,64,True
7147,S-766,7,766,DG 74A CR 76,6.2467395,-75.59673506,LAURELES,50,30,False
7148,S-766,8,766,DG 74A CR 76,6.2467395,-75.59673506,LAURELES,50,65,True
7149,S-766,9,766,DG 74A CR 76,6.2467395,-75.59673506,LAURELES,50,54,True
7150,S-766,10,766,DG 74A CR 76,6.2467395,-75.59673506,LAURELES,50,74,True
